granule_id,product_id,category,observation_time,latitude,longitude,value,secondary_value,unit,state,district
3SIMG_12SEP2026_0830_L2G_AOD_V01R00,3SIMG_L2G_AOD,environment,2026-09-12 08:30:00+00:00,35.75,74.65,1.387,,Optical Thickness,,
3SIMG_12SEP2026_0830_L2G_AOD_V01R00,3SIMG_L2G_AOD,environment,2026-09-12 08:30:00+00:00,35.55,73.75,0.894,,Optical Thickness,,
3SIMG_12SEP2026_0830_L2G_AOD_V01R00,3SIMG_L2G_AOD,environment,2026-09-12 08:30:00+00:00,35.55,73.85,0.905,,Optical Thickness,,
3SIMG_12SEP2026_0830_L2G_AOD_V01R00,3SIMG_L2G_AOD,environment,2026-09-12 08:30:00+00:00,35.55,73.95,0.897,,Optical Thickness,,
3SIMG_12SEP2026_0830_L2G_AOD_V01R00,3SIMG_L2G_AOD,environment,2026-09-12 08:30:00+00:00,35.45,74.25,1.019,,Optical Thickness,,
3SIMG_12SEP2026_0830_L2G_AOD_V01R00,3SIMG_L2G_AOD,environment,2026-09-12 08:30:00+00:00,35.45,74.35,0.974,,Optical Thickness,,
3SIMG_12SEP2026_0830_L2G_AOD_V01R00,3SIMG_L2G_AOD,environment,2026-09-12 08:30:00+00:00,35.45,74.45,1.055,,Optical Thickness,,
3SIMG_12SEP2026_0830_L2G_AOD_V01R00,3SIMG_L2G_AOD,environment,2026-09-12 08:30:00+00:00,34.55,73.45,0.418,,Optical Thickness,,
3SIMG_12SEP2026_0830_L2G_AOD_V01R00,3SIMG_L2G_AOD,environment,2026-09-12 08:30:00+00:00,34.55,74.25,0.65,,Optical Thickness,,
3SIMG_12SEP2026_0830_L2G_AOD_V01R00,3SIMG_L2G_AOD,environment,2026-09-12 08:30:00+00:00,34.55,74.35,0.718,,Optical Thickness,,
3SIMG_12SEP2026_0830_L2G_AOD_V01R00,3SIMG_L2G_AOD,environment,2026-09-12 08:30:00+00:00,34.55,74.45,0.907,,Optical Thickness,,
3SIMG_12SEP2026_0830_L2G_AOD_V01R00,3SIMG_L2G_AOD,environment,2026-09-12 08:30:00+00:00,34.45,73.45,0.438,,Optical Thickness,,
3SIMG_12SEP2026_0830_L2G_AOD_V01R00,3SIMG_L2G_AOD,environment,2026-09-12 08:30:00+00:00,34.45,73.55,0.483,,Optical Thickness,,
3SIMG_12SEP2026_0830_L2G_AOD_V01R00,3SIMG_L2G_AOD,environment,2026-09-12 08:30:00+00:00,34.45,73.65,0.517,,Optical Thickness,,
3SIMG_12SEP2026_0830_L2G_AOD_V01R00,3SIMG_L2G_AOD,environment,2026-09-12 08:30:00+00:00,34.45,73.75,0.626,,Optical Thickness,,
3SIMG_12SEP2026_0830_L2G_AOD_V01R00,3SIMG_L2G_AOD,environment,2026-09-12 08:30:00+00:00,34.45,74.35,0.718,,Optical Thickness,,
3SIMG_12SEP2026_0830_L2G_AOD_V01R00,3SIMG_L2G_AOD,environment,2026-09-12 08:30:00+00:00,34.45,74.45,0.718,,Optical Thickness,,
3SIMG_12SEP2026_0830_L2G_AOD_V01R00,3SIMG_L2G_AOD,environment,2026-09-12 08:30:00+00:00,34.45,74.55,0.744,,Optical Thickness,,
3SIMG_12SEP2026_0830_L2G_AOD_V01R00,3SIMG_L2G_AOD,environment,2026-09-12 08:30:00+00:00,34.45,74.75,0.799,,Optical Thickness,,
3SIMG_12SEP2026_0830_L2G_AOD_V01R00,3SIMG_L2G_AOD,environment,2026-09-12 08:30:00+00:00,34.45,76.05,1.041,,Optical Thickness,,
3SIMG_12SEP2026_0830_L2G_AOD_V01R00,3SIMG_L2G_AOD,environment,2026-09-12 08:30:00+00:00,34.35,73.45,0.433,,Optical Thickness,,
3SIMG_12SEP2026_0830_L2G_AOD_V01R00,3SIMG_L2G_AOD,environment,2026-09-12 08:30:00+00:00,34.35,73.55,0.459,,Optical Thickness,,
3SIMG_12SEP2026_0830_L2G_AOD_V01R00,3SIMG_L2G_AOD,environment,2026-09-12 08:30:00+00:00,34.35,73.65,0.515,,Optical Thickness,,
3SIMG_12SEP2026_0830_L2G_AOD_V01R00,3SIMG_L2G_AOD,environment,2026-09-12 08:30:00+00:00,34.35,74.35,0.669,,Optical Thickness,,
3SIMG_12SEP2026_0830_L2G_AOD_V01R00,3SIMG_L2G_AOD,environment,2026-09-12 08:30:00+00:00,34.35,74.45,0.718,,Optical Thickness,,
3SIMG_12SEP2026_0830_L2G_AOD_V01R00,3SIMG_L2G_AOD,environment,2026-09-12 08:30:00+00:00,34.35,74.55,0.735,,Optical Thickness,,
3SIMG_12SEP2026_0830_L2G_AOD_V01R00,3SIMG_L2G_AOD,environment,2026-09-12 08:30:00+00:00,34.35,74.65,0.749,,Optical Thickness,,
3SIMG_12SEP2026_0830_L2G_AOD_V01R00,3SIMG_L2G_AOD,environment,2026-09-12 08:30:00+00:00,34.35,74.75,0.799,,Optical Thickness,,
3SIMG_12SEP2026_0830_L2G_AOD_V01R00,3SIMG_L2G_AOD,environment,2026-09-12 08:30:00+00:00,34.25,73.55,0.408,,Optical Thickness,,
3SIMG_12SEP2026_0830_L2G_AOD_V01R00,3SIMG_L2G_AOD,environment,2026-09-12 08:30:00+00:00,34.25,73.65,0.422,,Optical Thickness,,
3SIMG_12SEP2026_0830_L2G_AOD_V01R00,3SIMG_L2G_AOD,environment,2026-09-12 08:30:00+00:00,34.25,73.75,0.395,,Optical Thickness,,
3SIMG_12SEP2026_0830_L2G_AOD_V01R00,3SIMG_L2G_AOD,environment,2026-09-12 08:30:00+00:00,34.25,73.95,0.644,,Optical Thickness,,
3SIMG_12SEP2026_0830_L2G_AOD_V01R00,3SIMG_L2G_AOD,environment,2026-09-12 08:30:00+00:00,34.25,74.35,0.669,,Optical Thickness,,
3SIMG_12SEP2026_0830_L2G_AOD_V01R00,3SIMG_L2G_AOD,environment,2026-09-12 08:30:00+00:00,34.25,74.45,0.707,,Optical Thickness,,
3SIMG_12SEP2026_0830_L2G_AOD_V01R00,3SIMG_L2G_AOD,environment,2026-09-12 08:30:00+00:00,34.25,74.55,0.727,,Optical Thickness,,
3SIMG_12SEP2026_0830_L2G_AOD_V01R00,3SIMG_L2G_AOD,environment,2026-09-12 08:30:00+00:00,34.25,74.65,0.779,,Optical Thickness,,
3SIMG_12SEP2026_0830_L2G_AOD_V01R00,3SIMG_L2G_AOD,environment,2026-09-12 08:30:00+00:00,34.25,74.75,0.81,,Optical Thickness,,
3SIMG_12SEP2026_0830_L2G_AOD_V01R00,3SIMG_L2G_AOD,environment,2026-09-12 08:30:00+00:00,34.25,74.85,0.88,,Optical Thickness,,
3SIMG_12SEP2026_0830_L2G_AOD_V01R00,3SIMG_L2G_AOD,environment,2026-09-12 08:30:00+00:00,34.15,73.65,0.37,,Optical Thickness,,
3SIMG_12SEP2026_0830_L2G_AOD_V01R00,3SIMG_L2G_AOD,environment,2026-09-12 08:30:00+00:00,34.15,73.75,0.363,,Optical Thickness,,
3SIMG_12SEP2026_0830_L2G_AOD_V01R00,3SIMG_L2G_AOD,environment,2026-09-12 08:30:00+00:00,34.15,73.85,0.395,,Optical Thickness,,
3SIMG_12SEP2026_0830_L2G_AOD_V01R00,3SIMG_L2G_AOD,environment,2026-09-12 08:30:00+00:00,34.15,74.35,0.652,,Optical Thickness,,
3SIMG_12SEP2026_0830_L2G_AOD_V01R00,3SIMG_L2G_AOD,environment,2026-09-12 08:30:00+00:00,34.15,74.45,0.697,,Optical Thickness,,
3SIMG_12SEP2026_0830_L2G_AOD_V01R00,3SIMG_L2G_AOD,environment,2026-09-12 08:30:00+00:00,34.15,74.55,0.735,,Optical Thickness,,
3SIMG_12SEP2026_0830_L2G_AOD_V01R00,3SIMG_L2G_AOD,environment,2026-09-12 08:30:00+00:00,34.15,74.65,0.825,,Optical Thickness,,
3SIMG_12SEP2026_0830_L2G_AOD_V01R00,3SIMG_L2G_AOD,environment,2026-09-12 08:30:00+00:00,34.15,74.75,0.864,,Optical Thickness,,
3SIMG_12SEP2026_0830_L2G_AOD_V01R00,3SIMG_L2G_AOD,environment,2026-09-12 08:30:00+00:00,34.15,74.85,0.88,,Optical Thickness,,
3SIMG_12SEP2026_0830_L2G_AOD_V01R00,3SIMG_L2G_AOD,environment,2026-09-12 08:30:00+00:00,34.05,73.65,0.332,,Optical Thickness,,
3SIMG_12SEP2026_0830_L2G_AOD_V01R00,3SIMG_L2G_AOD,environment,2026-09-12 08:30:00+00:00,34.05,73.75,0.332,,Optical Thickness,,
3SIMG_12SEP2026_0830_L2G_AOD_V01R00,3SIMG_L2G_AOD,environment,2026-09-12 08:30:00+00:00,34.05,74.65,0.825,,Optical Thickness,,
3SIMG_12SEP2026_0830_L2G_AOD_V01R00,3SIMG_L2G_AOD,environment,2026-09-12 08:30:00+00:00,34.05,74.75,0.837,,Optical Thickness,,
3SIMG_12SEP2026_0830_L2G_AOD_V01R00,3SIMG_L2G_AOD,environment,2026-09-12 08:30:00+00:00,34.05,74.85,0.837,,Optical Thickness,,
3SIMG_12SEP2026_0830_L2G_AOD_V01R00,3SIMG_L2G_AOD,environment,2026-09-12 08:30:00+00:00,34.05,74.95,0.866,,Optical Thickness,,
3SIMG_12SEP2026_0830_L2G_AOD_V01R00,3SIMG_L2G_AOD,environment,2026-09-12 08:30:00+00:00,33.95,73.65,0.336,,Optical Thickness,,
3SIMG_12SEP2026_0830_L2G_AOD_V01R00,3SIMG_L2G_AOD,environment,2026-09-12 08:30:00+00:00,33.95,73.75,0.28,,Optical Thickness,,
3SIMG_12SEP2026_0830_L2G_AOD_V01R00,3SIMG_L2G_AOD,environment,2026-09-12 08:30:00+00:00,33.95,73.85,0.28,,Optical Thickness,,
3SIMG_12SEP2026_0830_L2G_AOD_V01R00,3SIMG_L2G_AOD,environment,2026-09-12 08:30:00+00:00,33.95,74.75,0.847,,Optical Thickness,,
3SIMG_12SEP2026_0830_L2G_AOD_V01R00,3SIMG_L2G_AOD,environment,2026-09-12 08:30:00+00:00,33.95,74.85,0.845,,Optical Thickness,,
3SIMG_12SEP2026_0830_L2G_AOD_V01R00,3SIMG_L2G_AOD,environment,2026-09-12 08:30:00+00:00,33.95,74.95,0.866,,Optical Thickness,,
3SIMG_12SEP2026_0830_L2G_AOD_V01R00,3SIMG_L2G_AOD,environment,2026-09-12 08:30:00+00:00,33.95,75.05,0.937,,Optical Thickness,,
3SIMG_12SEP2026_0830_L2G_AOD_V01R00,3SIMG_L2G_AOD,environment,2026-09-12 08:30:00+00:00,33.85,73.65,0.107,,Optical Thickness,,
3SIMG_12SEP2026_0830_L2G_AOD_V01R00,3SIMG_L2G_AOD,environment,2026-09-12 08:30:00+00:00,33.85,73.75,0.105,,Optical Thickness,,
3SIMG_12SEP2026_0830_L2G_AOD_V01R00,3SIMG_L2G_AOD,environment,2026-09-12 08:30:00+00:00,33.85,73.85,0.085,,Optical Thickness,,
3SIMG_12SEP2026_0830_L2G_AOD_V01R00,3SIMG_L2G_AOD,environment,2026-09-12 08:30:00+00:00,33.85,74.05,0.611,,Optical Thickness,,
3SIMG_12SEP2026_0830_L2G_AOD_V01R00,3SIMG_L2G_AOD,environment,2026-09-12 08:30:00+00:00,33.85,74.15,0.611,,Optical Thickness,,
3SIMG_12SEP2026_0830_L2G_AOD_V01R00,3SIMG_L2G_AOD,environment,2026-09-12 08:30:00+00:00,33.85,74.25,0.611,,Optical Thickness,,
3SIMG_12SEP2026_0830_L2G_AOD_V01R00,3SIMG_L2G_AOD,environment,2026-09-12 08:30:00+00:00,33.85,74.85,0.781,,Optical Thickness,,
3SIMG_12SEP2026_0830_L2G_AOD_V01R00,3SIMG_L2G_AOD,environment,2026-09-12 08:30:00+00:00,33.85,74.95,0.781,,Optical Thickness,,
3SIMG_12SEP2026_0830_L2G_AOD_V01R00,3SIMG_L2G_AOD,environment,2026-09-12 08:30:00+00:00,33.85,75.05,0.831,,Optical Thickness,,
3SIMG_12SEP2026_0830_L2G_AOD_V01R00,3SIMG_L2G_AOD,environment,2026-09-12 08:30:00+00:00,33.85,75.15,0.879,,Optical Thickness,,
3SIMG_12SEP2026_0830_L2G_AOD_V01R00,3SIMG_L2G_AOD,environment,2026-09-12 08:30:00+00:00,33.75,73.65,0.445,,Optical Thickness,,
3SIMG_12SEP2026_0830_L2G_AOD_V01R00,3SIMG_L2G_AOD,environment,2026-09-12 08:30:00+00:00,33.75,73.75,0.349,,Optical Thickness,,
3SIMG_12SEP2026_0830_L2G_AOD_V01R00,3SIMG_L2G_AOD,environment,2026-09-12 08:30:00+00:00,33.75,73.85,0.107,,Optical Thickness,,
3SIMG_12SEP2026_0830_L2G_AOD_V01R00,3SIMG_L2G_AOD,environment,2026-09-12 08:30:00+00:00,33.75,73.95,0.477,,Optical Thickness,,
3SIMG_12SEP2026_0830_L2G_AOD_V01R00,3SIMG_L2G_AOD,environment,2026-09-12 08:30:00+00:00,33.75,74.05,0.566,,Optical Thickness,,
3SIMG_12SEP2026_0830_L2G_AOD_V01R00,3SIMG_L2G_AOD,environment,2026-09-12 08:30:00+00:00,33.75,74.15,0.566,,Optical Thickness,,
3SIMG_12SEP2026_0830_L2G_AOD_V01R00,3SIMG_L2G_AOD,environment,2026-09-12 08:30:00+00:00,33.75,74.25,0.637,,Optical Thickness,,
3SIMG_12SEP2026_0830_L2G_AOD_V01R00,3SIMG_L2G_AOD,environment,2026-09-12 08:30:00+00:00,33.75,75.05,0.831,,Optical Thickness,,
3SIMG_12SEP2026_0830_L2G_AOD_V01R00,3SIMG_L2G_AOD,environment,2026-09-12 08:30:00+00:00,33.75,75.15,1.153,,Optical Thickness,,
3SIMG_12SEP2026_0830_L2G_AOD_V01R00,3SIMG_L2G_AOD,environment,2026-09-12 08:30:00+00:00,33.65,73.65,0.644,,Optical Thickness,,
3SIMG_12SEP2026_0830_L2G_AOD_V01R00,3SIMG_L2G_AOD,environment,2026-09-12 08:30:00+00:00,33.65,73.75,0.571,,Optical Thickness,,
3SIMG_12SEP2026_0830_L2G_AOD_V01R00,3SIMG_L2G_AOD,environment,2026-09-12 08:30:00+00:00,33.65,73.85,0.441,,Optical Thickness,,
3SIMG_12SEP2026_0830_L2G_AOD_V01R00,3SIMG_L2G_AOD,environment,2026-09-12 08:30:00+00:00,33.65,73.95,0.489,,Optical Thickness,,
3SIMG_12SEP2026_0830_L2G_AOD_V01R00,3SIMG_L2G_AOD,environment,2026-09-12 08:30:00+00:00,33.65,74.05,0.501,,Optical Thickness,,
3SIMG_12SEP2026_0830_L2G_AOD_V01R00,3SIMG_L2G_AOD,environment,2026-09-12 08:30:00+00:00,33.65,74.15,0.501,,Optical Thickness,,
3SIMG_12SEP2026_0830_L2G_AOD_V01R00,3SIMG_L2G_AOD,environment,2026-09-12 08:30:00+00:00,33.65,74.25,0.521,,Optical Thickness,,
3SIMG_12SEP2026_0830_L2G_AOD_V01R00,3SIMG_L2G_AOD,environment,2026-09-12 08:30:00+00:00,33.65,74.35,0.663,,Optical Thickness,,
3SIMG_12SEP2026_0830_L2G_AOD_V01R00,3SIMG_L2G_AOD,environment,2026-09-12 08:30:00+00:00,33.55,73.65,0.658,,Optical Thickness,,
3SIMG_12SEP2026_0830_L2G_AOD_V01R00,3SIMG_L2G_AOD,environment,2026-09-12 08:30:00+00:00,33.55,73.75,0.588,,Optical Thickness,,
3SIMG_12SEP2026_0830_L2G_AOD_V01R00,3SIMG_L2G_AOD,environment,2026-09-12 08:30:00+00:00,33.55,73.85,0.576,,Optical Thickness,,
3SIMG_12SEP2026_0830_L2G_AOD_V01R00,3SIMG_L2G_AOD,environment,2026-09-12 08:30:00+00:00,33.55,73.95,0.489,,Optical Thickness,,
3SIMG_12SEP2026_0830_L2G_AOD_V01R00,3SIMG_L2G_AOD,environment,2026-09-12 08:30:00+00:00,33.55,74.05,0.489,,Optical Thickness,,
3SIMG_12SEP2026_0830_L2G_AOD_V01R00,3SIMG_L2G_AOD,environment,2026-09-12 08:30:00+00:00,33.55,74.15,0.489,,Optical Thickness,,
3SIMG_12SEP2026_0830_L2G_AOD_V01R00,3SIMG_L2G_AOD,environment,2026-09-12 08:30:00+00:00,33.55,74.25,0.477,,Optical Thickness,,
3SIMG_12SEP2026_0830_L2G_AOD_V01R00,3SIMG_L2G_AOD,environment,2026-09-12 08:30:00+00:00,33.45,73.65,0.678,,Optical Thickness,,
3SIMG_12SEP2026_0830_L2G_AOD_V01R00,3SIMG_L2G_AOD,environment,2026-09-12 08:30:00+00:00,33.45,73.75,0.64,,Optical Thickness,,
3SIMG_12SEP2026_0830_L2G_AOD_V01R00,3SIMG_L2G_AOD,environment,2026-09-12 08:30:00+00:00,33.45,73.85,0.61,,Optical Thickness,,
3SIMG_12SEP2026_0830_L2G_AOD_V01R00,3SIMG_L2G_AOD,environment,2026-09-12 08:30:00+00:00,33.45,73.95,0.552,,Optical Thickness,,
3SIMG_12SEP2026_0830_L2G_AOD_V01R00,3SIMG_L2G_AOD,environment,2026-09-12 08:30:00+00:00,33.45,74.05,0.556,,Optical Thickness,,
3SIMG_12SEP2026_0830_L2G_AOD_V01R00,3SIMG_L2G_AOD,environment,2026-09-12 08:30:00+00:00,33.45,74.15,0.556,,Optical Thickness,,
3SIMG_12SEP2026_0830_L2G_AOD_V01R00,3SIMG_L2G_AOD,environment,2026-09-12 08:30:00+00:00,33.45,74.25,0.532,,Optical Thickness,,
3SIMG_12SEP2026_0830_L2G_AOD_V01R00,3SIMG_L2G_AOD,environment,2026-09-12 08:30:00+00:00,33.35,73.65,0.763,,Optical Thickness,,
3SIMG_12SEP2026_0830_L2G_AOD_V01R00,3SIMG_L2G_AOD,environment,2026-09-12 08:30:00+00:00,33.35,73.75,0.74,,Optical Thickness,,
3SIMG_12SEP2026_0830_L2G_AOD_V01R00,3SIMG_L2G_AOD,environment,2026-09-12 08:30:00+00:00,33.35,73.85,0.702,,Optical Thickness,,
3SIMG_12SEP2026_0830_L2G_AOD_V01R00,3SIMG_L2G_AOD,environment,2026-09-12 08:30:00+00:00,33.35,73.95,0.635,,Optical Thickness,,
3SIMG_12SEP2026_0830_L2G_AOD_V01R00,3SIMG_L2G_AOD,environment,2026-09-12 08:30:00+00:00,33.35,74.05,0.595,,Optical Thickness,,
3SIMG_12SEP2026_0830_L2G_AOD_V01R00,3SIMG_L2G_AOD,environment,2026-09-12 08:30:00+00:00,33.35,74.15,0.595,,Optical Thickness,,
3SIMG_12SEP2026_0830_L2G_AOD_V01R00,3SIMG_L2G_AOD,environment,2026-09-12 08:30:00+00:00,33.35,74.25,0.867,,Optical Thickness,,
3SIMG_12SEP2026_0830_L2G_AOD_V01R00,3SIMG_L2G_AOD,environment,2026-09-12 08:30:00+00:00,33.35,74.45,1.413,,Optical Thickness,,
3SIMG_12SEP2026_0830_L2G_AOD_V01R00,3SIMG_L2G_AOD,environment,2026-09-12 08:30:00+00:00,33.25,73.65,0.786,,Optical Thickness,,
3SIMG_12SEP2026_0830_L2G_AOD_V01R00,3SIMG_L2G_AOD,environment,2026-09-12 08:30:00+00:00,33.25,73.75,0.794,,Optical Thickness,,
3SIMG_12SEP2026_0830_L2G_AOD_V01R00,3SIMG_L2G_AOD,environment,2026-09-12 08:30:00+00:00,33.25,73.85,0.79,,Optical Thickness,,
3SIMG_12SEP2026_0830_L2G_AOD_V01R00,3SIMG_L2G_AOD,environment,2026-09-12 08:30:00+00:00,33.25,73.95,0.841,,Optical Thickness,,
3SIMG_12SEP2026_0830_L2G_AOD_V01R00,3SIMG_L2G_AOD,environment,2026-09-12 08:30:00+00:00,33.25,74.05,0.905,,Optical Thickness,,
3SIMG_12SEP2026_0830_L2G_AOD_V01R00,3SIMG_L2G_AOD,environment,2026-09-12 08:30:00+00:00,33.25,74.15,0.905,,Optical Thickness,,
3SIMG_12SEP2026_0830_L2G_AOD_V01R00,3SIMG_L2G_AOD,environment,2026-09-12 08:30:00+00:00,33.25,74.35,1.046,,Optical Thickness,,
3SIMG_12SEP2026_0830_L2G_AOD_V01R00,3SIMG_L2G_AOD,environment,2026-09-12 08:30:00+00:00,33.25,74.45,1.017,,Optical Thickness,,
3SIMG_12SEP2026_0830_L2G_AOD_V01R00,3SIMG_L2G_AOD,environment,2026-09-12 08:30:00+00:00,33.25,74.55,0.989,,Optical Thickness,,
3SIMG_12SEP2026_0830_L2G_AOD_V01R00,3SIMG_L2G_AOD,environment,2026-09-12 08:30:00+00:00,33.15,73.65,1.336,,Optical Thickness,,
3SIMG_12SEP2026_0830_L2G_AOD_V01R00,3SIMG_L2G_AOD,environment,2026-09-12 08:30:00+00:00,33.15,73.75,0.838,,Optical Thickness,,
3SIMG_12SEP2026_0830_L2G_AOD_V01R00,3SIMG_L2G_AOD,environment,2026-09-12 08:30:00+00:00,33.15,73.85,0.943,,Optical Thickness,,
3SIMG_12SEP2026_0830_L2G_AOD_V01R00,3SIMG_L2G_AOD,environment,2026-09-12 08:30:00+00:00,33.15,73.95,0.973,,Optical Thickness,,
3SIMG_12SEP2026_0830_L2G_AOD_V01R00,3SIMG_L2G_AOD,environment,2026-09-12 08:30:00+00:00,33.15,74.05,1.333,,Optical Thickness,,
3SIMG_12SEP2026_0830_L2G_AOD_V01R00,3SIMG_L2G_AOD,environment,2026-09-12 08:30:00+00:00,33.15,74.15,1.333,,Optical Thickness,,
3SIMG_12SEP2026_0830_L2G_AOD_V01R00,3SIMG_L2G_AOD,environment,2026-09-12 08:30:00+00:00,33.15,74.35,1.046,,Optical Thickness,,
3SIMG_12SEP2026_0830_L2G_AOD_V01R00,3SIMG_L2G_AOD,environment,2026-09-12 08:30:00+00:00,33.15,74.45,0.989,,Optical Thickness,,
3SIMG_12SEP2026_0830_L2G_AOD_V01R00,3SIMG_L2G_AOD,environment,2026-09-12 08:30:00+00:00,33.15,74.55,0.838,,Optical Thickness,,
3SIMG_12SEP2026_0830_L2G_AOD_V01R00,3SIMG_L2G_AOD,environment,2026-09-12 08:30:00+00:00,33.15,75.65,1.013,,Optical Thickness,,
3SIMG_12SEP2026_0830_L2G_AOD_V01R00,3SIMG_L2G_AOD,environment,2026-09-12 08:30:00+00:00,33.15,75.85,0.766,,Optical Thickness,,
3SIMG_12SEP2026_0830_L2G_AOD_V01R00,3SIMG_L2G_AOD,environment,2026-09-12 08:30:00+00:00,33.15,76.35,0.635,,Optical Thickness,,
3SIMG_12SEP2026_0830_L2G_AOD_V01R00,3SIMG_L2G_AOD,environment,2026-09-12 08:30:00+00:00,33.05,73.95,1.333,,Optical Thickness,,
3SIMG_12SEP2026_0830_L2G_AOD_V01R00,3SIMG_L2G_AOD,environment,2026-09-12 08:30:00+00:00,33.05,74.05,1.473,,Optical Thickness,,
3SIMG_12SEP2026_0830_L2G_AOD_V01R00,3SIMG_L2G_AOD,environment,2026-09-12 08:30:00+00:00,33.05,74.15,1.473,,Optical Thickness,,
3SIMG_12SEP2026_0830_L2G_AOD_V01R00,3SIMG_L2G_AOD,environment,2026-09-12 08:30:00+00:00,33.05,74.35,1.465,,Optical Thickness,,
3SIMG_12SEP2026_0830_L2G_AOD_V01R00,3SIMG_L2G_AOD,environment,2026-09-12 08:30:00+00:00,33.05,74.45,1.134,,Optical Thickness,,
3SIMG_12SEP2026_0830_L2G_AOD_V01R00,3SIMG_L2G_AOD,environment,2026-09-12 08:30:00+00:00,33.05,74.55,1.09,,Optical Thickness,,
3SIMG_12SEP2026_0830_L2G_AOD_V01R00,3SIMG_L2G_AOD,environment,2026-09-12 08:30:00+00:00,32.95,74.35,2.253,,Optical Thickness,,
3SIMG_12SEP2026_0830_L2G_AOD_V01R00,3SIMG_L2G_AOD,environment,2026-09-12 08:30:00+00:00,32.95,74.55,1.134,,Optical Thickness,,
3SIMG_12SEP2026_0830_L2G_AOD_V01R00,3SIMG_L2G_AOD,environment,2026-09-12 08:30:00+00:00,32.95,74.65,0.912,,Optical Thickness,,
3SIMG_12SEP2026_0830_L2G_AOD_V01R00,3SIMG_L2G_AOD,environment,2026-09-12 08:30:00+00:00,32.95,74.75,0.842,,Optical Thickness,,
3SIMG_12SEP2026_0830_L2G_AOD_V01R00,3SIMG_L2G_AOD,environment,2026-09-12 08:30:00+00:00,32.85,74.65,0.879,,Optical Thickness,,
3SIMG_12SEP2026_0830_L2G_AOD_V01R00,3SIMG_L2G_AOD,environment,2026-09-12 08:30:00+00:00,32.85,74.75,0.879,,Optical Thickness,,
3SIMG_12SEP2026_0830_L2G_AOD_V01R00,3SIMG_L2G_AOD,environment,2026-09-12 08:30:00+00:00,32.85,76.55,0.453,,Optical Thickness,,
3SIMG_12SEP2026_0830_L2G_AOD_V01R00,3SIMG_L2G_AOD,environment,2026-09-12 08:30:00+00:00,32.75,74.75,0.923,,Optical Thickness,,
3SIMG_12SEP2026_0830_L2G_AOD_V01R00,3SIMG_L2G_AOD,environment,2026-09-12 08:30:00+00:00,32.75,74.85,1.028,,Optical Thickness,,
3SIMG_12SEP2026_0830_L2G_AOD_V01R00,3SIMG_L2G_AOD,environment,2026-09-12 08:30:00+00:00,32.65,74.75,0.958,,Optical Thickness,,
3SIMG_12SEP2026_0830_L2G_AOD_V01R00,3SIMG_L2G_AOD,environment,2026-09-12 08:30:00+00:00,32.55,74.75,0.958,,Optical Thickness,,
3SIMG_12SEP2026_0830_L2G_AOD_V01R00,3SIMG_L2G_AOD,environment,2026-09-12 08:30:00+00:00,32.55,74.85,0.953,,Optical Thickness,,
3SIMG_12SEP2026_0830_L2G_AOD_V01R00,3SIMG_L2G_AOD,environment,2026-09-12 08:30:00+00:00,32.55,75.85,0.341,,Optical Thickness,,
3SIMG_12SEP2026_0830_L2G_AOD_V01R00,3SIMG_L2G_AOD,environment,2026-09-12 08:30:00+00:00,32.45,74.95,0.953,,Optical Thickness,,
3SIMG_12SEP2026_0830_L2G_AOD_V01R00,3SIMG_L2G_AOD,environment,2026-09-12 08:30:00+00:00,32.45,75.85,0.298,,Optical Thickness,,
3SIMG_12SEP2026_0830_L2G_AOD_V01R00,3SIMG_L2G_AOD,environment,2026-09-12 08:30:00+00:00,32.25,75.45,0.751,,Optical Thickness,,
3SIMG_12SEP2026_0830_L2G_AOD_V01R00,3SIMG_L2G_AOD,environment,2026-09-12 08:30:00+00:00,32.25,75.55,0.751,,Optical Thickness,,
3SIMG_12SEP2026_0830_L2G_AOD_V01R00,3SIMG_L2G_AOD,environment,2026-09-12 08:30:00+00:00,32.25,75.85,0.71,,Optical Thickness,,
3SIMG_12SEP2026_0830_L2G_AOD_V01R00,3SIMG_L2G_AOD,environment,2026-09-12 08:30:00+00:00,32.25,76.05,1.877,,Optical Thickness,,
3SIMG_12SEP2026_0830_L2G_AOD_V01R00,3SIMG_L2G_AOD,environment,2026-09-12 08:30:00+00:00,32.15,75.45,0.812,,Optical Thickness,,
3SIMG_12SEP2026_0830_L2G_AOD_V01R00,3SIMG_L2G_AOD,environment,2026-09-12 08:30:00+00:00,32.15,75.55,0.812,,Optical Thickness,,
3SIMG_12SEP2026_0830_L2G_AOD_V01R00,3SIMG_L2G_AOD,environment,2026-09-12 08:30:00+00:00,32.15,75.65,0.923,,Optical Thickness,,
3SIMG_12SEP2026_0830_L2G_AOD_V01R00,3SIMG_L2G_AOD,environment,2026-09-12 08:30:00+00:00,32.15,75.75,0.923,,Optical Thickness,,
3SIMG_12SEP2026_0830_L2G_AOD_V01R00,3SIMG_L2G_AOD,environment,2026-09-12 08:30:00+00:00,32.15,75.85,0.641,,Optical Thickness,,
3SIMG_12SEP2026_0830_L2G_AOD_V01R00,3SIMG_L2G_AOD,environment,2026-09-12 08:30:00+00:00,32.15,75.95,0.781,,Optical Thickness,,
3SIMG_12SEP2026_0830_L2G_AOD_V01R00,3SIMG_L2G_AOD,environment,2026-09-12 08:30:00+00:00,32.15,76.05,0.781,,Optical Thickness,,
3SIMG_12SEP2026_0830_L2G_AOD_V01R00,3SIMG_L2G_AOD,environment,2026-09-12 08:30:00+00:00,32.15,76.15,0.781,,Optical Thickness,,
3SIMG_12SEP2026_0830_L2G_AOD_V01R00,3SIMG_L2G_AOD,environment,2026-09-12 08:30:00+00:00,32.05,74.95,0.955,,Optical Thickness,,
3SIMG_12SEP2026_0830_L2G_AOD_V01R00,3SIMG_L2G_AOD,environment,2026-09-12 08:30:00+00:00,32.05,75.15,0.991,,Optical Thickness,,
3SIMG_12SEP2026_0830_L2G_AOD_V01R00,3SIMG_L2G_AOD,environment,2026-09-12 08:30:00+00:00,32.05,75.25,0.937,,Optical Thickness,,
3SIMG_12SEP2026_0830_L2G_AOD_V01R00,3SIMG_L2G_AOD,environment,2026-09-12 08:30:00+00:00,32.05,75.35,0.812,,Optical Thickness,,
3SIMG_12SEP2026_0830_L2G_AOD_V01R00,3SIMG_L2G_AOD,environment,2026-09-12 08:30:00+00:00,32.05,75.45,0.937,,Optical Thickness,,
3SIMG_12SEP2026_0830_L2G_AOD_V01R00,3SIMG_L2G_AOD,environment,2026-09-12 08:30:00+00:00,32.05,75.55,0.937,,Optical Thickness,,
3SIMG_12SEP2026_0830_L2G_AOD_V01R00,3SIMG_L2G_AOD,environment,2026-09-12 08:30:00+00:00,32.05,75.65,0.923,,Optical Thickness,,
3SIMG_12SEP2026_0830_L2G_AOD_V01R00,3SIMG_L2G_AOD,environment,2026-09-12 08:30:00+00:00,32.05,75.75,0.923,,Optical Thickness,,
3SIMG_12SEP2026_0830_L2G_AOD_V01R00,3SIMG_L2G_AOD,environment,2026-09-12 08:30:00+00:00,32.05,75.95,0.659,,Optical Thickness,,
3SIMG_12SEP2026_0830_L2G_AOD_V01R00,3SIMG_L2G_AOD,environment,2026-09-12 08:30:00+00:00,32.05,76.05,0.353,,Optical Thickness,,
3SIMG_12SEP2026_0830_L2G_AOD_V01R00,3SIMG_L2G_AOD,environment,2026-09-12 08:30:00+00:00,32.05,76.15,0.353,,Optical Thickness,,
3SIMG_12SEP2026_0830_L2G_AOD_V01R00,3SIMG_L2G_AOD,environment,2026-09-12 08:30:00+00:00,31.95,74.85,0.838,,Optical Thickness,,
3SIMG_12SEP2026_0830_L2G_AOD_V01R00,3SIMG_L2G_AOD,environment,2026-09-12 08:30:00+00:00,31.95,74.95,0.955,,Optical Thickness,,
3SIMG_12SEP2026_0830_L2G_AOD_V01R00,3SIMG_L2G_AOD,environment,2026-09-12 08:30:00+00:00,31.95,75.15,0.775,,Optical Thickness,,
3SIMG_12SEP2026_0830_L2G_AOD_V01R00,3SIMG_L2G_AOD,environment,2026-09-12 08:30:00+00:00,31.95,75.25,0.882,,Optical Thickness,,
3SIMG_12SEP2026_0830_L2G_AOD_V01R00,3SIMG_L2G_AOD,environment,2026-09-12 08:30:00+00:00,31.95,75.35,0.882,,Optical Thickness,,
3SIMG_12SEP2026_0830_L2G_AOD_V01R00,3SIMG_L2G_AOD,environment,2026-09-12 08:30:00+00:00,31.95,75.45,0.798,,Optical Thickness,,
3SIMG_12SEP2026_0830_L2G_AOD_V01R00,3SIMG_L2G_AOD,environment,2026-09-12 08:30:00+00:00,31.95,75.55,0.798,,Optical Thickness,,
3SIMG_12SEP2026_0830_L2G_AOD_V01R00,3SIMG_L2G_AOD,environment,2026-09-12 08:30:00+00:00,31.95,75.85,0.659,,Optical Thickness,,
3SIMG_12SEP2026_0830_L2G_AOD_V01R00,3SIMG_L2G_AOD,environment,2026-09-12 08:30:00+00:00,31.95,76.05,0.386,,Optical Thickness,,
3SIMG_12SEP2026_0830_L2G_AOD_V01R00,3SIMG_L2G_AOD,environment,2026-09-12 08:30:00+00:00,31.95,76.15,0.386,,Optical Thickness,,
3SIMG_12SEP2026_0830_L2G_AOD_V01R00,3SIMG_L2G_AOD,environment,2026-09-12 08:30:00+00:00,31.85,74.65,0.833,,Optical Thickness,,
3SIMG_12SEP2026_0830_L2G_AOD_V01R00,3SIMG_L2G_AOD,environment,2026-09-12 08:30:00+00:00,31.85,74.75,0.957,,Optical Thickness,,
3SIMG_12SEP2026_0830_L2G_AOD_V01R00,3SIMG_L2G_AOD,environment,2026-09-12 08:30:00+00:00,31.85,75.35,0.965,,Optical Thickness,,
3SIMG_12SEP2026_0830_L2G_AOD_V01R00,3SIMG_L2G_AOD,environment,2026-09-12 08:30:00+00:00,31.85,75.45,0.965,,Optical Thickness,,
3SIMG_12SEP2026_0830_L2G_AOD_V01R00,3SIMG_L2G_AOD,environment,2026-09-12 08:30:00+00:00,31.85,75.55,0.965,,Optical Thickness,,
3SIMG_12SEP2026_0830_L2G_AOD_V01R00,3SIMG_L2G_AOD,environment,2026-09-12 08:30:00+00:00,31.85,75.65,1.176,,Optical Thickness,,
3SIMG_12SEP2026_0830_L2G_AOD_V01R00,3SIMG_L2G_AOD,environment,2026-09-12 08:30:00+00:00,31.75,74.65,0.989,,Optical Thickness,,
3SIMG_12SEP2026_0830_L2G_AOD_V01R00,3SIMG_L2G_AOD,environment,2026-09-12 08:30:00+00:00,31.75,74.75,1.041,,Optical Thickness,,
3SIMG_12SEP2026_0830_L2G_AOD_V01R00,3SIMG_L2G_AOD,environment,2026-09-12 08:30:00+00:00,31.75,75.35,1.27,,Optical Thickness,,
3SIMG_12SEP2026_0830_L2G_AOD_V01R00,3SIMG_L2G_AOD,environment,2026-09-12 08:30:00+00:00,31.75,75.45,1.119,,Optical Thickness,,
3SIMG_12SEP2026_0830_L2G_AOD_V01R00,3SIMG_L2G_AOD,environment,2026-09-12 08:30:00+00:00,31.75,75.55,1.119,,Optical Thickness,,
3SIMG_12SEP2026_0830_L2G_AOD_V01R00,3SIMG_L2G_AOD,environment,2026-09-12 08:30:00+00:00,31.75,75.65,1.119,,Optical Thickness,,
3SIMG_12SEP2026_0830_L2G_AOD_V01R00,3SIMG_L2G_AOD,environment,2026-09-12 08:30:00+00:00,31.65,74.65,0.831,,Optical Thickness,,
3SIMG_12SEP2026_0830_L2G_AOD_V01R00,3SIMG_L2G_AOD,environment,2026-09-12 08:30:00+00:00,31.65,74.75,0.891,,Optical Thickness,,
3SIMG_12SEP2026_0830_L2G_AOD_V01R00,3SIMG_L2G_AOD,environment,2026-09-12 08:30:00+00:00,31.65,75.65,1.119,,Optical Thickness,,
3SIMG_12SEP2026_0830_L2G_AOD_V01R00,3SIMG_L2G_AOD,environment,2026-09-12 08:30:00+00:00,31.65,76.05,1.296,,Optical Thickness,,
3SIMG_12SEP2026_0830_L2G_AOD_V01R00,3SIMG_L2G_AOD,environment,2026-09-12 08:30:00+00:00,31.55,74.75,0.831,,Optical Thickness,,
3SIMG_12SEP2026_0830_L2G_AOD_V01R00,3SIMG_L2G_AOD,environment,2026-09-12 08:30:00+00:00,31.55,74.85,0.951,,Optical Thickness,,
3SIMG_12SEP2026_0830_L2G_AOD_V01R00,3SIMG_L2G_AOD,environment,2026-09-12 08:30:00+00:00,31.55,75.85,1.159,,Optical Thickness,,
3SIMG_12SEP2026_0830_L2G_AOD_V01R00,3SIMG_L2G_AOD,environment,2026-09-12 08:30:00+00:00,31.55,76.45,0.439,,Optical Thickness,,
3SIMG_12SEP2026_0830_L2G_AOD_V01R00,3SIMG_L2G_AOD,environment,2026-09-12 08:30:00+00:00,31.55,76.55,0.574,,Optical Thickness,,
3SIMG_12SEP2026_0830_L2G_AOD_V01R00,3SIMG_L2G_AOD,environment,2026-09-12 08:30:00+00:00,31.45,76.45,0.387,,Optical Thickness,,
3SIMG_12SEP2026_0830_L2G_AOD_V01R00,3SIMG_L2G_AOD,environment,2026-09-12 08:30:00+00:00,31.45,76.55,0.439,,Optical Thickness,,
3SIMG_12SEP2026_0830_L2G_AOD_V01R00,3SIMG_L2G_AOD,environment,2026-09-12 08:30:00+00:00,31.45,76.75,0.319,,Optical Thickness,,
3SIMG_12SEP2026_0830_L2G_AOD_V01R00,3SIMG_L2G_AOD,environment,2026-09-12 08:30:00+00:00,31.35,74.65,0.922,,Optical Thickness,,
3SIMG_12SEP2026_0830_L2G_AOD_V01R00,3SIMG_L2G_AOD,environment,2026-09-12 08:30:00+00:00,31.35,74.75,0.845,,Optical Thickness,,
3SIMG_12SEP2026_0830_L2G_AOD_V01R00,3SIMG_L2G_AOD,environment,2026-09-12 08:30:00+00:00,31.35,76.45,0.522,,Optical Thickness,,
3SIMG_12SEP2026_0830_L2G_AOD_V01R00,3SIMG_L2G_AOD,environment,2026-09-12 08:30:00+00:00,31.35,76.55,0.398,,Optical Thickness,,
3SIMG_12SEP2026_0830_L2G_AOD_V01R00,3SIMG_L2G_AOD,environment,2026-09-12 08:30:00+00:00,31.35,76.65,0.376,,Optical Thickness,,
3SIMG_12SEP2026_0830_L2G_AOD_V01R00,3SIMG_L2G_AOD,environment,2026-09-12 08:30:00+00:00,31.25,74.65,0.845,,Optical Thickness,,
3SIMG_12SEP2026_0830_L2G_AOD_V01R00,3SIMG_L2G_AOD,environment,2026-09-12 08:30:00+00:00,31.25,74.75,0.839,,Optical Thickness,,
3SIMG_12SEP2026_0830_L2G_AOD_V01R00,3SIMG_L2G_AOD,environment,2026-09-12 08:30:00+00:00,31.25,74.85,0.834,,Optical Thickness,,
3SIMG_12SEP2026_0830_L2G_AOD_V01R00,3SIMG_L2G_AOD,environment,2026-09-12 08:30:00+00:00,31.25,74.95,1.08,,Optical Thickness,,
3SIMG_12SEP2026_0830_L2G_AOD_V01R00,3SIMG_L2G_AOD,environment,2026-09-12 08:30:00+00:00,31.25,76.05,1.282,,Optical Thickness,,
3SIMG_12SEP2026_0830_L2G_AOD_V01R00,3SIMG_L2G_AOD,environment,2026-09-12 08:30:00+00:00,31.25,76.15,0.895,,Optical Thickness,,
3SIMG_12SEP2026_0830_L2G_AOD_V01R00,3SIMG_L2G_AOD,environment,2026-09-12 08:30:00+00:00,31.25,76.55,0.398,,Optical Thickness,,
3SIMG_12SEP2026_0830_L2G_AOD_V01R00,3SIMG_L2G_AOD,environment,2026-09-12 08:30:00+00:00,31.25,76.65,0.468,,Optical Thickness,,
3SIMG_12SEP2026_0830_L2G_AOD_V01R00,3SIMG_L2G_AOD,environment,2026-09-12 08:30:00+00:00,31.15,74.65,0.845,,Optical Thickness,,
3SIMG_12SEP2026_0830_L2G_AOD_V01R00,3SIMG_L2G_AOD,environment,2026-09-12 08:30:00+00:00,31.15,74.75,0.845,,Optical Thickness,,
3SIMG_12SEP2026_0830_L2G_AOD_V01R00,3SIMG_L2G_AOD,environment,2026-09-12 08:30:00+00:00,31.15,74.85,0.898,,Optical Thickness,,
3SIMG_12SEP2026_0830_L2G_AOD_V01R00,3SIMG_L2G_AOD,environment,2026-09-12 08:30:00+00:00,31.15,74.95,0.954,,Optical Thickness,,
3SIMG_12SEP2026_0830_L2G_AOD_V01R00,3SIMG_L2G_AOD,environment,2026-09-12 08:30:00+00:00,31.15,76.05,1.569,,Optical Thickness,,
3SIMG_12SEP2026_0830_L2G_AOD_V01R00,3SIMG_L2G_AOD,environment,2026-09-12 08:30:00+00:00,31.15,76.15,0.895,,Optical Thickness,,
3SIMG_12SEP2026_0830_L2G_AOD_V01R00,3SIMG_L2G_AOD,environment,2026-09-12 08:30:00+00:00,31.15,76.25,0.664,,Optical Thickness,,
3SIMG_12SEP2026_0830_L2G_AOD_V01R00,3SIMG_L2G_AOD,environment,2026-09-12 08:30:00+00:00,31.05,74.65,0.928,,Optical Thickness,,
3SIMG_12SEP2026_0830_L2G_AOD_V01R00,3SIMG_L2G_AOD,environment,2026-09-12 08:30:00+00:00,31.05,74.75,0.879,,Optical Thickness,,
3SIMG_12SEP2026_0830_L2G_AOD_V01R00,3SIMG_L2G_AOD,environment,2026-09-12 08:30:00+00:00,31.05,74.85,0.824,,Optical Thickness,,
3SIMG_12SEP2026_0830_L2G_AOD_V01R00,3SIMG_L2G_AOD,environment,2026-09-12 08:30:00+00:00,31.05,74.95,0.819,,Optical Thickness,,
3SIMG_12SEP2026_0830_L2G_AOD_V01R00,3SIMG_L2G_AOD,environment,2026-09-12 08:30:00+00:00,31.05,75.05,0.954,,Optical Thickness,,
3SIMG_12SEP2026_0830_L2G_AOD_V01R00,3SIMG_L2G_AOD,environment,2026-09-12 08:30:00+00:00,31.05,76.25,0.668,,Optical Thickness,,
3SIMG_12SEP2026_0830_L2G_AOD_V01R00,3SIMG_L2G_AOD,environment,2026-09-12 08:30:00+00:00,31.05,76.35,0.695,,Optical Thickness,,
3SIMG_12SEP2026_0830_L2G_AOD_V01R00,3SIMG_L2G_AOD,environment,2026-09-12 08:30:00+00:00,30.95,74.65,0.868,,Optical Thickness,,
3SIMG_12SEP2026_0830_L2G_AOD_V01R00,3SIMG_L2G_AOD,environment,2026-09-12 08:30:00+00:00,30.95,74.75,0.906,,Optical Thickness,,
3SIMG_12SEP2026_0830_L2G_AOD_V01R00,3SIMG_L2G_AOD,environment,2026-09-12 08:30:00+00:00,30.95,74.85,0.83,,Optical Thickness,,
3SIMG_12SEP2026_0830_L2G_AOD_V01R00,3SIMG_L2G_AOD,environment,2026-09-12 08:30:00+00:00,30.95,74.95,0.819,,Optical Thickness,,
3SIMG_12SEP2026_0830_L2G_AOD_V01R00,3SIMG_L2G_AOD,environment,2026-09-12 08:30:00+00:00,30.95,76.25,0.743,,Optical Thickness,,
3SIMG_12SEP2026_0830_L2G_AOD_V01R00,3SIMG_L2G_AOD,environment,2026-09-12 08:30:00+00:00,30.95,76.35,0.75,,Optical Thickness,,
3SIMG_12SEP2026_0830_L2G_AOD_V01R00,3SIMG_L2G_AOD,environment,2026-09-12 08:30:00+00:00,30.95,76.45,0.805,,Optical Thickness,,
3SIMG_12SEP2026_0830_L2G_AOD_V01R00,3SIMG_L2G_AOD,environment,2026-09-12 08:30:00+00:00,30.95,76.55,1.086,,Optical Thickness,,
3SIMG_12SEP2026_0830_L2G_AOD_V01R00,3SIMG_L2G_AOD,environment,2026-09-12 08:30:00+00:00,30.85,74.55,0.806,,Optical Thickness,,
3SIMG_12SEP2026_0830_L2G_AOD_V01R00,3SIMG_L2G_AOD,environment,2026-09-12 08:30:00+00:00,30.85,74.65,0.83,,Optical Thickness,,
3SIMG_12SEP2026_0830_L2G_AOD_V01R00,3SIMG_L2G_AOD,environment,2026-09-12 08:30:00+00:00,30.85,74.75,0.83,,Optical Thickness,,
3SIMG_12SEP2026_0830_L2G_AOD_V01R00,3SIMG_L2G_AOD,environment,2026-09-12 08:30:00+00:00,30.85,74.85,0.868,,Optical Thickness,,
3SIMG_12SEP2026_0830_L2G_AOD_V01R00,3SIMG_L2G_AOD,environment,2026-09-12 08:30:00+00:00,30.85,75.25,1.031,,Optical Thickness,,
3SIMG_12SEP2026_0830_L2G_AOD_V01R00,3SIMG_L2G_AOD,environment,2026-09-12 08:30:00+00:00,30.85,75.75,1.496,,Optical Thickness,,
3SIMG_12SEP2026_0830_L2G_AOD_V01R00,3SIMG_L2G_AOD,environment,2026-09-12 08:30:00+00:00,30.85,76.15,0.939,,Optical Thickness,,
3SIMG_12SEP2026_0830_L2G_AOD_V01R00,3SIMG_L2G_AOD,environment,2026-09-12 08:30:00+00:00,30.85,76.25,0.741,,Optical Thickness,,
3SIMG_12SEP2026_0830_L2G_AOD_V01R00,3SIMG_L2G_AOD,environment,2026-09-12 08:30:00+00:00,30.85,76.35,0.743,,Optical Thickness,,
3SIMG_12SEP2026_0830_L2G_AOD_V01R00,3SIMG_L2G_AOD,environment,2026-09-12 08:30:00+00:00,30.85,76.45,0.805,,Optical Thickness,,
3SIMG_12SEP2026_0830_L2G_AOD_V01R00,3SIMG_L2G_AOD,environment,2026-09-12 08:30:00+00:00,30.75,74.45,0.813,,Optical Thickness,,
3SIMG_12SEP2026_0830_L2G_AOD_V01R00,3SIMG_L2G_AOD,environment,2026-09-12 08:30:00+00:00,30.75,74.55,0.806,,Optical Thickness,,
3SIMG_12SEP2026_0830_L2G_AOD_V01R00,3SIMG_L2G_AOD,environment,2026-09-12 08:30:00+00:00,30.75,74.65,0.81,,Optical Thickness,,
3SIMG_12SEP2026_0830_L2G_AOD_V01R00,3SIMG_L2G_AOD,environment,2026-09-12 08:30:00+00:00,30.75,74.75,0.906,,Optical Thickness,,
3SIMG_12SEP2026_0830_L2G_AOD_V01R00,3SIMG_L2G_AOD,environment,2026-09-12 08:30:00+00:00,30.75,74.85,1.048,,Optical Thickness,,
3SIMG_12SEP2026_0830_L2G_AOD_V01R00,3SIMG_L2G_AOD,environment,2026-09-12 08:30:00+00:00,30.75,74.95,1.048,,Optical Thickness,,
3SIMG_12SEP2026_0830_L2G_AOD_V01R00,3SIMG_L2G_AOD,environment,2026-09-12 08:30:00+00:00,30.75,75.15,0.937,,Optical Thickness,,
3SIMG_12SEP2026_0830_L2G_AOD_V01R00,3SIMG_L2G_AOD,environment,2026-09-12 08:30:00+00:00,30.75,75.25,1.082,,Optical Thickness,,
3SIMG_12SEP2026_0830_L2G_AOD_V01R00,3SIMG_L2G_AOD,environment,2026-09-12 08:30:00+00:00,30.75,75.35,1.131,,Optical Thickness,,
3SIMG_12SEP2026_0830_L2G_AOD_V01R00,3SIMG_L2G_AOD,environment,2026-09-12 08:30:00+00:00,30.75,75.45,1.128,,Optical Thickness,,
3SIMG_12SEP2026_0830_L2G_AOD_V01R00,3SIMG_L2G_AOD,environment,2026-09-12 08:30:00+00:00,30.75,75.55,1.128,,Optical Thickness,,
3SIMG_12SEP2026_0830_L2G_AOD_V01R00,3SIMG_L2G_AOD,environment,2026-09-12 08:30:00+00:00,30.75,75.65,1.213,,Optical Thickness,,
3SIMG_12SEP2026_0830_L2G_AOD_V01R00,3SIMG_L2G_AOD,environment,2026-09-12 08:30:00+00:00,30.75,75.75,1.205,,Optical Thickness,,
3SIMG_12SEP2026_0830_L2G_AOD_V01R00,3SIMG_L2G_AOD,environment,2026-09-12 08:30:00+00:00,30.75,75.85,1.089,,Optical Thickness,,
3SIMG_12SEP2026_0830_L2G_AOD_V01R00,3SIMG_L2G_AOD,environment,2026-09-12 08:30:00+00:00,30.75,75.95,0.961,,Optical Thickness,,
3SIMG_12SEP2026_0830_L2G_AOD_V01R00,3SIMG_L2G_AOD,environment,2026-09-12 08:30:00+00:00,30.75,76.35,0.808,,Optical Thickness,,
3SIMG_12SEP2026_0830_L2G_AOD_V01R00,3SIMG_L2G_AOD,environment,2026-09-12 08:30:00+00:00,30.75,76.45,0.846,,Optical Thickness,,
3SIMG_12SEP2026_0830_L2G_AOD_V01R00,3SIMG_L2G_AOD,environment,2026-09-12 08:30:00+00:00,30.65,74.35,0.821,,Optical Thickness,,
3SIMG_12SEP2026_0830_L2G_AOD_V01R00,3SIMG_L2G_AOD,environment,2026-09-12 08:30:00+00:00,30.65,74.45,0.865,,Optical Thickness,,
3SIMG_12SEP2026_0830_L2G_AOD_V01R00,3SIMG_L2G_AOD,environment,2026-09-12 08:30:00+00:00,30.65,74.55,0.814,,Optical Thickness,,
3SIMG_12SEP2026_0830_L2G_AOD_V01R00,3SIMG_L2G_AOD,environment,2026-09-12 08:30:00+00:00,30.65,74.65,0.844,,Optical Thickness,,
3SIMG_12SEP2026_0830_L2G_AOD_V01R00,3SIMG_L2G_AOD,environment,2026-09-12 08:30:00+00:00,30.65,74.75,0.868,,Optical Thickness,,
3SIMG_12SEP2026_0830_L2G_AOD_V01R00,3SIMG_L2G_AOD,environment,2026-09-12 08:30:00+00:00,30.65,74.85,0.923,,Optical Thickness,,
3SIMG_12SEP2026_0830_L2G_AOD_V01R00,3SIMG_L2G_AOD,environment,2026-09-12 08:30:00+00:00,30.65,74.95,0.897,,Optical Thickness,,
3SIMG_12SEP2026_0830_L2G_AOD_V01R00,3SIMG_L2G_AOD,environment,2026-09-12 08:30:00+00:00,30.65,75.05,0.89,,Optical Thickness,,
3SIMG_12SEP2026_0830_L2G_AOD_V01R00,3SIMG_L2G_AOD,environment,2026-09-12 08:30:00+00:00,30.65,75.15,0.937,,Optical Thickness,,
3SIMG_12SEP2026_0830_L2G_AOD_V01R00,3SIMG_L2G_AOD,environment,2026-09-12 08:30:00+00:00,30.65,75.25,1.146,,Optical Thickness,,
3SIMG_12SEP2026_0830_L2G_AOD_V01R00,3SIMG_L2G_AOD,environment,2026-09-12 08:30:00+00:00,30.65,75.35,1.165,,Optical Thickness,,
3SIMG_12SEP2026_0830_L2G_AOD_V01R00,3SIMG_L2G_AOD,environment,2026-09-12 08:30:00+00:00,30.65,75.75,1.143,,Optical Thickness,,
3SIMG_12SEP2026_0830_L2G_AOD_V01R00,3SIMG_L2G_AOD,environment,2026-09-12 08:30:00+00:00,30.65,75.85,1.002,,Optical Thickness,,
3SIMG_12SEP2026_0830_L2G_AOD_V01R00,3SIMG_L2G_AOD,environment,2026-09-12 08:30:00+00:00,30.65,75.95,1.002,,Optical Thickness,,
3SIMG_12SEP2026_0830_L2G_AOD_V01R00,3SIMG_L2G_AOD,environment,2026-09-12 08:30:00+00:00,30.65,76.05,0.901,,Optical Thickness,,
3SIMG_12SEP2026_0830_L2G_AOD_V01R00,3SIMG_L2G_AOD,environment,2026-09-12 08:30:00+00:00,30.65,76.45,0.767,,Optical Thickness,,
3SIMG_12SEP2026_0830_L2G_AOD_V01R00,3SIMG_L2G_AOD,environment,2026-09-12 08:30:00+00:00,30.65,76.55,0.911,,Optical Thickness,,
3SIMG_12SEP2026_0830_L2G_AOD_V01R00,3SIMG_L2G_AOD,environment,2026-09-12 08:30:00+00:00,30.65,76.65,0.999,,Optical Thickness,,
3SIMG_12SEP2026_0830_L2G_AOD_V01R00,3SIMG_L2G_AOD,environment,2026-09-12 08:30:00+00:00,30.55,74.15,1.604,,Optical Thickness,,
3SIMG_12SEP2026_0830_L2G_AOD_V01R00,3SIMG_L2G_AOD,environment,2026-09-12 08:30:00+00:00,30.55,74.25,1.123,,Optical Thickness,,
3SIMG_12SEP2026_0830_L2G_AOD_V01R00,3SIMG_L2G_AOD,environment,2026-09-12 08:30:00+00:00,30.55,74.35,0.8,,Optical Thickness,,
3SIMG_12SEP2026_0830_L2G_AOD_V01R00,3SIMG_L2G_AOD,environment,2026-09-12 08:30:00+00:00,30.55,74.65,0.892,,Optical Thickness,,
3SIMG_12SEP2026_0830_L2G_AOD_V01R00,3SIMG_L2G_AOD,environment,2026-09-12 08:30:00+00:00,30.55,74.75,0.785,,Optical Thickness,,
3SIMG_12SEP2026_0830_L2G_AOD_V01R00,3SIMG_L2G_AOD,environment,2026-09-12 08:30:00+00:00,30.55,74.85,0.788,,Optical Thickness,,
3SIMG_12SEP2026_0830_L2G_AOD_V01R00,3SIMG_L2G_AOD,environment,2026-09-12 08:30:00+00:00,30.55,74.95,0.742,,Optical Thickness,,
3SIMG_12SEP2026_0830_L2G_AOD_V01R00,3SIMG_L2G_AOD,environment,2026-09-12 08:30:00+00:00,30.55,75.05,0.902,,Optical Thickness,,
3SIMG_12SEP2026_0830_L2G_AOD_V01R00,3SIMG_L2G_AOD,environment,2026-09-12 08:30:00+00:00,30.55,75.15,1.146,,Optical Thickness,,
3SIMG_12SEP2026_0830_L2G_AOD_V01R00,3SIMG_L2G_AOD,environment,2026-09-12 08:30:00+00:00,30.55,75.65,0.787,,Optical Thickness,,
3SIMG_12SEP2026_0830_L2G_AOD_V01R00,3SIMG_L2G_AOD,environment,2026-09-12 08:30:00+00:00,30.55,75.75,0.746,,Optical Thickness,,
3SIMG_12SEP2026_0830_L2G_AOD_V01R00,3SIMG_L2G_AOD,environment,2026-09-12 08:30:00+00:00,30.55,75.85,0.738,,Optical Thickness,,
3SIMG_12SEP2026_0830_L2G_AOD_V01R00,3SIMG_L2G_AOD,environment,2026-09-12 08:30:00+00:00,30.55,75.95,0.776,,Optical Thickness,,
3SIMG_12SEP2026_0830_L2G_AOD_V01R00,3SIMG_L2G_AOD,environment,2026-09-12 08:30:00+00:00,30.55,76.05,0.889,,Optical Thickness,,
3SIMG_12SEP2026_0830_L2G_AOD_V01R00,3SIMG_L2G_AOD,environment,2026-09-12 08:30:00+00:00,30.55,76.15,0.896,,Optical Thickness,,
3SIMG_12SEP2026_0830_L2G_AOD_V01R00,3SIMG_L2G_AOD,environment,2026-09-12 08:30:00+00:00,30.55,76.25,0.834,,Optical Thickness,,
3SIMG_12SEP2026_0830_L2G_AOD_V01R00,3SIMG_L2G_AOD,environment,2026-09-12 08:30:00+00:00,30.55,76.35,0.815,,Optical Thickness,,
3SIMG_12SEP2026_0830_L2G_AOD_V01R00,3SIMG_L2G_AOD,environment,2026-09-12 08:30:00+00:00,30.55,76.45,0.788,,Optical Thickness,,
3SIMG_12SEP2026_0830_L2G_AOD_V01R00,3SIMG_L2G_AOD,environment,2026-09-12 08:30:00+00:00,30.45,74.25,1.11,,Optical Thickness,,
3SIMG_12SEP2026_0830_L2G_AOD_V01R00,3SIMG_L2G_AOD,environment,2026-09-12 08:30:00+00:00,30.45,74.75,0.817,,Optical Thickness,,
3SIMG_12SEP2026_0830_L2G_AOD_V01R00,3SIMG_L2G_AOD,environment,2026-09-12 08:30:00+00:00,30.45,74.85,0.74,,Optical Thickness,,
3SIMG_12SEP2026_0830_L2G_AOD_V01R00,3SIMG_L2G_AOD,environment,2026-09-12 08:30:00+00:00,30.45,74.95,0.816,,Optical Thickness,,
3SIMG_12SEP2026_0830_L2G_AOD_V01R00,3SIMG_L2G_AOD,environment,2026-09-12 08:30:00+00:00,30.45,75.05,0.876,,Optical Thickness,,
3SIMG_12SEP2026_0830_L2G_AOD_V01R00,3SIMG_L2G_AOD,environment,2026-09-12 08:30:00+00:00,30.45,75.15,1.01,,Optical Thickness,,
3SIMG_12SEP2026_0830_L2G_AOD_V01R00,3SIMG_L2G_AOD,environment,2026-09-12 08:30:00+00:00,30.45,75.65,0.779,,Optical Thickness,,
3SIMG_12SEP2026_0830_L2G_AOD_V01R00,3SIMG_L2G_AOD,environment,2026-09-12 08:30:00+00:00,30.45,75.75,0.71,,Optical Thickness,,
3SIMG_12SEP2026_0830_L2G_AOD_V01R00,3SIMG_L2G_AOD,environment,2026-09-12 08:30:00+00:00,30.45,75.85,0.691,,Optical Thickness,,
3SIMG_12SEP2026_0830_L2G_AOD_V01R00,3SIMG_L2G_AOD,environment,2026-09-12 08:30:00+00:00,30.45,75.95,0.71,,Optical Thickness,,
3SIMG_12SEP2026_0830_L2G_AOD_V01R00,3SIMG_L2G_AOD,environment,2026-09-12 08:30:00+00:00,30.45,76.05,0.883,,Optical Thickness,,
3SIMG_12SEP2026_0830_L2G_AOD_V01R00,3SIMG_L2G_AOD,environment,2026-09-12 08:30:00+00:00,30.45,76.15,0.893,,Optical Thickness,,
3SIMG_12SEP2026_0830_L2G_AOD_V01R00,3SIMG_L2G_AOD,environment,2026-09-12 08:30:00+00:00,30.45,76.25,0.893,,Optical Thickness,,
3SIMG_12SEP2026_0830_L2G_AOD_V01R00,3SIMG_L2G_AOD,environment,2026-09-12 08:30:00+00:00,30.45,76.55,0.936,,Optical Thickness,,
3SIMG_12SEP2026_0830_L2G_AOD_V01R00,3SIMG_L2G_AOD,environment,2026-09-12 08:30:00+00:00,30.45,79.35,1.072,,Optical Thickness,,
3SIMG_12SEP2026_0830_L2G_AOD_V01R00,3SIMG_L2G_AOD,environment,2026-09-12 08:30:00+00:00,30.35,74.05,1.059,,Optical Thickness,,
3SIMG_12SEP2026_0830_L2G_AOD_V01R00,3SIMG_L2G_AOD,environment,2026-09-12 08:30:00+00:00,30.35,74.15,1.059,,Optical Thickness,,
3SIMG_12SEP2026_0830_L2G_AOD_V01R00,3SIMG_L2G_AOD,environment,2026-09-12 08:30:00+00:00,30.35,74.35,1.11,,Optical Thickness,,
3SIMG_12SEP2026_0830_L2G_AOD_V01R00,3SIMG_L2G_AOD,environment,2026-09-12 08:30:00+00:00,30.35,74.45,1.11,,Optical Thickness,,
3SIMG_12SEP2026_0830_L2G_AOD_V01R00,3SIMG_L2G_AOD,environment,2026-09-12 08:30:00+00:00,30.35,74.55,1.076,,Optical Thickness,,
3SIMG_12SEP2026_0830_L2G_AOD_V01R00,3SIMG_L2G_AOD,environment,2026-09-12 08:30:00+00:00,30.35,74.65,0.871,,Optical Thickness,,
3SIMG_12SEP2026_0830_L2G_AOD_V01R00,3SIMG_L2G_AOD,environment,2026-09-12 08:30:00+00:00,30.35,74.85,0.777,,Optical Thickness,,
3SIMG_12SEP2026_0830_L2G_AOD_V01R00,3SIMG_L2G_AOD,environment,2026-09-12 08:30:00+00:00,30.35,74.95,0.927,,Optical Thickness,,
3SIMG_12SEP2026_0830_L2G_AOD_V01R00,3SIMG_L2G_AOD,environment,2026-09-12 08:30:00+00:00,30.35,75.05,1.166,,Optical Thickness,,
3SIMG_12SEP2026_0830_L2G_AOD_V01R00,3SIMG_L2G_AOD,environment,2026-09-12 08:30:00+00:00,30.35,75.15,1.173,,Optical Thickness,,
3SIMG_12SEP2026_0830_L2G_AOD_V01R00,3SIMG_L2G_AOD,environment,2026-09-12 08:30:00+00:00,30.35,75.45,0.791,,Optical Thickness,,
3SIMG_12SEP2026_0830_L2G_AOD_V01R00,3SIMG_L2G_AOD,environment,2026-09-12 08:30:00+00:00,30.35,75.55,0.791,,Optical Thickness,,
3SIMG_12SEP2026_0830_L2G_AOD_V01R00,3SIMG_L2G_AOD,environment,2026-09-12 08:30:00+00:00,30.35,75.65,0.784,,Optical Thickness,,
3SIMG_12SEP2026_0830_L2G_AOD_V01R00,3SIMG_L2G_AOD,environment,2026-09-12 08:30:00+00:00,30.35,75.75,0.699,,Optical Thickness,,
3SIMG_12SEP2026_0830_L2G_AOD_V01R00,3SIMG_L2G_AOD,environment,2026-09-12 08:30:00+00:00,30.35,75.85,0.691,,Optical Thickness,,
3SIMG_12SEP2026_0830_L2G_AOD_V01R00,3SIMG_L2G_AOD,environment,2026-09-12 08:30:00+00:00,30.35,75.95,0.753,,Optical Thickness,,
3SIMG_12SEP2026_0830_L2G_AOD_V01R00,3SIMG_L2G_AOD,environment,2026-09-12 08:30:00+00:00,30.35,76.05,0.918,,Optical Thickness,,
3SIMG_12SEP2026_0830_L2G_AOD_V01R00,3SIMG_L2G_AOD,environment,2026-09-12 08:30:00+00:00,30.35,76.15,0.931,,Optical Thickness,,
3SIMG_12SEP2026_0830_L2G_AOD_V01R00,3SIMG_L2G_AOD,environment,2026-09-12 08:30:00+00:00,30.35,78.85,1.417,,Optical Thickness,,
3SIMG_12SEP2026_0830_L2G_AOD_V01R00,3SIMG_L2G_AOD,environment,2026-09-12 08:30:00+00:00,30.35,79.25,0.632,,Optical Thickness,,
3SIMG_12SEP2026_0830_L2G_AOD_V01R00,3SIMG_L2G_AOD,environment,2026-09-12 08:30:00+00:00,30.35,79.35,0.637,,Optical Thickness,,
3SIMG_12SEP2026_0830_L2G_AOD_V01R00,3SIMG_L2G_AOD,environment,2026-09-12 08:30:00+00:00,30.25,74.25,1.135,,Optical Thickness,,
3SIMG_12SEP2026_0830_L2G_AOD_V01R00,3SIMG_L2G_AOD,environment,2026-09-12 08:30:00+00:00,30.25,74.35,1.135,,Optical Thickness,,
3SIMG_12SEP2026_0830_L2G_AOD_V01R00,3SIMG_L2G_AOD,environment,2026-09-12 08:30:00+00:00,30.25,74.45,1.11,,Optical Thickness,,
3SIMG_12SEP2026_0830_L2G_AOD_V01R00,3SIMG_L2G_AOD,environment,2026-09-12 08:30:00+00:00,30.25,74.55,0.93,,Optical Thickness,,
3SIMG_12SEP2026_0830_L2G_AOD_V01R00,3SIMG_L2G_AOD,environment,2026-09-12 08:30:00+00:00,30.25,74.65,0.854,,Optical Thickness,,
3SIMG_12SEP2026_0830_L2G_AOD_V01R00,3SIMG_L2G_AOD,environment,2026-09-12 08:30:00+00:00,30.25,74.75,0.831,,Optical Thickness,,
3SIMG_12SEP2026_0830_L2G_AOD_V01R00,3SIMG_L2G_AOD,environment,2026-09-12 08:30:00+00:00,30.25,74.85,0.823,,Optical Thickness,,
3SIMG_12SEP2026_0830_L2G_AOD_V01R00,3SIMG_L2G_AOD,environment,2026-09-12 08:30:00+00:00,30.25,74.95,0.927,,Optical Thickness,,
3SIMG_12SEP2026_0830_L2G_AOD_V01R00,3SIMG_L2G_AOD,environment,2026-09-12 08:30:00+00:00,30.25,75.05,1.311,,Optical Thickness,,
3SIMG_12SEP2026_0830_L2G_AOD_V01R00,3SIMG_L2G_AOD,environment,2026-09-12 08:30:00+00:00,30.25,75.15,1.3,,Optical Thickness,,
3SIMG_12SEP2026_0830_L2G_AOD_V01R00,3SIMG_L2G_AOD,environment,2026-09-12 08:30:00+00:00,30.25,75.25,0.898,,Optical Thickness,,
3SIMG_12SEP2026_0830_L2G_AOD_V01R00,3SIMG_L2G_AOD,environment,2026-09-12 08:30:00+00:00,30.25,75.35,0.792,,Optical Thickness,,
3SIMG_12SEP2026_0830_L2G_AOD_V01R00,3SIMG_L2G_AOD,environment,2026-09-12 08:30:00+00:00,30.25,75.45,0.786,,Optical Thickness,,
3SIMG_12SEP2026_0830_L2G_AOD_V01R00,3SIMG_L2G_AOD,environment,2026-09-12 08:30:00+00:00,30.25,75.55,0.786,,Optical Thickness,,
3SIMG_12SEP2026_0830_L2G_AOD_V01R00,3SIMG_L2G_AOD,environment,2026-09-12 08:30:00+00:00,30.25,75.65,0.857,,Optical Thickness,,
3SIMG_12SEP2026_0830_L2G_AOD_V01R00,3SIMG_L2G_AOD,environment,2026-09-12 08:30:00+00:00,30.25,75.75,0.784,,Optical Thickness,,
3SIMG_12SEP2026_0830_L2G_AOD_V01R00,3SIMG_L2G_AOD,environment,2026-09-12 08:30:00+00:00,30.25,75.85,0.906,,Optical Thickness,,
3SIMG_12SEP2026_0830_L2G_AOD_V01R00,3SIMG_L2G_AOD,environment,2026-09-12 08:30:00+00:00,30.25,75.95,0.918,,Optical Thickness,,
3SIMG_12SEP2026_0830_L2G_AOD_V01R00,3SIMG_L2G_AOD,environment,2026-09-12 08:30:00+00:00,30.25,76.05,0.931,,Optical Thickness,,
3SIMG_12SEP2026_0830_L2G_AOD_V01R00,3SIMG_L2G_AOD,environment,2026-09-12 08:30:00+00:00,30.25,76.15,0.943,,Optical Thickness,,
3SIMG_12SEP2026_0830_L2G_AOD_V01R00,3SIMG_L2G_AOD,environment,2026-09-12 08:30:00+00:00,30.25,76.25,1.222,,Optical Thickness,,
3SIMG_12SEP2026_0830_L2G_AOD_V01R00,3SIMG_L2G_AOD,environment,2026-09-12 08:30:00+00:00,30.25,79.35,0.62,,Optical Thickness,,
3SIMG_12SEP2026_0830_L2G_AOD_V01R00,3SIMG_L2G_AOD,environment,2026-09-12 08:30:00+00:00,30.15,74.25,1.753,,Optical Thickness,,
3SIMG_12SEP2026_0830_L2G_AOD_V01R00,3SIMG_L2G_AOD,environment,2026-09-12 08:30:00+00:00,30.15,74.55,0.9,,Optical Thickness,,
3SIMG_12SEP2026_0830_L2G_AOD_V01R00,3SIMG_L2G_AOD,environment,2026-09-12 08:30:00+00:00,30.15,74.65,0.835,,Optical Thickness,,
3SIMG_12SEP2026_0830_L2G_AOD_V01R00,3SIMG_L2G_AOD,environment,2026-09-12 08:30:00+00:00,30.15,74.75,0.812,,Optical Thickness,,
3SIMG_12SEP2026_0830_L2G_AOD_V01R00,3SIMG_L2G_AOD,environment,2026-09-12 08:30:00+00:00,30.15,74.85,0.835,,Optical Thickness,,
3SIMG_12SEP2026_0830_L2G_AOD_V01R00,3SIMG_L2G_AOD,environment,2026-09-12 08:30:00+00:00,30.15,74.95,0.936,,Optical Thickness,,
3SIMG_12SEP2026_0830_L2G_AOD_V01R00,3SIMG_L2G_AOD,environment,2026-09-12 08:30:00+00:00,30.15,75.05,1.311,,Optical Thickness,,
3SIMG_12SEP2026_0830_L2G_AOD_V01R00,3SIMG_L2G_AOD,environment,2026-09-12 08:30:00+00:00,30.15,75.15,1.318,,Optical Thickness,,
3SIMG_12SEP2026_0830_L2G_AOD_V01R00,3SIMG_L2G_AOD,environment,2026-09-12 08:30:00+00:00,30.15,75.25,1.059,,Optical Thickness,,
3SIMG_12SEP2026_0830_L2G_AOD_V01R00,3SIMG_L2G_AOD,environment,2026-09-12 08:30:00+00:00,30.15,75.35,0.936,,Optical Thickness,,
3SIMG_12SEP2026_0830_L2G_AOD_V01R00,3SIMG_L2G_AOD,environment,2026-09-12 08:30:00+00:00,30.15,75.45,0.952,,Optical Thickness,,
3SIMG_12SEP2026_0830_L2G_AOD_V01R00,3SIMG_L2G_AOD,environment,2026-09-12 08:30:00+00:00,30.15,75.55,0.952,,Optical Thickness,,
3SIMG_12SEP2026_0830_L2G_AOD_V01R00,3SIMG_L2G_AOD,environment,2026-09-12 08:30:00+00:00,30.15,75.65,1.069,,Optical Thickness,,
3SIMG_12SEP2026_0830_L2G_AOD_V01R00,3SIMG_L2G_AOD,environment,2026-09-12 08:30:00+00:00,30.15,75.75,1.001,,Optical Thickness,,
3SIMG_12SEP2026_0830_L2G_AOD_V01R00,3SIMG_L2G_AOD,environment,2026-09-12 08:30:00+00:00,30.15,75.85,0.966,,Optical Thickness,,
3SIMG_12SEP2026_0830_L2G_AOD_V01R00,3SIMG_L2G_AOD,environment,2026-09-12 08:30:00+00:00,30.15,75.95,0.931,,Optical Thickness,,
3SIMG_12SEP2026_0830_L2G_AOD_V01R00,3SIMG_L2G_AOD,environment,2026-09-12 08:30:00+00:00,30.15,76.05,0.994,,Optical Thickness,,
3SIMG_12SEP2026_0830_L2G_AOD_V01R00,3SIMG_L2G_AOD,environment,2026-09-12 08:30:00+00:00,30.15,76.15,1.056,,Optical Thickness,,
3SIMG_12SEP2026_0830_L2G_AOD_V01R00,3SIMG_L2G_AOD,environment,2026-09-12 08:30:00+00:00,30.05,74.55,1.084,,Optical Thickness,,
3SIMG_12SEP2026_0830_L2G_AOD_V01R00,3SIMG_L2G_AOD,environment,2026-09-12 08:30:00+00:00,30.05,74.65,0.793,,Optical Thickness,,
3SIMG_12SEP2026_0830_L2G_AOD_V01R00,3SIMG_L2G_AOD,environment,2026-09-12 08:30:00+00:00,30.05,74.75,0.777,,Optical Thickness,,
3SIMG_12SEP2026_0830_L2G_AOD_V01R00,3SIMG_L2G_AOD,environment,2026-09-12 08:30:00+00:00,30.05,74.85,0.8,,Optical Thickness,,
3SIMG_12SEP2026_0830_L2G_AOD_V01R00,3SIMG_L2G_AOD,environment,2026-09-12 08:30:00+00:00,30.05,74.95,0.919,,Optical Thickness,,
3SIMG_12SEP2026_0830_L2G_AOD_V01R00,3SIMG_L2G_AOD,environment,2026-09-12 08:30:00+00:00,30.05,75.05,1.139,,Optical Thickness,,
3SIMG_12SEP2026_0830_L2G_AOD_V01R00,3SIMG_L2G_AOD,environment,2026-09-12 08:30:00+00:00,30.05,75.15,1.278,,Optical Thickness,,
3SIMG_12SEP2026_0830_L2G_AOD_V01R00,3SIMG_L2G_AOD,environment,2026-09-12 08:30:00+00:00,30.05,75.25,1.297,,Optical Thickness,,
3SIMG_12SEP2026_0830_L2G_AOD_V01R00,3SIMG_L2G_AOD,environment,2026-09-12 08:30:00+00:00,30.05,75.35,1.381,,Optical Thickness,,
3SIMG_12SEP2026_0830_L2G_AOD_V01R00,3SIMG_L2G_AOD,environment,2026-09-12 08:30:00+00:00,30.05,75.45,1.312,,Optical Thickness,,
3SIMG_12SEP2026_0830_L2G_AOD_V01R00,3SIMG_L2G_AOD,environment,2026-09-12 08:30:00+00:00,30.05,75.55,1.312,,Optical Thickness,,
3SIMG_12SEP2026_0830_L2G_AOD_V01R00,3SIMG_L2G_AOD,environment,2026-09-12 08:30:00+00:00,30.05,75.65,1.143,,Optical Thickness,,
3SIMG_12SEP2026_0830_L2G_AOD_V01R00,3SIMG_L2G_AOD,environment,2026-09-12 08:30:00+00:00,30.05,75.75,1.143,,Optical Thickness,,
3SIMG_12SEP2026_0830_L2G_AOD_V01R00,3SIMG_L2G_AOD,environment,2026-09-12 08:30:00+00:00,30.05,75.85,1.235,,Optical Thickness,,
3SIMG_12SEP2026_0830_L2G_AOD_V01R00,3SIMG_L2G_AOD,environment,2026-09-12 08:30:00+00:00,30.05,76.05,1.118,,Optical Thickness,,
3SIMG_12SEP2026_0830_L2G_AOD_V01R00,3SIMG_L2G_AOD,environment,2026-09-12 08:30:00+00:00,30.05,76.15,1.118,,Optical Thickness,,
3SIMG_12SEP2026_0830_L2G_AOD_V01R00,3SIMG_L2G_AOD,environment,2026-09-12 08:30:00+00:00,29.95,75.05,1.084,,Optical Thickness,,
3SIMG_12SEP2026_0830_L2G_AOD_V01R00,3SIMG_L2G_AOD,environment,2026-09-12 08:30:00+00:00,29.95,75.15,1.257,,Optical Thickness,,
3SIMG_12SEP2026_0830_L2G_AOD_V01R00,3SIMG_L2G_AOD,environment,2026-09-12 08:30:00+00:00,29.95,75.25,1.379,,Optical Thickness,,
3SIMG_12SEP2026_0830_L2G_AOD_V01R00,3SIMG_L2G_AOD,environment,2026-09-12 08:30:00+00:00,29.95,75.35,1.459,,Optical Thickness,,
3SIMG_12SEP2026_0830_L2G_AOD_V01R00,3SIMG_L2G_AOD,environment,2026-09-12 08:30:00+00:00,29.95,75.45,1.519,,Optical Thickness,,
3SIMG_12SEP2026_0830_L2G_AOD_V01R00,3SIMG_L2G_AOD,environment,2026-09-12 08:30:00+00:00,29.95,75.55,1.519,,Optical Thickness,,
3SIMG_12SEP2026_0830_L2G_AOD_V01R00,3SIMG_L2G_AOD,environment,2026-09-12 08:30:00+00:00,29.95,75.65,1.342,,Optical Thickness,,
3SIMG_12SEP2026_0830_L2G_AOD_V01R00,3SIMG_L2G_AOD,environment,2026-09-12 08:30:00+00:00,29.95,75.75,1.288,,Optical Thickness,,
3SIMG_12SEP2026_0830_L2G_AOD_V01R00,3SIMG_L2G_AOD,environment,2026-09-12 08:30:00+00:00,29.95,75.95,1.676,,Optical Thickness,,
3SIMG_12SEP2026_0830_L2G_AOD_V01R00,3SIMG_L2G_AOD,environment,2026-09-12 08:30:00+00:00,29.95,79.25,0.658,,Optical Thickness,,
3SIMG_12SEP2026_0830_L2G_AOD_V01R00,3SIMG_L2G_AOD,environment,2026-09-12 08:30:00+00:00,29.95,79.35,0.677,,Optical Thickness,,
3SIMG_12SEP2026_0830_L2G_AOD_V01R00,3SIMG_L2G_AOD,environment,2026-09-12 08:30:00+00:00,29.95,79.65,1.267,,Optical Thickness,,
3SIMG_12SEP2026_0830_L2G_AOD_V01R00,3SIMG_L2G_AOD,environment,2026-09-12 08:30:00+00:00,29.95,79.75,1.267,,Optical Thickness,,
3SIMG_12SEP2026_0830_L2G_AOD_V01R00,3SIMG_L2G_AOD,environment,2026-09-12 08:30:00+00:00,29.95,79.85,0.638,,Optical Thickness,,
3SIMG_12SEP2026_0830_L2G_AOD_V01R00,3SIMG_L2G_AOD,environment,2026-09-12 08:30:00+00:00,29.95,79.95,0.61,,Optical Thickness,,
3SIMG_12SEP2026_0830_L2G_AOD_V01R00,3SIMG_L2G_AOD,environment,2026-09-12 08:30:00+00:00,29.85,75.05,1.287,,Optical Thickness,,
3SIMG_12SEP2026_0830_L2G_AOD_V01R00,3SIMG_L2G_AOD,environment,2026-09-12 08:30:00+00:00,29.85,75.15,1.348,,Optical Thickness,,
3SIMG_12SEP2026_0830_L2G_AOD_V01R00,3SIMG_L2G_AOD,environment,2026-09-12 08:30:00+00:00,29.85,75.25,1.379,,Optical Thickness,,
3SIMG_12SEP2026_0830_L2G_AOD_V01R00,3SIMG_L2G_AOD,environment,2026-09-12 08:30:00+00:00,29.85,75.35,1.51,,Optical Thickness,,
3SIMG_12SEP2026_0830_L2G_AOD_V01R00,3SIMG_L2G_AOD,environment,2026-09-12 08:30:00+00:00,29.85,75.45,1.503,,Optical Thickness,,
3SIMG_12SEP2026_0830_L2G_AOD_V01R00,3SIMG_L2G_AOD,environment,2026-09-12 08:30:00+00:00,29.85,75.55,1.503,,Optical Thickness,,
3SIMG_12SEP2026_0830_L2G_AOD_V01R00,3SIMG_L2G_AOD,environment,2026-09-12 08:30:00+00:00,29.85,75.65,1.565,,Optical Thickness,,
3SIMG_12SEP2026_0830_L2G_AOD_V01R00,3SIMG_L2G_AOD,environment,2026-09-12 08:30:00+00:00,29.85,75.75,1.522,,Optical Thickness,,
3SIMG_12SEP2026_0830_L2G_AOD_V01R00,3SIMG_L2G_AOD,environment,2026-09-12 08:30:00+00:00,29.85,75.85,1.656,,Optical Thickness,,
3SIMG_12SEP2026_0830_L2G_AOD_V01R00,3SIMG_L2G_AOD,environment,2026-09-12 08:30:00+00:00,29.85,77.85,2.655,,Optical Thickness,,
3SIMG_12SEP2026_0830_L2G_AOD_V01R00,3SIMG_L2G_AOD,environment,2026-09-12 08:30:00+00:00,29.85,80.25,0.454,,Optical Thickness,,
3SIMG_12SEP2026_0830_L2G_AOD_V01R00,3SIMG_L2G_AOD,environment,2026-09-12 08:30:00+00:00,29.75,75.05,1.516,,Optical Thickness,,
3SIMG_12SEP2026_0830_L2G_AOD_V01R00,3SIMG_L2G_AOD,environment,2026-09-12 08:30:00+00:00,29.75,75.15,1.638,,Optical Thickness,,
3SIMG_12SEP2026_0830_L2G_AOD_V01R00,3SIMG_L2G_AOD,environment,2026-09-12 08:30:00+00:00,29.75,75.25,1.516,,Optical Thickness,,
3SIMG_12SEP2026_0830_L2G_AOD_V01R00,3SIMG_L2G_AOD,environment,2026-09-12 08:30:00+00:00,29.75,75.35,1.638,,Optical Thickness,,
3SIMG_12SEP2026_0830_L2G_AOD_V01R00,3SIMG_L2G_AOD,environment,2026-09-12 08:30:00+00:00,29.75,75.45,1.608,,Optical Thickness,,
3SIMG_12SEP2026_0830_L2G_AOD_V01R00,3SIMG_L2G_AOD,environment,2026-09-12 08:30:00+00:00,29.75,75.55,1.608,,Optical Thickness,,
3SIMG_12SEP2026_0830_L2G_AOD_V01R00,3SIMG_L2G_AOD,environment,2026-09-12 08:30:00+00:00,29.75,75.65,1.565,,Optical Thickness,,
3SIMG_12SEP2026_0830_L2G_AOD_V01R00,3SIMG_L2G_AOD,environment,2026-09-12 08:30:00+00:00,29.75,75.75,1.522,,Optical Thickness,,
3SIMG_12SEP2026_0830_L2G_AOD_V01R00,3SIMG_L2G_AOD,environment,2026-09-12 08:30:00+00:00,29.75,78.15,0.803,,Optical Thickness,,
3SIMG_12SEP2026_0830_L2G_AOD_V01R00,3SIMG_L2G_AOD,environment,2026-09-12 08:30:00+00:00,29.75,80.05,0.721,,Optical Thickness,,
3SIMG_12SEP2026_0830_L2G_AOD_V01R00,3SIMG_L2G_AOD,environment,2026-09-12 08:30:00+00:00,29.75,80.15,0.634,,Optical Thickness,,
3SIMG_12SEP2026_0830_L2G_AOD_V01R00,3SIMG_L2G_AOD,environment,2026-09-12 08:30:00+00:00,29.75,80.25,0.487,,Optical Thickness,,
3SIMG_12SEP2026_0830_L2G_AOD_V01R00,3SIMG_L2G_AOD,environment,2026-09-12 08:30:00+00:00,29.65,75.05,1.658,,Optical Thickness,,
3SIMG_12SEP2026_0830_L2G_AOD_V01R00,3SIMG_L2G_AOD,environment,2026-09-12 08:30:00+00:00,29.65,75.15,1.648,,Optical Thickness,,
3SIMG_12SEP2026_0830_L2G_AOD_V01R00,3SIMG_L2G_AOD,environment,2026-09-12 08:30:00+00:00,29.65,75.25,1.516,,Optical Thickness,,
3SIMG_12SEP2026_0830_L2G_AOD_V01R00,3SIMG_L2G_AOD,environment,2026-09-12 08:30:00+00:00,29.65,75.35,1.582,,Optical Thickness,,
3SIMG_12SEP2026_0830_L2G_AOD_V01R00,3SIMG_L2G_AOD,environment,2026-09-12 08:30:00+00:00,29.65,75.65,1.522,,Optical Thickness,,
3SIMG_12SEP2026_0830_L2G_AOD_V01R00,3SIMG_L2G_AOD,environment,2026-09-12 08:30:00+00:00,29.65,75.75,1.221,,Optical Thickness,,
3SIMG_12SEP2026_0830_L2G_AOD_V01R00,3SIMG_L2G_AOD,environment,2026-09-12 08:30:00+00:00,29.65,78.25,1.41,,Optical Thickness,,
3SIMG_12SEP2026_0830_L2G_AOD_V01R00,3SIMG_L2G_AOD,environment,2026-09-12 08:30:00+00:00,29.65,78.35,1.41,,Optical Thickness,,
3SIMG_12SEP2026_0830_L2G_AOD_V01R00,3SIMG_L2G_AOD,environment,2026-09-12 08:30:00+00:00,29.65,78.75,0.76,,Optical Thickness,,
3SIMG_12SEP2026_0830_L2G_AOD_V01R00,3SIMG_L2G_AOD,environment,2026-09-12 08:30:00+00:00,29.55,74.75,0.927,,Optical Thickness,,
3SIMG_12SEP2026_0830_L2G_AOD_V01R00,3SIMG_L2G_AOD,environment,2026-09-12 08:30:00+00:00,29.55,75.25,1.425,,Optical Thickness,,
3SIMG_12SEP2026_0830_L2G_AOD_V01R00,3SIMG_L2G_AOD,environment,2026-09-12 08:30:00+00:00,29.55,75.45,1.544,,Optical Thickness,,
3SIMG_12SEP2026_0830_L2G_AOD_V01R00,3SIMG_L2G_AOD,environment,2026-09-12 08:30:00+00:00,29.55,75.55,1.544,,Optical Thickness,,
3SIMG_12SEP2026_0830_L2G_AOD_V01R00,3SIMG_L2G_AOD,environment,2026-09-12 08:30:00+00:00,29.55,78.05,1.206,,Optical Thickness,,
3SIMG_12SEP2026_0830_L2G_AOD_V01R00,3SIMG_L2G_AOD,environment,2026-09-12 08:30:00+00:00,29.55,78.15,0.987,,Optical Thickness,,
3SIMG_12SEP2026_0830_L2G_AOD_V01R00,3SIMG_L2G_AOD,environment,2026-09-12 08:30:00+00:00,29.45,74.85,1.192,,Optical Thickness,,
3SIMG_12SEP2026_0830_L2G_AOD_V01R00,3SIMG_L2G_AOD,environment,2026-09-12 08:30:00+00:00,29.45,77.05,1.76,,Optical Thickness,,
3SIMG_12SEP2026_0830_L2G_AOD_V01R00,3SIMG_L2G_AOD,environment,2026-09-12 08:30:00+00:00,29.45,77.15,1.771,,Optical Thickness,,
3SIMG_12SEP2026_0830_L2G_AOD_V01R00,3SIMG_L2G_AOD,environment,2026-09-12 08:30:00+00:00,29.45,77.45,1.224,,Optical Thickness,,
3SIMG_12SEP2026_0830_L2G_AOD_V01R00,3SIMG_L2G_AOD,environment,2026-09-12 08:30:00+00:00,29.45,78.05,0.892,,Optical Thickness,,
3SIMG_12SEP2026_0830_L2G_AOD_V01R00,3SIMG_L2G_AOD,environment,2026-09-12 08:30:00+00:00,29.45,78.15,0.987,,Optical Thickness,,
3SIMG_12SEP2026_0830_L2G_AOD_V01R00,3SIMG_L2G_AOD,environment,2026-09-12 08:30:00+00:00,29.45,78.25,0.955,,Optical Thickness,,
3SIMG_12SEP2026_0830_L2G_AOD_V01R00,3SIMG_L2G_AOD,environment,2026-09-12 08:30:00+00:00,29.45,78.35,0.955,,Optical Thickness,,
3SIMG_12SEP2026_0830_L2G_AOD_V01R00,3SIMG_L2G_AOD,environment,2026-09-12 08:30:00+00:00,29.45,78.45,1.199,,Optical Thickness,,
3SIMG_12SEP2026_0830_L2G_AOD_V01R00,3SIMG_L2G_AOD,environment,2026-09-12 08:30:00+00:00,29.45,78.55,1.146,,Optical Thickness,,
3SIMG_12SEP2026_0830_L2G_AOD_V01R00,3SIMG_L2G_AOD,environment,2026-09-12 08:30:00+00:00,29.45,78.65,0.964,,Optical Thickness,,
3SIMG_12SEP2026_0830_L2G_AOD_V01R00,3SIMG_L2G_AOD,environment,2026-09-12 08:30:00+00:00,29.45,78.75,0.844,,Optical Thickness,,
3SIMG_12SEP2026_0830_L2G_AOD_V01R00,3SIMG_L2G_AOD,environment,2026-09-12 08:30:00+00:00,29.35,77.15,1.743,,Optical Thickness,,
3SIMG_12SEP2026_0830_L2G_AOD_V01R00,3SIMG_L2G_AOD,environment,2026-09-12 08:30:00+00:00,29.35,77.25,1.359,,Optical Thickness,,
3SIMG_12SEP2026_0830_L2G_AOD_V01R00,3SIMG_L2G_AOD,environment,2026-09-12 08:30:00+00:00,29.35,77.35,1.203,,Optical Thickness,,
3SIMG_12SEP2026_0830_L2G_AOD_V01R00,3SIMG_L2G_AOD,environment,2026-09-12 08:30:00+00:00,29.35,78.45,1.199,,Optical Thickness,,
3SIMG_12SEP2026_0830_L2G_AOD_V01R00,3SIMG_L2G_AOD,environment,2026-09-12 08:30:00+00:00,29.35,78.55,1.146,,Optical Thickness,,
3SIMG_12SEP2026_0830_L2G_AOD_V01R00,3SIMG_L2G_AOD,environment,2026-09-12 08:30:00+00:00,29.35,78.65,0.973,,Optical Thickness,,
3SIMG_12SEP2026_0830_L2G_AOD_V01R00,3SIMG_L2G_AOD,environment,2026-09-12 08:30:00+00:00,29.35,78.75,0.956,,Optical Thickness,,
3SIMG_12SEP2026_0830_L2G_AOD_V01R00,3SIMG_L2G_AOD,environment,2026-09-12 08:30:00+00:00,29.25,77.15,1.413,,Optical Thickness,,
3SIMG_12SEP2026_0830_L2G_AOD_V01R00,3SIMG_L2G_AOD,environment,2026-09-12 08:30:00+00:00,29.25,77.25,1.359,,Optical Thickness,,
3SIMG_12SEP2026_0830_L2G_AOD_V01R00,3SIMG_L2G_AOD,environment,2026-09-12 08:30:00+00:00,29.25,77.65,1.54,,Optical Thickness,,
3SIMG_12SEP2026_0830_L2G_AOD_V01R00,3SIMG_L2G_AOD,environment,2026-09-12 08:30:00+00:00,29.25,78.75,1.346,,Optical Thickness,,
3SIMG_12SEP2026_0830_L2G_AOD_V01R00,3SIMG_L2G_AOD,environment,2026-09-12 08:30:00+00:00,29.15,76.65,1.912,,Optical Thickness,,
3SIMG_12SEP2026_0830_L2G_AOD_V01R00,3SIMG_L2G_AOD,environment,2026-09-12 08:30:00+00:00,29.15,77.05,1.413,,Optical Thickness,,
3SIMG_12SEP2026_0830_L2G_AOD_V01R00,3SIMG_L2G_AOD,environment,2026-09-12 08:30:00+00:00,29.15,77.15,1.527,,Optical Thickness,,
3SIMG_12SEP2026_0830_L2G_AOD_V01R00,3SIMG_L2G_AOD,environment,2026-09-12 08:30:00+00:00,29.15,77.65,1.157,,Optical Thickness,,
3SIMG_12SEP2026_0830_L2G_AOD_V01R00,3SIMG_L2G_AOD,environment,2026-09-12 08:30:00+00:00,29.15,78.85,1.771,,Optical Thickness,,
3SIMG_12SEP2026_0830_L2G_AOD_V01R00,3SIMG_L2G_AOD,environment,2026-09-12 08:30:00+00:00,29.15,78.95,1.163,,Optical Thickness,,
3SIMG_12SEP2026_0830_L2G_AOD_V01R00,3SIMG_L2G_AOD,environment,2026-09-12 08:30:00+00:00,29.15,79.05,1.096,,Optical Thickness,,
3SIMG_12SEP2026_0830_L2G_AOD_V01R00,3SIMG_L2G_AOD,environment,2026-09-12 08:30:00+00:00,29.15,79.15,1.151,,Optical Thickness,,
3SIMG_12SEP2026_0830_L2G_AOD_V01R00,3SIMG_L2G_AOD,environment,2026-09-12 08:30:00+00:00,29.05,76.65,1.839,,Optical Thickness,,
3SIMG_12SEP2026_0830_L2G_AOD_V01R00,3SIMG_L2G_AOD,environment,2026-09-12 08:30:00+00:00,29.05,78.95,1.214,,Optical Thickness,,
3SIMG_12SEP2026_0830_L2G_AOD_V01R00,3SIMG_L2G_AOD,environment,2026-09-12 08:30:00+00:00,29.05,79.05,1.096,,Optical Thickness,,
3SIMG_12SEP2026_0830_L2G_AOD_V01R00,3SIMG_L2G_AOD,environment,2026-09-12 08:30:00+00:00,29.05,79.15,1.009,,Optical Thickness,,
3SIMG_12SEP2026_0830_L2G_AOD_V01R00,3SIMG_L2G_AOD,environment,2026-09-12 08:30:00+00:00,28.95,76.75,1.751,,Optical Thickness,,
3SIMG_12SEP2026_0830_L2G_AOD_V01R00,3SIMG_L2G_AOD,environment,2026-09-12 08:30:00+00:00,28.95,78.95,1.716,,Optical Thickness,,
3SIMG_12SEP2026_0830_L2G_AOD_V01R00,3SIMG_L2G_AOD,environment,2026-09-12 08:30:00+00:00,28.95,79.05,0.977,,Optical Thickness,,
3SIMG_12SEP2026_0830_L2G_AOD_V01R00,3SIMG_L2G_AOD,environment,2026-09-12 08:30:00+00:00,28.95,79.15,0.968,,Optical Thickness,,
3SIMG_12SEP2026_0830_L2G_AOD_V01R00,3SIMG_L2G_AOD,environment,2026-09-12 08:30:00+00:00,28.95,79.25,0.968,,Optical Thickness,,
3SIMG_12SEP2026_0830_L2G_AOD_V01R00,3SIMG_L2G_AOD,environment,2026-09-12 08:30:00+00:00,28.95,79.35,1.267,,Optical Thickness,,
3SIMG_12SEP2026_0830_L2G_AOD_V01R00,3SIMG_L2G_AOD,environment,2026-09-12 08:30:00+00:00,28.95,79.45,1.48,,Optical Thickness,,
3SIMG_12SEP2026_0830_L2G_AOD_V01R00,3SIMG_L2G_AOD,environment,2026-09-12 08:30:00+00:00,28.95,79.55,1.339,,Optical Thickness,,
3SIMG_12SEP2026_0830_L2G_AOD_V01R00,3SIMG_L2G_AOD,environment,2026-09-12 08:30:00+00:00,28.95,79.65,1.159,,Optical Thickness,,
3SIMG_12SEP2026_0830_L2G_AOD_V01R00,3SIMG_L2G_AOD,environment,2026-09-12 08:30:00+00:00,28.95,79.75,1.159,,Optical Thickness,,
3SIMG_12SEP2026_0830_L2G_AOD_V01R00,3SIMG_L2G_AOD,environment,2026-09-12 08:30:00+00:00,28.95,79.85,1.12,,Optical Thickness,,
3SIMG_12SEP2026_0830_L2G_AOD_V01R00,3SIMG_L2G_AOD,environment,2026-09-12 08:30:00+00:00,28.95,79.95,1.135,,Optical Thickness,,
3SIMG_12SEP2026_0830_L2G_AOD_V01R00,3SIMG_L2G_AOD,environment,2026-09-12 08:30:00+00:00,28.95,80.05,0.802,,Optical Thickness,,
3SIMG_12SEP2026_0830_L2G_AOD_V01R00,3SIMG_L2G_AOD,environment,2026-09-12 08:30:00+00:00,28.85,76.65,2.359,,Optical Thickness,,
3SIMG_12SEP2026_0830_L2G_AOD_V01R00,3SIMG_L2G_AOD,environment,2026-09-12 08:30:00+00:00,28.85,78.95,0.983,,Optical Thickness,,
3SIMG_12SEP2026_0830_L2G_AOD_V01R00,3SIMG_L2G_AOD,environment,2026-09-12 08:30:00+00:00,28.85,79.15,0.965,,Optical Thickness,,
3SIMG_12SEP2026_0830_L2G_AOD_V01R00,3SIMG_L2G_AOD,environment,2026-09-12 08:30:00+00:00,28.85,79.25,1.069,,Optical Thickness,,
3SIMG_12SEP2026_0830_L2G_AOD_V01R00,3SIMG_L2G_AOD,environment,2026-09-12 08:30:00+00:00,28.85,79.35,1.48,,Optical Thickness,,
3SIMG_12SEP2026_0830_L2G_AOD_V01R00,3SIMG_L2G_AOD,environment,2026-09-12 08:30:00+00:00,28.85,79.45,1.48,,Optical Thickness,,
3SIMG_12SEP2026_0830_L2G_AOD_V01R00,3SIMG_L2G_AOD,environment,2026-09-12 08:30:00+00:00,28.85,79.55,1.133,,Optical Thickness,,
3SIMG_12SEP2026_0830_L2G_AOD_V01R00,3SIMG_L2G_AOD,environment,2026-09-12 08:30:00+00:00,28.85,79.65,1.059,,Optical Thickness,,
3SIMG_12SEP2026_0830_L2G_AOD_V01R00,3SIMG_L2G_AOD,environment,2026-09-12 08:30:00+00:00,28.85,79.75,1.059,,Optical Thickness,,
3SIMG_12SEP2026_0830_L2G_AOD_V01R00,3SIMG_L2G_AOD,environment,2026-09-12 08:30:00+00:00,28.85,79.85,1.111,,Optical Thickness,,
3SIMG_12SEP2026_0830_L2G_AOD_V01R00,3SIMG_L2G_AOD,environment,2026-09-12 08:30:00+00:00,28.85,79.95,1.074,,Optical Thickness,,
3SIMG_12SEP2026_0830_L2G_AOD_V01R00,3SIMG_L2G_AOD,environment,2026-09-12 08:30:00+00:00,28.85,80.05,0.964,,Optical Thickness,,
3SIMG_12SEP2026_0830_L2G_AOD_V01R00,3SIMG_L2G_AOD,environment,2026-09-12 08:30:00+00:00,28.75,79.35,1.48,,Optical Thickness,,
3SIMG_12SEP2026_0830_L2G_AOD_V01R00,3SIMG_L2G_AOD,environment,2026-09-12 08:30:00+00:00,28.75,79.45,1.317,,Optical Thickness,,
3SIMG_12SEP2026_0830_L2G_AOD_V01R00,3SIMG_L2G_AOD,environment,2026-09-12 08:30:00+00:00,28.75,79.55,1.12,,Optical Thickness,,
3SIMG_12SEP2026_0830_L2G_AOD_V01R00,3SIMG_L2G_AOD,environment,2026-09-12 08:30:00+00:00,28.75,79.65,1.043,,Optical Thickness,,
3SIMG_12SEP2026_0830_L2G_AOD_V01R00,3SIMG_L2G_AOD,environment,2026-09-12 08:30:00+00:00,28.75,79.75,1.043,,Optical Thickness,,
3SIMG_12SEP2026_0830_L2G_AOD_V01R00,3SIMG_L2G_AOD,environment,2026-09-12 08:30:00+00:00,28.75,79.85,1.041,,Optical Thickness,,
3SIMG_12SEP2026_0830_L2G_AOD_V01R00,3SIMG_L2G_AOD,environment,2026-09-12 08:30:00+00:00,28.75,79.95,0.99,,Optical Thickness,,
3SIMG_12SEP2026_0830_L2G_AOD_V01R00,3SIMG_L2G_AOD,environment,2026-09-12 08:30:00+00:00,28.75,80.05,0.802,,Optical Thickness,,
3SIMG_12SEP2026_0830_L2G_AOD_V01R00,3SIMG_L2G_AOD,environment,2026-09-12 08:30:00+00:00,28.75,80.15,0.565,,Optical Thickness,,
3SIMG_12SEP2026_0830_L2G_AOD_V01R00,3SIMG_L2G_AOD,environment,2026-09-12 08:30:00+00:00,28.75,80.25,0.565,,Optical Thickness,,
3SIMG_12SEP2026_0830_L2G_AOD_V01R00,3SIMG_L2G_AOD,environment,2026-09-12 08:30:00+00:00,28.65,76.65,2.421,,Optical Thickness,,
3SIMG_12SEP2026_0830_L2G_AOD_V01R00,3SIMG_L2G_AOD,environment,2026-09-12 08:30:00+00:00,28.65,79.35,1.043,,Optical Thickness,,
3SIMG_12SEP2026_0830_L2G_AOD_V01R00,3SIMG_L2G_AOD,environment,2026-09-12 08:30:00+00:00,28.65,79.45,1.043,,Optical Thickness,,
3SIMG_12SEP2026_0830_L2G_AOD_V01R00,3SIMG_L2G_AOD,environment,2026-09-12 08:30:00+00:00,28.65,79.55,1.043,,Optical Thickness,,
3SIMG_12SEP2026_0830_L2G_AOD_V01R00,3SIMG_L2G_AOD,environment,2026-09-12 08:30:00+00:00,28.65,79.65,0.949,,Optical Thickness,,
3SIMG_12SEP2026_0830_L2G_AOD_V01R00,3SIMG_L2G_AOD,environment,2026-09-12 08:30:00+00:00,28.65,79.75,0.949,,Optical Thickness,,
3SIMG_12SEP2026_0830_L2G_AOD_V01R00,3SIMG_L2G_AOD,environment,2026-09-12 08:30:00+00:00,28.65,79.85,0.712,,Optical Thickness,,
3SIMG_12SEP2026_0830_L2G_AOD_V01R00,3SIMG_L2G_AOD,environment,2026-09-12 08:30:00+00:00,28.65,79.95,0.964,,Optical Thickness,,
3SIMG_12SEP2026_0830_L2G_AOD_V01R00,3SIMG_L2G_AOD,environment,2026-09-12 08:30:00+00:00,28.65,80.05,0.535,,Optical Thickness,,
3SIMG_12SEP2026_0830_L2G_AOD_V01R00,3SIMG_L2G_AOD,environment,2026-09-12 08:30:00+00:00,28.65,80.15,0.548,,Optical Thickness,,
3SIMG_12SEP2026_0830_L2G_AOD_V01R00,3SIMG_L2G_AOD,environment,2026-09-12 08:30:00+00:00,28.65,80.25,0.639,,Optical Thickness,,
3SIMG_12SEP2026_0830_L2G_AOD_V01R00,3SIMG_L2G_AOD,environment,2026-09-12 08:30:00+00:00,28.65,80.35,0.803,,Optical Thickness,,
3SIMG_12SEP2026_0830_L2G_AOD_V01R00,3SIMG_L2G_AOD,environment,2026-09-12 08:30:00+00:00,28.55,78.05,1.487,,Optical Thickness,,
3SIMG_12SEP2026_0830_L2G_AOD_V01R00,3SIMG_L2G_AOD,environment,2026-09-12 08:30:00+00:00,28.55,78.25,1.186,,Optical Thickness,,
3SIMG_12SEP2026_0830_L2G_AOD_V01R00,3SIMG_L2G_AOD,environment,2026-09-12 08:30:00+00:00,28.55,78.35,1.186,,Optical Thickness,,
3SIMG_12SEP2026_0830_L2G_AOD_V01R00,3SIMG_L2G_AOD,environment,2026-09-12 08:30:00+00:00,28.55,79.35,0.637,,Optical Thickness,,
3SIMG_12SEP2026_0830_L2G_AOD_V01R00,3SIMG_L2G_AOD,environment,2026-09-12 08:30:00+00:00,28.55,80.25,0.731,,Optical Thickness,,
3SIMG_12SEP2026_0830_L2G_AOD_V01R00,3SIMG_L2G_AOD,environment,2026-09-12 08:30:00+00:00,28.55,80.35,0.867,,Optical Thickness,,
3SIMG_12SEP2026_0830_L2G_AOD_V01R00,3SIMG_L2G_AOD,environment,2026-09-12 08:30:00+00:00,28.45,78.45,0.944,,Optical Thickness,,
3SIMG_12SEP2026_0830_L2G_AOD_V01R00,3SIMG_L2G_AOD,environment,2026-09-12 08:30:00+00:00,28.45,78.55,0.909,,Optical Thickness,,
3SIMG_12SEP2026_0830_L2G_AOD_V01R00,3SIMG_L2G_AOD,environment,2026-09-12 08:30:00+00:00,28.45,78.65,0.873,,Optical Thickness,,
3SIMG_12SEP2026_0830_L2G_AOD_V01R00,3SIMG_L2G_AOD,environment,2026-09-12 08:30:00+00:00,28.45,78.85,0.799,,Optical Thickness,,
3SIMG_12SEP2026_0830_L2G_AOD_V01R00,3SIMG_L2G_AOD,environment,2026-09-12 08:30:00+00:00,28.45,79.65,0.351,,Optical Thickness,,
3SIMG_12SEP2026_0830_L2G_AOD_V01R00,3SIMG_L2G_AOD,environment,2026-09-12 08:30:00+00:00,28.45,79.75,0.351,,Optical Thickness,,
3SIMG_12SEP2026_0830_L2G_AOD_V01R00,3SIMG_L2G_AOD,environment,2026-09-12 08:30:00+00:00,28.45,80.05,0.543,,Optical Thickness,,
3SIMG_12SEP2026_0830_L2G_AOD_V01R00,3SIMG_L2G_AOD,environment,2026-09-12 08:30:00+00:00,28.45,80.25,0.599,,Optical Thickness,,
3SIMG_12SEP2026_0830_L2G_AOD_V01R00,3SIMG_L2G_AOD,environment,2026-09-12 08:30:00+00:00,28.45,80.35,0.731,,Optical Thickness,,
3SIMG_12SEP2026_0830_L2G_AOD_V01R00,3SIMG_L2G_AOD,environment,2026-09-12 08:30:00+00:00,28.35,77.75,0.933,,Optical Thickness,,
3SIMG_12SEP2026_0830_L2G_AOD_V01R00,3SIMG_L2G_AOD,environment,2026-09-12 08:30:00+00:00,28.35,78.45,0.972,,Optical Thickness,,
3SIMG_12SEP2026_0830_L2G_AOD_V01R00,3SIMG_L2G_AOD,environment,2026-09-12 08:30:00+00:00,28.35,78.55,0.944,,Optical Thickness,,
3SIMG_12SEP2026_0830_L2G_AOD_V01R00,3SIMG_L2G_AOD,environment,2026-09-12 08:30:00+00:00,28.35,78.65,0.917,,Optical Thickness,,
3SIMG_12SEP2026_0830_L2G_AOD_V01R00,3SIMG_L2G_AOD,environment,2026-09-12 08:30:00+00:00,28.35,78.75,0.961,,Optical Thickness,,
3SIMG_12SEP2026_0830_L2G_AOD_V01R00,3SIMG_L2G_AOD,environment,2026-09-12 08:30:00+00:00,28.35,79.65,0.654,,Optical Thickness,,
3SIMG_12SEP2026_0830_L2G_AOD_V01R00,3SIMG_L2G_AOD,environment,2026-09-12 08:30:00+00:00,28.35,79.75,0.654,,Optical Thickness,,
3SIMG_12SEP2026_0830_L2G_AOD_V01R00,3SIMG_L2G_AOD,environment,2026-09-12 08:30:00+00:00,28.35,80.05,0.554,,Optical Thickness,,
3SIMG_12SEP2026_0830_L2G_AOD_V01R00,3SIMG_L2G_AOD,environment,2026-09-12 08:30:00+00:00,28.35,80.15,0.548,,Optical Thickness,,
3SIMG_12SEP2026_0830_L2G_AOD_V01R00,3SIMG_L2G_AOD,environment,2026-09-12 08:30:00+00:00,28.35,80.25,0.553,,Optical Thickness,,
3SIMG_12SEP2026_0830_L2G_AOD_V01R00,3SIMG_L2G_AOD,environment,2026-09-12 08:30:00+00:00,28.35,80.35,0.013,,Optical Thickness,,
3SIMG_12SEP2026_0830_L2G_AOD_V01R00,3SIMG_L2G_AOD,environment,2026-09-12 08:30:00+00:00,28.25,77.95,1.839,,Optical Thickness,,
3SIMG_12SEP2026_0830_L2G_AOD_V01R00,3SIMG_L2G_AOD,environment,2026-09-12 08:30:00+00:00,28.25,78.25,1.001,,Optical Thickness,,
3SIMG_12SEP2026_0830_L2G_AOD_V01R00,3SIMG_L2G_AOD,environment,2026-09-12 08:30:00+00:00,28.25,78.35,1.001,,Optical Thickness,,
3SIMG_12SEP2026_0830_L2G_AOD_V01R00,3SIMG_L2G_AOD,environment,2026-09-12 08:30:00+00:00,28.25,78.45,1.001,,Optical Thickness,,
3SIMG_12SEP2026_0830_L2G_AOD_V01R00,3SIMG_L2G_AOD,environment,2026-09-12 08:30:00+00:00,28.25,78.55,1.035,,Optical Thickness,,
3SIMG_12SEP2026_0830_L2G_AOD_V01R00,3SIMG_L2G_AOD,environment,2026-09-12 08:30:00+00:00,28.25,78.65,1.069,,Optical Thickness,,
3SIMG_12SEP2026_0830_L2G_AOD_V01R00,3SIMG_L2G_AOD,environment,2026-09-12 08:30:00+00:00,28.25,80.15,0.531,,Optical Thickness,,
3SIMG_12SEP2026_0830_L2G_AOD_V01R00,3SIMG_L2G_AOD,environment,2026-09-12 08:30:00+00:00,28.25,80.25,0.489,,Optical Thickness,,
3SIMG_12SEP2026_0830_L2G_AOD_V01R00,3SIMG_L2G_AOD,environment,2026-09-12 08:30:00+00:00,28.15,77.45,1.645,,Optical Thickness,,
3SIMG_12SEP2026_0830_L2G_AOD_V01R00,3SIMG_L2G_AOD,environment,2026-09-12 08:30:00+00:00,28.15,77.65,1.701,,Optical Thickness,,
3SIMG_12SEP2026_0830_L2G_AOD_V01R00,3SIMG_L2G_AOD,environment,2026-09-12 08:30:00+00:00,28.15,78.15,1.168,,Optical Thickness,,
3SIMG_12SEP2026_0830_L2G_AOD_V01R00,3SIMG_L2G_AOD,environment,2026-09-12 08:30:00+00:00,28.15,78.25,1.247,,Optical Thickness,,
3SIMG_12SEP2026_0830_L2G_AOD_V01R00,3SIMG_L2G_AOD,environment,2026-09-12 08:30:00+00:00,28.15,78.35,1.247,,Optical Thickness,,
3SIMG_12SEP2026_0830_L2G_AOD_V01R00,3SIMG_L2G_AOD,environment,2026-09-12 08:30:00+00:00,28.15,78.45,1.28,,Optical Thickness,,
3SIMG_12SEP2026_0830_L2G_AOD_V01R00,3SIMG_L2G_AOD,environment,2026-09-12 08:30:00+00:00,28.15,78.55,1.185,,Optical Thickness,,
3SIMG_12SEP2026_0830_L2G_AOD_V01R00,3SIMG_L2G_AOD,environment,2026-09-12 08:30:00+00:00,28.15,78.95,1.286,,Optical Thickness,,
3SIMG_12SEP2026_0830_L2G_AOD_V01R00,3SIMG_L2G_AOD,environment,2026-09-12 08:30:00+00:00,28.15,80.25,0.47,,Optical Thickness,,
3SIMG_12SEP2026_0830_L2G_AOD_V01R00,3SIMG_L2G_AOD,environment,2026-09-12 08:30:00+00:00,28.05,78.25,1.249,,Optical Thickness,,
3SIMG_12SEP2026_0830_L2G_AOD_V01R00,3SIMG_L2G_AOD,environment,2026-09-12 08:30:00+00:00,28.05,78.35,1.249,,Optical Thickness,,
3SIMG_12SEP2026_0830_L2G_AOD_V01R00,3SIMG_L2G_AOD,environment,2026-09-12 08:30:00+00:00,28.05,78.45,1.282,,Optical Thickness,,
3SIMG_12SEP2026_0830_L2G_AOD_V01R00,3SIMG_L2G_AOD,environment,2026-09-12 08:30:00+00:00,28.05,78.55,1.273,,Optical Thickness,,
3SIMG_12SEP2026_0830_L2G_AOD_V01R00,3SIMG_L2G_AOD,environment,2026-09-12 08:30:00+00:00,28.05,78.65,1.235,,Optical Thickness,,
3SIMG_12SEP2026_0830_L2G_AOD_V01R00,3SIMG_L2G_AOD,environment,2026-09-12 08:30:00+00:00,27.95,77.55,2.62,,Optical Thickness,,
3SIMG_12SEP2026_0830_L2G_AOD_V01R00,3SIMG_L2G_AOD,environment,2026-09-12 08:30:00+00:00,27.95,78.15,1.632,,Optical Thickness,,
3SIMG_12SEP2026_0830_L2G_AOD_V01R00,3SIMG_L2G_AOD,environment,2026-09-12 08:30:00+00:00,27.95,78.65,1.31,,Optical Thickness,,
3SIMG_12SEP2026_0830_L2G_AOD_V01R00,3SIMG_L2G_AOD,environment,2026-09-12 08:30:00+00:00,27.95,78.75,1.229,,Optical Thickness,,
3SIMG_12SEP2026_0830_L2G_AOD_V01R00,3SIMG_L2G_AOD,environment,2026-09-12 08:30:00+00:00,27.95,78.85,1.229,,Optical Thickness,,
3SIMG_12SEP2026_0830_L2G_AOD_V01R00,3SIMG_L2G_AOD,environment,2026-09-12 08:30:00+00:00,27.95,95.75,1.263,,Optical Thickness,,
3SIMG_12SEP2026_0830_L2G_AOD_V01R00,3SIMG_L2G_AOD,environment,2026-09-12 08:30:00+00:00,27.85,77.35,1.653,,Optical Thickness,,
3SIMG_12SEP2026_0830_L2G_AOD_V01R00,3SIMG_L2G_AOD,environment,2026-09-12 08:30:00+00:00,27.85,77.95,1.831,,Optical Thickness,,
3SIMG_12SEP2026_0830_L2G_AOD_V01R00,3SIMG_L2G_AOD,environment,2026-09-12 08:30:00+00:00,27.85,78.05,1.725,,Optical Thickness,,
3SIMG_12SEP2026_0830_L2G_AOD_V01R00,3SIMG_L2G_AOD,environment,2026-09-12 08:30:00+00:00,27.85,78.15,1.66,,Optical Thickness,,
3SIMG_12SEP2026_0830_L2G_AOD_V01R00,3SIMG_L2G_AOD,environment,2026-09-12 08:30:00+00:00,27.85,78.85,2.246,,Optical Thickness,,
3SIMG_12SEP2026_0830_L2G_AOD_V01R00,3SIMG_L2G_AOD,environment,2026-09-12 08:30:00+00:00,27.85,79.45,1.361,,Optical Thickness,,
3SIMG_12SEP2026_0830_L2G_AOD_V01R00,3SIMG_L2G_AOD,environment,2026-09-12 08:30:00+00:00,27.75,75.65,2.624,,Optical Thickness,,
3SIMG_12SEP2026_0830_L2G_AOD_V01R00,3SIMG_L2G_AOD,environment,2026-09-12 08:30:00+00:00,27.75,77.25,1.551,,Optical Thickness,,
3SIMG_12SEP2026_0830_L2G_AOD_V01R00,3SIMG_L2G_AOD,environment,2026-09-12 08:30:00+00:00,27.75,77.75,1.349,,Optical Thickness,,
3SIMG_12SEP2026_0830_L2G_AOD_V01R00,3SIMG_L2G_AOD,environment,2026-09-12 08:30:00+00:00,27.75,77.85,1.831,,Optical Thickness,,
3SIMG_12SEP2026_0830_L2G_AOD_V01R00,3SIMG_L2G_AOD,environment,2026-09-12 08:30:00+00:00,27.75,78.55,2.308,,Optical Thickness,,
3SIMG_12SEP2026_0830_L2G_AOD_V01R00,3SIMG_L2G_AOD,environment,2026-09-12 08:30:00+00:00,27.75,79.45,1.059,,Optical Thickness,,
3SIMG_12SEP2026_0830_L2G_AOD_V01R00,3SIMG_L2G_AOD,environment,2026-09-12 08:30:00+00:00,27.65,77.05,2.345,,Optical Thickness,,
3SIMG_12SEP2026_0830_L2G_AOD_V01R00,3SIMG_L2G_AOD,environment,2026-09-12 08:30:00+00:00,27.65,77.35,2.312,,Optical Thickness,,
3SIMG_12SEP2026_0830_L2G_AOD_V01R00,3SIMG_L2G_AOD,environment,2026-09-12 08:30:00+00:00,27.65,77.75,1.352,,Optical Thickness,,
3SIMG_12SEP2026_0830_L2G_AOD_V01R00,3SIMG_L2G_AOD,environment,2026-09-12 08:30:00+00:00,27.65,77.95,2.088,,Optical Thickness,,
3SIMG_12SEP2026_0830_L2G_AOD_V01R00,3SIMG_L2G_AOD,environment,2026-09-12 08:30:00+00:00,27.65,78.65,1.462,,Optical Thickness,,
3SIMG_12SEP2026_0830_L2G_AOD_V01R00,3SIMG_L2G_AOD,environment,2026-09-12 08:30:00+00:00,27.65,78.75,1.365,,Optical Thickness,,
3SIMG_12SEP2026_0830_L2G_AOD_V01R00,3SIMG_L2G_AOD,environment,2026-09-12 08:30:00+00:00,27.65,78.85,1.161,,Optical Thickness,,
3SIMG_12SEP2026_0830_L2G_AOD_V01R00,3SIMG_L2G_AOD,environment,2026-09-12 08:30:00+00:00,27.65,95.55,0.985,,Optical Thickness,,
3SIMG_12SEP2026_0830_L2G_AOD_V01R00,3SIMG_L2G_AOD,environment,2026-09-12 08:30:00+00:00,27.55,78.95,2.532,,Optical Thickness,,
3SIMG_12SEP2026_0830_L2G_AOD_V01R00,3SIMG_L2G_AOD,environment,2026-09-12 08:30:00+00:00,27.55,79.25,1.953,,Optical Thickness,,
3SIMG_12SEP2026_0830_L2G_AOD_V01R00,3SIMG_L2G_AOD,environment,2026-09-12 08:30:00+00:00,27.55,79.35,1.292,,Optical Thickness,,
3SIMG_12SEP2026_0830_L2G_AOD_V01R00,3SIMG_L2G_AOD,environment,2026-09-12 08:30:00+00:00,27.55,79.45,0.812,,Optical Thickness,,
3SIMG_12SEP2026_0830_L2G_AOD_V01R00,3SIMG_L2G_AOD,environment,2026-09-12 08:30:00+00:00,27.55,79.55,0.582,,Optical Thickness,,
3SIMG_12SEP2026_0830_L2G_AOD_V01R00,3SIMG_L2G_AOD,environment,2026-09-12 08:30:00+00:00,27.45,79.25,1.611,,Optical Thickness,,
3SIMG_12SEP2026_0830_L2G_AOD_V01R00,3SIMG_L2G_AOD,environment,2026-09-12 08:30:00+00:00,27.45,79.35,1.292,,Optical Thickness,,
3SIMG_12SEP2026_0830_L2G_AOD_V01R00,3SIMG_L2G_AOD,environment,2026-09-12 08:30:00+00:00,27.45,79.45,0.813,,Optical Thickness,,
3SIMG_12SEP2026_0830_L2G_AOD_V01R00,3SIMG_L2G_AOD,environment,2026-09-12 08:30:00+00:00,27.45,79.55,0.812,,Optical Thickness,,
3SIMG_12SEP2026_0830_L2G_AOD_V01R00,3SIMG_L2G_AOD,environment,2026-09-12 08:30:00+00:00,27.45,95.75,1.092,,Optical Thickness,,
3SIMG_12SEP2026_0830_L2G_AOD_V01R00,3SIMG_L2G_AOD,environment,2026-09-12 08:30:00+00:00,27.35,77.55,1.364,,Optical Thickness,,
3SIMG_12SEP2026_0830_L2G_AOD_V01R00,3SIMG_L2G_AOD,environment,2026-09-12 08:30:00+00:00,27.35,79.35,0.967,,Optical Thickness,,
3SIMG_12SEP2026_0830_L2G_AOD_V01R00,3SIMG_L2G_AOD,environment,2026-09-12 08:30:00+00:00,27.35,79.45,0.813,,Optical Thickness,,
3SIMG_12SEP2026_0830_L2G_AOD_V01R00,3SIMG_L2G_AOD,environment,2026-09-12 08:30:00+00:00,27.25,78.65,1.228,,Optical Thickness,,
3SIMG_12SEP2026_0830_L2G_AOD_V01R00,3SIMG_L2G_AOD,environment,2026-09-12 08:30:00+00:00,27.25,94.15,1.273,,Optical Thickness,,
3SIMG_12SEP2026_0830_L2G_AOD_V01R00,3SIMG_L2G_AOD,environment,2026-09-12 08:30:00+00:00,27.15,78.55,2.642,,Optical Thickness,,
3SIMG_12SEP2026_0830_L2G_AOD_V01R00,3SIMG_L2G_AOD,environment,2026-09-12 08:30:00+00:00,27.15,78.75,1.359,,Optical Thickness,,
3SIMG_12SEP2026_0830_L2G_AOD_V01R00,3SIMG_L2G_AOD,environment,2026-09-12 08:30:00+00:00,27.05,78.85,1.815,,Optical Thickness,,
3SIMG_12SEP2026_0830_L2G_AOD_V01R00,3SIMG_L2G_AOD,environment,2026-09-12 08:30:00+00:00,26.95,77.65,2.29,,Optical Thickness,,
3SIMG_12SEP2026_0830_L2G_AOD_V01R00,3SIMG_L2G_AOD,environment,2026-09-12 08:30:00+00:00,26.95,78.25,1.748,,Optical Thickness,,
3SIMG_12SEP2026_0830_L2G_AOD_V01R00,3SIMG_L2G_AOD,environment,2026-09-12 08:30:00+00:00,26.95,78.35,1.748,,Optical Thickness,,
3SIMG_12SEP2026_0830_L2G_AOD_V01R00,3SIMG_L2G_AOD,environment,2026-09-12 08:30:00+00:00,26.95,79.05,1.414,,Optical Thickness,,
3SIMG_12SEP2026_0830_L2G_AOD_V01R00,3SIMG_L2G_AOD,environment,2026-09-12 08:30:00+00:00,26.95,79.15,1.046,,Optical Thickness,,
3SIMG_12SEP2026_0830_L2G_AOD_V01R00,3SIMG_L2G_AOD,environment,2026-09-12 08:30:00+00:00,26.95,79.25,0.955,,Optical Thickness,,
3SIMG_12SEP2026_0830_L2G_AOD_V01R00,3SIMG_L2G_AOD,environment,2026-09-12 08:30:00+00:00,26.95,79.35,1.924,,Optical Thickness,,
3SIMG_12SEP2026_0830_L2G_AOD_V01R00,3SIMG_L2G_AOD,environment,2026-09-12 08:30:00+00:00,26.95,94.15,1.398,,Optical Thickness,,
3SIMG_12SEP2026_0830_L2G_AOD_V01R00,3SIMG_L2G_AOD,environment,2026-09-12 08:30:00+00:00,26.85,77.75,1.482,,Optical Thickness,,
3SIMG_12SEP2026_0830_L2G_AOD_V01R00,3SIMG_L2G_AOD,environment,2026-09-12 08:30:00+00:00,26.85,79.15,1.085,,Optical Thickness,,
3SIMG_12SEP2026_0830_L2G_AOD_V01R00,3SIMG_L2G_AOD,environment,2026-09-12 08:30:00+00:00,26.85,79.25,1.085,,Optical Thickness,,
3SIMG_12SEP2026_0830_L2G_AOD_V01R00,3SIMG_L2G_AOD,environment,2026-09-12 08:30:00+00:00,26.75,77.45,1.889,,Optical Thickness,,
3SIMG_12SEP2026_0830_L2G_AOD_V01R00,3SIMG_L2G_AOD,environment,2026-09-12 08:30:00+00:00,26.75,77.55,1.432,,Optical Thickness,,
3SIMG_12SEP2026_0830_L2G_AOD_V01R00,3SIMG_L2G_AOD,environment,2026-09-12 08:30:00+00:00,26.75,77.95,1.544,,Optical Thickness,,
3SIMG_12SEP2026_0830_L2G_AOD_V01R00,3SIMG_L2G_AOD,environment,2026-09-12 08:30:00+00:00,26.75,78.05,2.015,,Optical Thickness,,
3SIMG_12SEP2026_0830_L2G_AOD_V01R00,3SIMG_L2G_AOD,environment,2026-09-12 08:30:00+00:00,26.75,78.75,2.284,,Optical Thickness,,
3SIMG_12SEP2026_0830_L2G_AOD_V01R00,3SIMG_L2G_AOD,environment,2026-09-12 08:30:00+00:00,26.75,79.25,1.236,,Optical Thickness,,
3SIMG_12SEP2026_0830_L2G_AOD_V01R00,3SIMG_L2G_AOD,environment,2026-09-12 08:30:00+00:00,26.75,94.55,1.985,,Optical Thickness,,
3SIMG_12SEP2026_0830_L2G_AOD_V01R00,3SIMG_L2G_AOD,environment,2026-09-12 08:30:00+00:00,26.75,94.65,1.122,,Optical Thickness,,
3SIMG_12SEP2026_0830_L2G_AOD_V01R00,3SIMG_L2G_AOD,environment,2026-09-12 08:30:00+00:00,26.65,76.35,2.385,,Optical Thickness,,
3SIMG_12SEP2026_0830_L2G_AOD_V01R00,3SIMG_L2G_AOD,environment,2026-09-12 08:30:00+00:00,26.65,76.55,2.555,,Optical Thickness,,
3SIMG_12SEP2026_0830_L2G_AOD_V01R00,3SIMG_L2G_AOD,environment,2026-09-12 08:30:00+00:00,26.65,77.05,1.937,,Optical Thickness,,
3SIMG_12SEP2026_0830_L2G_AOD_V01R00,3SIMG_L2G_AOD,environment,2026-09-12 08:30:00+00:00,26.65,77.15,1.807,,Optical Thickness,,
3SIMG_12SEP2026_0830_L2G_AOD_V01R00,3SIMG_L2G_AOD,environment,2026-09-12 08:30:00+00:00,26.65,77.25,1.739,,Optical Thickness,,
3SIMG_12SEP2026_0830_L2G_AOD_V01R00,3SIMG_L2G_AOD,environment,2026-09-12 08:30:00+00:00,26.65,77.35,1.899,,Optical Thickness,,
3SIMG_12SEP2026_0830_L2G_AOD_V01R00,3SIMG_L2G_AOD,environment,2026-09-12 08:30:00+00:00,26.55,76.85,2.883,,Optical Thickness,,
3SIMG_12SEP2026_0830_L2G_AOD_V01R00,3SIMG_L2G_AOD,environment,2026-09-12 08:30:00+00:00,26.55,76.95,2.883,,Optical Thickness,,
3SIMG_12SEP2026_0830_L2G_AOD_V01R00,3SIMG_L2G_AOD,environment,2026-09-12 08:30:00+00:00,26.55,77.05,1.834,,Optical Thickness,,
3SIMG_12SEP2026_0830_L2G_AOD_V01R00,3SIMG_L2G_AOD,environment,2026-09-12 08:30:00+00:00,26.55,77.15,1.778,,Optical Thickness,,
3SIMG_12SEP2026_0830_L2G_AOD_V01R00,3SIMG_L2G_AOD,environment,2026-09-12 08:30:00+00:00,26.55,77.25,1.724,,Optical Thickness,,
3SIMG_12SEP2026_0830_L2G_AOD_V01R00,3SIMG_L2G_AOD,environment,2026-09-12 08:30:00+00:00,26.55,77.95,1.553,,Optical Thickness,,
3SIMG_12SEP2026_0830_L2G_AOD_V01R00,3SIMG_L2G_AOD,environment,2026-09-12 08:30:00+00:00,26.45,77.05,1.778,,Optical Thickness,,
3SIMG_12SEP2026_0830_L2G_AOD_V01R00,3SIMG_L2G_AOD,environment,2026-09-12 08:30:00+00:00,26.45,77.15,1.778,,Optical Thickness,,
3SIMG_12SEP2026_0830_L2G_AOD_V01R00,3SIMG_L2G_AOD,environment,2026-09-12 08:30:00+00:00,26.45,77.25,1.859,,Optical Thickness,,
3SIMG_12SEP2026_0830_L2G_AOD_V01R00,3SIMG_L2G_AOD,environment,2026-09-12 08:30:00+00:00,26.45,77.65,1.82,,Optical Thickness,,
3SIMG_12SEP2026_0830_L2G_AOD_V01R00,3SIMG_L2G_AOD,environment,2026-09-12 08:30:00+00:00,26.35,78.05,2.246,,Optical Thickness,,
3SIMG_12SEP2026_0830_L2G_AOD_V01R00,3SIMG_L2G_AOD,environment,2026-09-12 08:30:00+00:00,25.85,78.85,1.88,,Optical Thickness,,
3SIMG_12SEP2026_0830_L2G_AOD_V01R00,3SIMG_L2G_AOD,environment,2026-09-12 08:30:00+00:00,25.75,79.45,2.61,,Optical Thickness,,
3SIMG_12SEP2026_0830_L2G_AOD_V01R00,3SIMG_L2G_AOD,environment,2026-09-12 08:30:00+00:00,25.25,76.35,2.902,,Optical Thickness,,
3SIMG_12SEP2026_0830_L2G_AOD_V01R00,3SIMG_L2G_AOD,environment,2026-09-12 08:30:00+00:00,24.85,92.95,0.835,,Optical Thickness,,
3SIMG_12SEP2026_0830_L2G_AOD_V01R00,3SIMG_L2G_AOD,environment,2026-09-12 08:30:00+00:00,24.45,93.25,0.534,,Optical Thickness,,
3SIMG_12SEP2026_0830_L2G_AOD_V01R00,3SIMG_L2G_AOD,environment,2026-09-12 08:30:00+00:00,24.05,70.25,0.987,,Optical Thickness,,
3SIMG_12SEP2026_0830_L2G_AOD_V01R00,3SIMG_L2G_AOD,environment,2026-09-12 08:30:00+00:00,24.05,70.35,0.953,,Optical Thickness,,
3SIMG_12SEP2026_0830_L2G_AOD_V01R00,3SIMG_L2G_AOD,environment,2026-09-12 08:30:00+00:00,24.05,70.45,1.055,,Optical Thickness,,
3SIMG_12SEP2026_0830_L2G_AOD_V01R00,3SIMG_L2G_AOD,environment,2026-09-12 08:30:00+00:00,23.95,68.35,0.72,,Optical Thickness,,
3SIMG_12SEP2026_0830_L2G_AOD_V01R00,3SIMG_L2G_AOD,environment,2026-09-12 08:30:00+00:00,23.95,68.45,0.767,,Optical Thickness,,
3SIMG_12SEP2026_0830_L2G_AOD_V01R00,3SIMG_L2G_AOD,environment,2026-09-12 08:30:00+00:00,23.95,69.95,0.886,,Optical Thickness,,
3SIMG_12SEP2026_0830_L2G_AOD_V01R00,3SIMG_L2G_AOD,environment,2026-09-12 08:30:00+00:00,23.95,70.05,0.886,,Optical Thickness,,
3SIMG_12SEP2026_0830_L2G_AOD_V01R00,3SIMG_L2G_AOD,environment,2026-09-12 08:30:00+00:00,23.95,70.25,0.969,,Optical Thickness,,
3SIMG_12SEP2026_0830_L2G_AOD_V01R00,3SIMG_L2G_AOD,environment,2026-09-12 08:30:00+00:00,23.95,70.35,0.953,,Optical Thickness,,
3SIMG_12SEP2026_0830_L2G_AOD_V01R00,3SIMG_L2G_AOD,environment,2026-09-12 08:30:00+00:00,23.95,70.45,0.864,,Optical Thickness,,
3SIMG_12SEP2026_0830_L2G_AOD_V01R00,3SIMG_L2G_AOD,environment,2026-09-12 08:30:00+00:00,23.85,68.65,0.794,,Optical Thickness,,
3SIMG_12SEP2026_0830_L2G_AOD_V01R00,3SIMG_L2G_AOD,environment,2026-09-12 08:30:00+00:00,23.75,68.35,0.525,,Optical Thickness,,
3SIMG_12SEP2026_0830_L2G_AOD_V01R00,3SIMG_L2G_AOD,environment,2026-09-12 08:30:00+00:00,23.75,68.45,0.576,,Optical Thickness,,
3SIMG_12SEP2026_0830_L2G_AOD_V01R00,3SIMG_L2G_AOD,environment,2026-09-12 08:30:00+00:00,23.65,68.35,0.576,,Optical Thickness,,
3SIMG_12SEP2026_0830_L2G_AOD_V01R00,3SIMG_L2G_AOD,environment,2026-09-12 08:30:00+00:00,23.45,68.55,0.829,,Optical Thickness,,
3SIMG_12SEP2026_0830_L2G_AOD_V01R00,3SIMG_L2G_AOD,environment,2026-09-12 08:30:00+00:00,23.45,68.65,0.829,,Optical Thickness,,
3SIMG_12SEP2026_0830_L2G_AOD_V01R00,3SIMG_L2G_AOD,environment,2026-09-12 08:30:00+00:00,23.35,68.75,0.964,,Optical Thickness,,
3SIMG_12SEP2026_0830_L2G_AOD_V01R00,3SIMG_L2G_AOD,environment,2026-09-12 08:30:00+00:00,23.25,68.75,0.594,,Optical Thickness,,
3SIMG_12SEP2026_0830_L2G_AOD_V01R00,3SIMG_L2G_AOD,environment,2026-09-12 08:30:00+00:00,23.15,69.15,0.986,,Optical Thickness,,
3SIMG_12SEP2026_0830_L2G_AOD_V01R00,3SIMG_L2G_AOD,environment,2026-09-12 08:30:00+00:00,23.05,69.05,0.855,,Optical Thickness,,
3SIMG_12SEP2026_0830_L2G_AOD_V01R00,3SIMG_L2G_AOD,environment,2026-09-12 08:30:00+00:00,23.05,69.25,1.187,,Optical Thickness,,
3SIMG_12SEP2026_0830_L2G_AOD_V01R00,3SIMG_L2G_AOD,environment,2026-09-12 08:30:00+00:00,22.95,69.25,1.457,,Optical Thickness,,
3SIMG_12SEP2026_0830_L2G_AOD_V01R00,3SIMG_L2G_AOD,environment,2026-09-12 08:30:00+00:00,22.95,69.35,1.033,,Optical Thickness,,
3SIMG_12SEP2026_0830_L2G_AOD_V01R00,3SIMG_L2G_AOD,environment,2026-09-12 08:30:00+00:00,22.95,69.45,1.091,,Optical Thickness,,
3SIMG_12SEP2026_0830_L2G_AOD_V01R00,3SIMG_L2G_AOD,environment,2026-09-12 08:30:00+00:00,22.95,69.95,1.791,,Optical Thickness,,
3SIMG_12SEP2026_0830_L2G_AOD_V01R00,3SIMG_L2G_AOD,environment,2026-09-12 08:30:00+00:00,22.95,70.05,1.791,,Optical Thickness,,
3SIMG_12SEP2026_0830_L2G_AOD_V01R00,3SIMG_L2G_AOD,environment,2026-09-12 08:30:00+00:00,22.85,69.55,1.399,,Optical Thickness,,
3SIMG_12SEP2026_0830_L2G_AOD_V01R00,3SIMG_L2G_AOD,environment,2026-09-12 08:30:00+00:00,22.85,69.65,1.412,,Optical Thickness,,
3SIMG_12SEP2026_0830_L2G_AOD_V01R00,3SIMG_L2G_AOD,environment,2026-09-12 08:30:00+00:00,22.85,69.75,1.592,,Optical Thickness,,
3SIMG_12SEP2026_0830_L2G_AOD_V01R00,3SIMG_L2G_AOD,environment,2026-09-12 08:30:00+00:00,22.85,72.65,2.887,,Optical Thickness,,
3SIMG_12SEP2026_0830_L2G_AOD_V01R00,3SIMG_L2G_AOD,environment,2026-09-12 08:30:00+00:00,22.85,72.75,2.887,,Optical Thickness,,
3SIMG_12SEP2026_0830_L2G_AOD_V01R00,3SIMG_L2G_AOD,environment,2026-09-12 08:30:00+00:00,22.85,72.85,2.897,,Optical Thickness,,
3SIMG_12SEP2026_0830_L2G_AOD_V01R00,3SIMG_L2G_AOD,environment,2026-09-12 08:30:00+00:00,22.75,72.85,2.892,,Optical Thickness,,
3SIMG_12SEP2026_0830_L2G_AOD_V01R00,3SIMG_L2G_AOD,environment,2026-09-12 08:30:00+00:00,22.75,72.95,2.897,,Optical Thickness,,
3SIMG_12SEP2026_0830_L2G_AOD_V01R00,3SIMG_L2G_AOD,environment,2026-09-12 08:30:00+00:00,22.35,69.65,1.344,,Optical Thickness,,
3SIMG_12SEP2026_0830_L2G_AOD_V01R00,3SIMG_L2G_AOD,environment,2026-09-12 08:30:00+00:00,22.35,69.75,1.632,,Optical Thickness,,
3SIMG_12SEP2026_0830_L2G_AOD_V01R00,3SIMG_L2G_AOD,environment,2026-09-12 08:30:00+00:00,21.95,81.85,2.606,,Optical Thickness,,
3SIMG_12SEP2026_0830_L2G_AOD_V01R00,3SIMG_L2G_AOD,environment,2026-09-12 08:30:00+00:00,18.05,74.05,1.856,,Optical Thickness,,
3SIMG_12SEP2026_0830_L2G_AOD_V01R00,3SIMG_L2G_AOD,environment,2026-09-12 08:30:00+00:00,18.05,74.15,1.856,,Optical Thickness,,
3SIMG_12SEP2026_0830_L2G_AOD_V01R00,3SIMG_L2G_AOD,environment,2026-09-12 08:30:00+00:00,17.95,73.95,1.672,,Optical Thickness,,
3SIMG_12SEP2026_0830_L2G_AOD_V01R00,3SIMG_L2G_AOD,environment,2026-09-12 08:30:00+00:00,17.95,74.05,1.644,,Optical Thickness,,
3SIMG_12SEP2026_0830_L2G_AOD_V01R00,3SIMG_L2G_AOD,environment,2026-09-12 08:30:00+00:00,17.95,74.15,1.644,,Optical Thickness,,
3SIMG_12SEP2026_0830_L2G_AOD_V01R00,3SIMG_L2G_AOD,environment,2026-09-12 08:30:00+00:00,17.85,74.05,1.896,,Optical Thickness,,
3SIMG_12SEP2026_0830_L2G_AOD_V01R00,3SIMG_L2G_AOD,environment,2026-09-12 08:30:00+00:00,17.85,74.15,1.896,,Optical Thickness,,
3SIMG_12SEP2026_0830_L2G_AOD_V01R00,3SIMG_L2G_AOD,environment,2026-09-12 08:30:00+00:00,17.35,73.55,1.131,,Optical Thickness,,
3SIMG_12SEP2026_0830_L2G_AOD_V01R00,3SIMG_L2G_AOD,environment,2026-09-12 08:30:00+00:00,17.35,74.35,1.91,,Optical Thickness,,
3SIMG_12SEP2026_0830_L2G_AOD_V01R00,3SIMG_L2G_AOD,environment,2026-09-12 08:30:00+00:00,17.25,74.35,1.558,,Optical Thickness,,
3SIMG_12SEP2026_0830_L2G_AOD_V01R00,3SIMG_L2G_AOD,environment,2026-09-12 08:30:00+00:00,17.25,74.45,2.099,,Optical Thickness,,
3SIMG_12SEP2026_0830_L2G_AOD_V01R00,3SIMG_L2G_AOD,environment,2026-09-12 08:30:00+00:00,17.25,74.55,2.166,,Optical Thickness,,
3SIMG_12SEP2026_0830_L2G_AOD_V01R00,3SIMG_L2G_AOD,environment,2026-09-12 08:30:00+00:00,17.15,74.25,1.985,,Optical Thickness,,
3SIMG_12SEP2026_0830_L2G_AOD_V01R00,3SIMG_L2G_AOD,environment,2026-09-12 08:30:00+00:00,17.15,74.35,1.558,,Optical Thickness,,
3SIMG_12SEP2026_0830_L2G_AOD_V01R00,3SIMG_L2G_AOD,environment,2026-09-12 08:30:00+00:00,17.15,74.45,1.504,,Optical Thickness,,
3SIMG_12SEP2026_0830_L2G_AOD_V01R00,3SIMG_L2G_AOD,environment,2026-09-12 08:30:00+00:00,17.05,73.35,0.729,,Optical Thickness,,
3SIMG_12SEP2026_0830_L2G_AOD_V01R00,3SIMG_L2G_AOD,environment,2026-09-12 08:30:00+00:00,17.05,73.55,1.821,,Optical Thickness,,
3SIMG_12SEP2026_0830_L2G_AOD_V01R00,3SIMG_L2G_AOD,environment,2026-09-12 08:30:00+00:00,17.05,73.65,1.162,,Optical Thickness,,
3SIMG_12SEP2026_0830_L2G_AOD_V01R00,3SIMG_L2G_AOD,environment,2026-09-12 08:30:00+00:00,17.05,74.35,1.299,,Optical Thickness,,
3SIMG_12SEP2026_0830_L2G_AOD_V01R00,3SIMG_L2G_AOD,environment,2026-09-12 08:30:00+00:00,17.05,74.45,1.194,,Optical Thickness,,
3SIMG_12SEP2026_0830_L2G_AOD_V01R00,3SIMG_L2G_AOD,environment,2026-09-12 08:30:00+00:00,17.05,74.55,1.317,,Optical Thickness,,
3SIMG_12SEP2026_0830_L2G_AOD_V01R00,3SIMG_L2G_AOD,environment,2026-09-12 08:30:00+00:00,16.95,73.45,1.295,,Optical Thickness,,
3SIMG_12SEP2026_0830_L2G_AOD_V01R00,3SIMG_L2G_AOD,environment,2026-09-12 08:30:00+00:00,16.95,73.55,1.229,,Optical Thickness,,
3SIMG_12SEP2026_0830_L2G_AOD_V01R00,3SIMG_L2G_AOD,environment,2026-09-12 08:30:00+00:00,16.95,73.65,1.295,,Optical Thickness,,
3SIMG_12SEP2026_0830_L2G_AOD_V01R00,3SIMG_L2G_AOD,environment,2026-09-12 08:30:00+00:00,16.95,74.25,1.282,,Optical Thickness,,
3SIMG_12SEP2026_0830_L2G_AOD_V01R00,3SIMG_L2G_AOD,environment,2026-09-12 08:30:00+00:00,16.95,74.35,1.282,,Optical Thickness,,
3SIMG_12SEP2026_0830_L2G_AOD_V01R00,3SIMG_L2G_AOD,environment,2026-09-12 08:30:00+00:00,16.95,74.45,1.068,,Optical Thickness,,
3SIMG_12SEP2026_0830_L2G_AOD_V01R00,3SIMG_L2G_AOD,environment,2026-09-12 08:30:00+00:00,16.95,74.55,1.058,,Optical Thickness,,
3SIMG_12SEP2026_0830_L2G_AOD_V01R00,3SIMG_L2G_AOD,environment,2026-09-12 08:30:00+00:00,16.95,74.65,1.257,,Optical Thickness,,
3SIMG_12SEP2026_0830_L2G_AOD_V01R00,3SIMG_L2G_AOD,environment,2026-09-12 08:30:00+00:00,16.85,73.45,1.189,,Optical Thickness,,
3SIMG_12SEP2026_0830_L2G_AOD_V01R00,3SIMG_L2G_AOD,environment,2026-09-12 08:30:00+00:00,16.85,73.55,1.034,,Optical Thickness,,
3SIMG_12SEP2026_0830_L2G_AOD_V01R00,3SIMG_L2G_AOD,environment,2026-09-12 08:30:00+00:00,16.85,73.65,1.189,,Optical Thickness,,
3SIMG_12SEP2026_0830_L2G_AOD_V01R00,3SIMG_L2G_AOD,environment,2026-09-12 08:30:00+00:00,16.85,74.25,1.263,,Optical Thickness,,
3SIMG_12SEP2026_0830_L2G_AOD_V01R00,3SIMG_L2G_AOD,environment,2026-09-12 08:30:00+00:00,16.85,74.35,1.071,,Optical Thickness,,
3SIMG_12SEP2026_0830_L2G_AOD_V01R00,3SIMG_L2G_AOD,environment,2026-09-12 08:30:00+00:00,16.85,74.45,1.058,,Optical Thickness,,
3SIMG_12SEP2026_0830_L2G_AOD_V01R00,3SIMG_L2G_AOD,environment,2026-09-12 08:30:00+00:00,16.85,74.55,1.052,,Optical Thickness,,
3SIMG_12SEP2026_0830_L2G_AOD_V01R00,3SIMG_L2G_AOD,environment,2026-09-12 08:30:00+00:00,16.85,74.65,1.136,,Optical Thickness,,
3SIMG_12SEP2026_0830_L2G_AOD_V01R00,3SIMG_L2G_AOD,environment,2026-09-12 08:30:00+00:00,16.85,74.75,1.3,,Optical Thickness,,
3SIMG_12SEP2026_0830_L2G_AOD_V01R00,3SIMG_L2G_AOD,environment,2026-09-12 08:30:00+00:00,16.75,73.45,0.974,,Optical Thickness,,
3SIMG_12SEP2026_0830_L2G_AOD_V01R00,3SIMG_L2G_AOD,environment,2026-09-12 08:30:00+00:00,16.75,73.55,0.913,,Optical Thickness,,
3SIMG_12SEP2026_0830_L2G_AOD_V01R00,3SIMG_L2G_AOD,environment,2026-09-12 08:30:00+00:00,16.75,73.65,0.913,,Optical Thickness,,
3SIMG_12SEP2026_0830_L2G_AOD_V01R00,3SIMG_L2G_AOD,environment,2026-09-12 08:30:00+00:00,16.75,74.25,1.069,,Optical Thickness,,
3SIMG_12SEP2026_0830_L2G_AOD_V01R00,3SIMG_L2G_AOD,environment,2026-09-12 08:30:00+00:00,16.75,74.35,1.263,,Optical Thickness,,
3SIMG_12SEP2026_0830_L2G_AOD_V01R00,3SIMG_L2G_AOD,environment,2026-09-12 08:30:00+00:00,16.75,74.55,1.054,,Optical Thickness,,
3SIMG_12SEP2026_0830_L2G_AOD_V01R00,3SIMG_L2G_AOD,environment,2026-09-12 08:30:00+00:00,16.75,74.65,1.1,,Optical Thickness,,
3SIMG_12SEP2026_0830_L2G_AOD_V01R00,3SIMG_L2G_AOD,environment,2026-09-12 08:30:00+00:00,16.75,74.75,1.3,,Optical Thickness,,
3SIMG_12SEP2026_0830_L2G_AOD_V01R00,3SIMG_L2G_AOD,environment,2026-09-12 08:30:00+00:00,16.75,74.95,1.628,,Optical Thickness,,
3SIMG_12SEP2026_0830_L2G_AOD_V01R00,3SIMG_L2G_AOD,environment,2026-09-12 08:30:00+00:00,16.65,73.45,0.913,,Optical Thickness,,
3SIMG_12SEP2026_0830_L2G_AOD_V01R00,3SIMG_L2G_AOD,environment,2026-09-12 08:30:00+00:00,16.65,73.55,0.796,,Optical Thickness,,
3SIMG_12SEP2026_0830_L2G_AOD_V01R00,3SIMG_L2G_AOD,environment,2026-09-12 08:30:00+00:00,16.65,73.65,0.854,,Optical Thickness,,
3SIMG_12SEP2026_0830_L2G_AOD_V01R00,3SIMG_L2G_AOD,environment,2026-09-12 08:30:00+00:00,16.65,74.55,1.054,,Optical Thickness,,
3SIMG_12SEP2026_0830_L2G_AOD_V01R00,3SIMG_L2G_AOD,environment,2026-09-12 08:30:00+00:00,16.65,75.05,1.832,,Optical Thickness,,
3SIMG_12SEP2026_0830_L2G_AOD_V01R00,3SIMG_L2G_AOD,environment,2026-09-12 08:30:00+00:00,16.65,75.15,1.891,,Optical Thickness,,
3SIMG_12SEP2026_0830_L2G_AOD_V01R00,3SIMG_L2G_AOD,environment,2026-09-12 08:30:00+00:00,16.65,75.25,2.266,,Optical Thickness,,
3SIMG_12SEP2026_0830_L2G_AOD_V01R00,3SIMG_L2G_AOD,environment,2026-09-12 08:30:00+00:00,16.65,75.45,1.958,,Optical Thickness,,
3SIMG_12SEP2026_0830_L2G_AOD_V01R00,3SIMG_L2G_AOD,environment,2026-09-12 08:30:00+00:00,16.65,75.55,1.958,,Optical Thickness,,
3SIMG_12SEP2026_0830_L2G_AOD_V01R00,3SIMG_L2G_AOD,environment,2026-09-12 08:30:00+00:00,16.55,73.55,0.717,,Optical Thickness,,
3SIMG_12SEP2026_0830_L2G_AOD_V01R00,3SIMG_L2G_AOD,environment,2026-09-12 08:30:00+00:00,16.55,73.75,1.037,,Optical Thickness,,
3SIMG_12SEP2026_0830_L2G_AOD_V01R00,3SIMG_L2G_AOD,environment,2026-09-12 08:30:00+00:00,16.55,74.45,1.883,,Optical Thickness,,
3SIMG_12SEP2026_0830_L2G_AOD_V01R00,3SIMG_L2G_AOD,environment,2026-09-12 08:30:00+00:00,16.55,74.65,1.677,,Optical Thickness,,
3SIMG_12SEP2026_0830_L2G_AOD_V01R00,3SIMG_L2G_AOD,environment,2026-09-12 08:30:00+00:00,16.55,75.15,1.862,,Optical Thickness,,
3SIMG_12SEP2026_0830_L2G_AOD_V01R00,3SIMG_L2G_AOD,environment,2026-09-12 08:30:00+00:00,16.55,75.25,1.831,,Optical Thickness,,
3SIMG_12SEP2026_0830_L2G_AOD_V01R00,3SIMG_L2G_AOD,environment,2026-09-12 08:30:00+00:00,16.55,75.35,1.958,,Optical Thickness,,
3SIMG_12SEP2026_0830_L2G_AOD_V01R00,3SIMG_L2G_AOD,environment,2026-09-12 08:30:00+00:00,16.45,74.45,1.691,,Optical Thickness,,
3SIMG_12SEP2026_0830_L2G_AOD_V01R00,3SIMG_L2G_AOD,environment,2026-09-12 08:30:00+00:00,16.45,75.15,1.772,,Optical Thickness,,
3SIMG_12SEP2026_0830_L2G_AOD_V01R00,3SIMG_L2G_AOD,environment,2026-09-12 08:30:00+00:00,16.45,75.25,1.786,,Optical Thickness,,
3SIMG_12SEP2026_0830_L2G_AOD_V01R00,3SIMG_L2G_AOD,environment,2026-09-12 08:30:00+00:00,16.45,75.35,1.846,,Optical Thickness,,
3SIMG_12SEP2026_0830_L2G_AOD_V01R00,3SIMG_L2G_AOD,environment,2026-09-12 08:30:00+00:00,16.35,73.65,1.326,,Optical Thickness,,
3SIMG_12SEP2026_0830_L2G_AOD_V01R00,3SIMG_L2G_AOD,environment,2026-09-12 08:30:00+00:00,16.35,74.55,1.991,,Optical Thickness,,
3SIMG_12SEP2026_0830_L2G_AOD_V01R00,3SIMG_L2G_AOD,environment,2026-09-12 08:30:00+00:00,16.35,75.25,1.889,,Optical Thickness,,
3SIMG_12SEP2026_0830_L2G_AOD_V01R00,3SIMG_L2G_AOD,environment,2026-09-12 08:30:00+00:00,16.35,75.35,1.934,,Optical Thickness,,
3SIMG_12SEP2026_0830_L2G_AOD_V01R00,3SIMG_L2G_AOD,environment,2026-09-12 08:30:00+00:00,16.35,75.45,1.891,,Optical Thickness,,
3SIMG_12SEP2026_0830_L2G_AOD_V01R00,3SIMG_L2G_AOD,environment,2026-09-12 08:30:00+00:00,16.35,75.55,1.891,,Optical Thickness,,
3SIMG_12SEP2026_0830_L2G_AOD_V01R00,3SIMG_L2G_AOD,environment,2026-09-12 08:30:00+00:00,16.25,73.55,0.759,,Optical Thickness,,
3SIMG_12SEP2026_0830_L2G_AOD_V01R00,3SIMG_L2G_AOD,environment,2026-09-12 08:30:00+00:00,16.25,73.65,0.759,,Optical Thickness,,
3SIMG_12SEP2026_0830_L2G_AOD_V01R00,3SIMG_L2G_AOD,environment,2026-09-12 08:30:00+00:00,16.25,74.65,2.288,,Optical Thickness,,
3SIMG_12SEP2026_0830_L2G_AOD_V01R00,3SIMG_L2G_AOD,environment,2026-09-12 08:30:00+00:00,16.25,75.35,2.475,,Optical Thickness,,
3SIMG_12SEP2026_0830_L2G_AOD_V01R00,3SIMG_L2G_AOD,environment,2026-09-12 08:30:00+00:00,16.15,73.55,0.667,,Optical Thickness,,
3SIMG_12SEP2026_0830_L2G_AOD_V01R00,3SIMG_L2G_AOD,environment,2026-09-12 08:30:00+00:00,16.15,73.65,0.526,,Optical Thickness,,
3SIMG_12SEP2026_0830_L2G_AOD_V01R00,3SIMG_L2G_AOD,environment,2026-09-12 08:30:00+00:00,16.15,73.75,0.014,,Optical Thickness,,
3SIMG_12SEP2026_0830_L2G_AOD_V01R00,3SIMG_L2G_AOD,environment,2026-09-12 08:30:00+00:00,16.15,74.55,1.636,,Optical Thickness,,
3SIMG_12SEP2026_0830_L2G_AOD_V01R00,3SIMG_L2G_AOD,environment,2026-09-12 08:30:00+00:00,16.15,74.75,2.288,,Optical Thickness,,
3SIMG_12SEP2026_0830_L2G_AOD_V01R00,3SIMG_L2G_AOD,environment,2026-09-12 08:30:00+00:00,16.05,73.55,0.412,,Optical Thickness,,
3SIMG_12SEP2026_0830_L2G_AOD_V01R00,3SIMG_L2G_AOD,environment,2026-09-12 08:30:00+00:00,16.05,73.65,0.282,,Optical Thickness,,
3SIMG_12SEP2026_0830_L2G_AOD_V01R00,3SIMG_L2G_AOD,environment,2026-09-12 08:30:00+00:00,16.05,73.75,0.235,,Optical Thickness,,
3SIMG_12SEP2026_0830_L2G_AOD_V01R00,3SIMG_L2G_AOD,environment,2026-09-12 08:30:00+00:00,15.95,73.55,0.322,,Optical Thickness,,
3SIMG_12SEP2026_0830_L2G_AOD_V01R00,3SIMG_L2G_AOD,environment,2026-09-12 08:30:00+00:00,15.95,73.65,0.322,,Optical Thickness,,
3SIMG_12SEP2026_0830_L2G_AOD_V01R00,3SIMG_L2G_AOD,environment,2026-09-12 08:30:00+00:00,15.95,73.75,0.335,,Optical Thickness,,
3SIMG_12SEP2026_0830_L2G_AOD_V01R00,3SIMG_L2G_AOD,environment,2026-09-12 08:30:00+00:00,15.85,73.65,0.383,,Optical Thickness,,
3SIMG_12SEP2026_0830_L2G_AOD_V01R00,3SIMG_L2G_AOD,environment,2026-09-12 08:30:00+00:00,15.85,73.75,0.377,,Optical Thickness,,
3SIMG_12SEP2026_0830_L2G_AOD_V01R00,3SIMG_L2G_AOD,environment,2026-09-12 08:30:00+00:00,15.85,73.85,0.392,,Optical Thickness,,
3SIMG_12SEP2026_0830_L2G_AOD_V01R00,3SIMG_L2G_AOD,environment,2026-09-12 08:30:00+00:00,15.75,73.75,0.377,,Optical Thickness,,
3SIMG_12SEP2026_0830_L2G_AOD_V01R00,3SIMG_L2G_AOD,environment,2026-09-12 08:30:00+00:00,15.75,73.85,0.392,,Optical Thickness,,
3SIMG_12SEP2026_0830_L2G_AOD_V01R00,3SIMG_L2G_AOD,environment,2026-09-12 08:30:00+00:00,15.65,73.75,0.377,,Optical Thickness,,
3SIMG_12SEP2026_0830_L2G_AOD_V01R00,3SIMG_L2G_AOD,environment,2026-09-12 08:30:00+00:00,15.65,73.85,0.404,,Optical Thickness,,
3SIMG_12SEP2026_0830_L2G_AOD_V01R00,3SIMG_L2G_AOD,environment,2026-09-12 08:30:00+00:00,15.65,73.95,1.678,,Optical Thickness,,
3SIMG_12SEP2026_0830_L2G_AOD_V01R00,3SIMG_L2G_AOD,environment,2026-09-12 08:30:00+00:00,15.55,73.75,0.383,,Optical Thickness,,
3SIMG_12SEP2026_0830_L2G_AOD_V01R00,3SIMG_L2G_AOD,environment,2026-09-12 08:30:00+00:00,15.55,73.85,0.416,,Optical Thickness,,
3SIMG_12SEP2026_0830_L2G_AOD_V01R00,3SIMG_L2G_AOD,environment,2026-09-12 08:30:00+00:00,15.55,73.95,0.706,,Optical Thickness,,
3SIMG_12SEP2026_0830_L2G_AOD_V01R00,3SIMG_L2G_AOD,environment,2026-09-12 08:30:00+00:00,15.55,74.05,0.729,,Optical Thickness,,
3SIMG_12SEP2026_0830_L2G_AOD_V01R00,3SIMG_L2G_AOD,environment,2026-09-12 08:30:00+00:00,15.55,74.15,0.729,,Optical Thickness,,
3SIMG_12SEP2026_0830_L2G_AOD_V01R00,3SIMG_L2G_AOD,environment,2026-09-12 08:30:00+00:00,15.55,74.55,0.467,,Optical Thickness,,
3SIMG_12SEP2026_0830_L2G_AOD_V01R00,3SIMG_L2G_AOD,environment,2026-09-12 08:30:00+00:00,15.55,74.65,1.009,,Optical Thickness,,
3SIMG_12SEP2026_0830_L2G_AOD_V01R00,3SIMG_L2G_AOD,environment,2026-09-12 08:30:00+00:00,15.45,73.95,0.706,,Optical Thickness,,
3SIMG_12SEP2026_0830_L2G_AOD_V01R00,3SIMG_L2G_AOD,environment,2026-09-12 08:30:00+00:00,15.45,74.05,0.799,,Optical Thickness,,
3SIMG_12SEP2026_0830_L2G_AOD_V01R00,3SIMG_L2G_AOD,environment,2026-09-12 08:30:00+00:00,15.45,74.15,0.799,,Optical Thickness,,
3SIMG_12SEP2026_0830_L2G_AOD_V01R00,3SIMG_L2G_AOD,environment,2026-09-12 08:30:00+00:00,15.45,74.75,0.752,,Optical Thickness,,
3SIMG_12SEP2026_0830_L2G_AOD_V01R00,3SIMG_L2G_AOD,environment,2026-09-12 08:30:00+00:00,15.35,74.05,0.947,,Optical Thickness,,
3SIMG_12SEP2026_0830_L2G_AOD_V01R00,3SIMG_L2G_AOD,environment,2026-09-12 08:30:00+00:00,15.35,74.15,0.947,,Optical Thickness,,
3SIMG_12SEP2026_0830_L2G_AOD_V01R00,3SIMG_L2G_AOD,environment,2026-09-12 08:30:00+00:00,15.35,74.25,1.87,,Optical Thickness,,
3SIMG_12SEP2026_0830_L2G_AOD_V01R00,3SIMG_L2G_AOD,environment,2026-09-12 08:30:00+00:00,15.35,74.65,0.868,,Optical Thickness,,
3SIMG_12SEP2026_0830_L2G_AOD_V01R00,3SIMG_L2G_AOD,environment,2026-09-12 08:30:00+00:00,15.35,75.05,1.9,,Optical Thickness,,
3SIMG_12SEP2026_0830_L2G_AOD_V01R00,3SIMG_L2G_AOD,environment,2026-09-12 08:30:00+00:00,15.35,75.25,2.609,,Optical Thickness,,
3SIMG_12SEP2026_0830_L2G_AOD_V01R00,3SIMG_L2G_AOD,environment,2026-09-12 08:30:00+00:00,15.25,75.35,1.111,,Optical Thickness,,
3SIMG_12SEP2026_0830_L2G_AOD_V01R00,3SIMG_L2G_AOD,environment,2026-09-12 08:30:00+00:00,15.15,74.55,2.249,,Optical Thickness,,
3SIMG_12SEP2026_0830_L2G_AOD_V01R00,3SIMG_L2G_AOD,environment,2026-09-12 08:30:00+00:00,15.15,75.15,1.878,,Optical Thickness,,
3SIMG_12SEP2026_0830_L2G_AOD_V01R00,3SIMG_L2G_AOD,environment,2026-09-12 08:30:00+00:00,15.15,75.25,0.602,,Optical Thickness,,
3SIMG_12SEP2026_0830_L2G_AOD_V01R00,3SIMG_L2G_AOD,environment,2026-09-12 08:30:00+00:00,15.05,75.15,1.166,,Optical Thickness,,
3SIMG_12SEP2026_0830_L2G_AOD_V01R00,3SIMG_L2G_AOD,environment,2026-09-12 08:30:00+00:00,14.95,74.25,1.694,,Optical Thickness,,
3SIMG_12SEP2026_0830_L2G_AOD_V01R00,3SIMG_L2G_AOD,environment,2026-09-12 08:30:00+00:00,14.95,75.25,2.933,,Optical Thickness,,
3SIMG_12SEP2026_0830_L2G_AOD_V01R00,3SIMG_L2G_AOD,environment,2026-09-12 08:30:00+00:00,14.85,74.85,0.867,,Optical Thickness,,
3SIMG_12SEP2026_0830_L2G_AOD_V01R00,3SIMG_L2G_AOD,environment,2026-09-12 08:30:00+00:00,14.85,74.95,0.906,,Optical Thickness,,
3SIMG_12SEP2026_0830_L2G_AOD_V01R00,3SIMG_L2G_AOD,environment,2026-09-12 08:30:00+00:00,14.85,75.05,1.289,,Optical Thickness,,
3SIMG_12SEP2026_0830_L2G_AOD_V01R00,3SIMG_L2G_AOD,environment,2026-09-12 08:30:00+00:00,14.85,75.15,1.459,,Optical Thickness,,
3SIMG_12SEP2026_0830_L2G_AOD_V01R00,3SIMG_L2G_AOD,environment,2026-09-12 08:30:00+00:00,14.85,75.25,1.836,,Optical Thickness,,
3SIMG_12SEP2026_0830_L2G_AOD_V01R00,3SIMG_L2G_AOD,environment,2026-09-12 08:30:00+00:00,14.85,75.35,2.109,,Optical Thickness,,
3SIMG_12SEP2026_0830_L2G_AOD_V01R00,3SIMG_L2G_AOD,environment,2026-09-12 08:30:00+00:00,14.75,74.45,0.981,,Optical Thickness,,
3SIMG_12SEP2026_0830_L2G_AOD_V01R00,3SIMG_L2G_AOD,environment,2026-09-12 08:30:00+00:00,14.75,74.85,0.906,,Optical Thickness,,
3SIMG_12SEP2026_0830_L2G_AOD_V01R00,3SIMG_L2G_AOD,environment,2026-09-12 08:30:00+00:00,14.75,74.95,0.906,,Optical Thickness,,
3SIMG_12SEP2026_0830_L2G_AOD_V01R00,3SIMG_L2G_AOD,environment,2026-09-12 08:30:00+00:00,14.75,75.05,1.289,,Optical Thickness,,
3SIMG_12SEP2026_0830_L2G_AOD_V01R00,3SIMG_L2G_AOD,environment,2026-09-12 08:30:00+00:00,14.75,75.15,1.409,,Optical Thickness,,
3SIMG_12SEP2026_0830_L2G_AOD_V01R00,3SIMG_L2G_AOD,environment,2026-09-12 08:30:00+00:00,14.75,75.25,1.509,,Optical Thickness,,
3SIMG_12SEP2026_0830_L2G_AOD_V01R00,3SIMG_L2G_AOD,environment,2026-09-12 08:30:00+00:00,14.65,74.45,0.882,,Optical Thickness,,
3SIMG_12SEP2026_0830_L2G_AOD_V01R00,3SIMG_L2G_AOD,environment,2026-09-12 08:30:00+00:00,14.65,74.55,1.085,,Optical Thickness,,
3SIMG_12SEP2026_0830_L2G_AOD_V01R00,3SIMG_L2G_AOD,environment,2026-09-12 08:30:00+00:00,14.55,74.45,0.882,,Optical Thickness,,
3SIMG_12SEP2026_0830_L2G_AOD_V01R00,3SIMG_L2G_AOD,environment,2026-09-12 08:30:00+00:00,14.55,74.55,1.109,,Optical Thickness,,
3SIMG_12SEP2026_0830_L2G_AOD_V01R00,3SIMG_L2G_AOD,environment,2026-09-12 08:30:00+00:00,14.55,74.65,1.133,,Optical Thickness,,
3SIMG_12SEP2026_0830_L2G_AOD_V01R00,3SIMG_L2G_AOD,environment,2026-09-12 08:30:00+00:00,14.45,74.45,0.723,,Optical Thickness,,
3SIMG_12SEP2026_0830_L2G_AOD_V01R00,3SIMG_L2G_AOD,environment,2026-09-12 08:30:00+00:00,14.45,74.55,0.916,,Optical Thickness,,
3SIMG_12SEP2026_0830_L2G_AOD_V01R00,3SIMG_L2G_AOD,environment,2026-09-12 08:30:00+00:00,14.45,74.65,1.013,,Optical Thickness,,
3SIMG_12SEP2026_0830_L2G_AOD_V01R00,3SIMG_L2G_AOD,environment,2026-09-12 08:30:00+00:00,14.45,75.65,2.787,,Optical Thickness,,
3SIMG_12SEP2026_0830_L2G_AOD_V01R00,3SIMG_L2G_AOD,environment,2026-09-12 08:30:00+00:00,14.35,74.45,0.667,,Optical Thickness,,
3SIMG_12SEP2026_0830_L2G_AOD_V01R00,3SIMG_L2G_AOD,environment,2026-09-12 08:30:00+00:00,14.35,74.55,0.791,,Optical Thickness,,
3SIMG_12SEP2026_0830_L2G_AOD_V01R00,3SIMG_L2G_AOD,environment,2026-09-12 08:30:00+00:00,14.35,74.65,0.879,,Optical Thickness,,
3SIMG_12SEP2026_0830_L2G_AOD_V01R00,3SIMG_L2G_AOD,environment,2026-09-12 08:30:00+00:00,14.35,74.75,1.013,,Optical Thickness,,
3SIMG_12SEP2026_0830_L2G_AOD_V01R00,3SIMG_L2G_AOD,environment,2026-09-12 08:30:00+00:00,14.35,74.95,1.161,,Optical Thickness,,
3SIMG_12SEP2026_0830_L2G_AOD_V01R00,3SIMG_L2G_AOD,environment,2026-09-12 08:30:00+00:00,14.35,75.45,2.443,,Optical Thickness,,
3SIMG_12SEP2026_0830_L2G_AOD_V01R00,3SIMG_L2G_AOD,environment,2026-09-12 08:30:00+00:00,14.35,75.55,2.443,,Optical Thickness,,
3SIMG_12SEP2026_0830_L2G_AOD_V01R00,3SIMG_L2G_AOD,environment,2026-09-12 08:30:00+00:00,14.35,75.75,1.509,,Optical Thickness,,
3SIMG_12SEP2026_0830_L2G_AOD_V01R00,3SIMG_L2G_AOD,environment,2026-09-12 08:30:00+00:00,14.25,74.45,0.534,,Optical Thickness,,
3SIMG_12SEP2026_0830_L2G_AOD_V01R00,3SIMG_L2G_AOD,environment,2026-09-12 08:30:00+00:00,14.25,74.55,0.687,,Optical Thickness,,
3SIMG_12SEP2026_0830_L2G_AOD_V01R00,3SIMG_L2G_AOD,environment,2026-09-12 08:30:00+00:00,14.25,74.65,0.727,,Optical Thickness,,
3SIMG_12SEP2026_0830_L2G_AOD_V01R00,3SIMG_L2G_AOD,environment,2026-09-12 08:30:00+00:00,14.25,74.75,0.791,,Optical Thickness,,
3SIMG_12SEP2026_0830_L2G_AOD_V01R00,3SIMG_L2G_AOD,environment,2026-09-12 08:30:00+00:00,14.25,74.95,0.779,,Optical Thickness,,
3SIMG_12SEP2026_0830_L2G_AOD_V01R00,3SIMG_L2G_AOD,environment,2026-09-12 08:30:00+00:00,14.25,75.05,1.279,,Optical Thickness,,
3SIMG_12SEP2026_0830_L2G_AOD_V01R00,3SIMG_L2G_AOD,environment,2026-09-12 08:30:00+00:00,14.25,75.85,1.708,,Optical Thickness,,
3SIMG_12SEP2026_0830_L2G_AOD_V01R00,3SIMG_L2G_AOD,environment,2026-09-12 08:30:00+00:00,14.25,76.35,1.561,,Optical Thickness,,
3SIMG_12SEP2026_0830_L2G_AOD_V01R00,3SIMG_L2G_AOD,environment,2026-09-12 08:30:00+00:00,14.15,74.55,0.594,,Optical Thickness,,
3SIMG_12SEP2026_0830_L2G_AOD_V01R00,3SIMG_L2G_AOD,environment,2026-09-12 08:30:00+00:00,14.15,74.65,0.716,,Optical Thickness,,
3SIMG_12SEP2026_0830_L2G_AOD_V01R00,3SIMG_L2G_AOD,environment,2026-09-12 08:30:00+00:00,14.15,74.75,0.726,,Optical Thickness,,
3SIMG_12SEP2026_0830_L2G_AOD_V01R00,3SIMG_L2G_AOD,environment,2026-09-12 08:30:00+00:00,14.15,75.15,0.967,,Optical Thickness,,
3SIMG_12SEP2026_0830_L2G_AOD_V01R00,3SIMG_L2G_AOD,environment,2026-09-12 08:30:00+00:00,14.15,76.05,1.468,,Optical Thickness,,
3SIMG_12SEP2026_0830_L2G_AOD_V01R00,3SIMG_L2G_AOD,environment,2026-09-12 08:30:00+00:00,14.15,76.15,1.416,,Optical Thickness,,
3SIMG_12SEP2026_0830_L2G_AOD_V01R00,3SIMG_L2G_AOD,environment,2026-09-12 08:30:00+00:00,14.15,76.25,1.515,,Optical Thickness,,
3SIMG_12SEP2026_0830_L2G_AOD_V01R00,3SIMG_L2G_AOD,environment,2026-09-12 08:30:00+00:00,14.15,76.35,1.787,,Optical Thickness,,
3SIMG_12SEP2026_0830_L2G_AOD_V01R00,3SIMG_L2G_AOD,environment,2026-09-12 08:30:00+00:00,14.15,76.45,2.132,,Optical Thickness,,
3SIMG_12SEP2026_0830_L2G_AOD_V01R00,3SIMG_L2G_AOD,environment,2026-09-12 08:30:00+00:00,14.05,74.55,0.667,,Optical Thickness,,
3SIMG_12SEP2026_0830_L2G_AOD_V01R00,3SIMG_L2G_AOD,environment,2026-09-12 08:30:00+00:00,14.05,74.65,0.736,,Optical Thickness,,
3SIMG_12SEP2026_0830_L2G_AOD_V01R00,3SIMG_L2G_AOD,environment,2026-09-12 08:30:00+00:00,14.05,74.75,0.747,,Optical Thickness,,
3SIMG_12SEP2026_0830_L2G_AOD_V01R00,3SIMG_L2G_AOD,environment,2026-09-12 08:30:00+00:00,14.05,75.95,1.339,,Optical Thickness,,
3SIMG_12SEP2026_0830_L2G_AOD_V01R00,3SIMG_L2G_AOD,environment,2026-09-12 08:30:00+00:00,14.05,76.05,1.363,,Optical Thickness,,
3SIMG_12SEP2026_0830_L2G_AOD_V01R00,3SIMG_L2G_AOD,environment,2026-09-12 08:30:00+00:00,14.05,76.15,1.363,,Optical Thickness,,
3SIMG_12SEP2026_0830_L2G_AOD_V01R00,3SIMG_L2G_AOD,environment,2026-09-12 08:30:00+00:00,14.05,76.25,1.468,,Optical Thickness,,
3SIMG_12SEP2026_0830_L2G_AOD_V01R00,3SIMG_L2G_AOD,environment,2026-09-12 08:30:00+00:00,13.95,74.65,0.792,,Optical Thickness,,
3SIMG_12SEP2026_0830_L2G_AOD_V01R00,3SIMG_L2G_AOD,environment,2026-09-12 08:30:00+00:00,13.95,74.75,0.898,,Optical Thickness,,
3SIMG_12SEP2026_0830_L2G_AOD_V01R00,3SIMG_L2G_AOD,environment,2026-09-12 08:30:00+00:00,13.95,74.85,1.057,,Optical Thickness,,
3SIMG_12SEP2026_0830_L2G_AOD_V01R00,3SIMG_L2G_AOD,environment,2026-09-12 08:30:00+00:00,13.95,75.75,2.241,,Optical Thickness,,
3SIMG_12SEP2026_0830_L2G_AOD_V01R00,3SIMG_L2G_AOD,environment,2026-09-12 08:30:00+00:00,13.95,75.85,1.548,,Optical Thickness,,
3SIMG_12SEP2026_0830_L2G_AOD_V01R00,3SIMG_L2G_AOD,environment,2026-09-12 08:30:00+00:00,13.95,75.95,1.339,,Optical Thickness,,
3SIMG_12SEP2026_0830_L2G_AOD_V01R00,3SIMG_L2G_AOD,environment,2026-09-12 08:30:00+00:00,13.95,76.05,1.339,,Optical Thickness,,
3SIMG_12SEP2026_0830_L2G_AOD_V01R00,3SIMG_L2G_AOD,environment,2026-09-12 08:30:00+00:00,13.95,76.15,1.444,,Optical Thickness,,
3SIMG_12SEP2026_0830_L2G_AOD_V01R00,3SIMG_L2G_AOD,environment,2026-09-12 08:30:00+00:00,13.85,74.75,1.031,,Optical Thickness,,
3SIMG_12SEP2026_0830_L2G_AOD_V01R00,3SIMG_L2G_AOD,environment,2026-09-12 08:30:00+00:00,13.85,74.85,1.184,,Optical Thickness,,
3SIMG_12SEP2026_0830_L2G_AOD_V01R00,3SIMG_L2G_AOD,environment,2026-09-12 08:30:00+00:00,13.85,74.95,1.198,,Optical Thickness,,
3SIMG_12SEP2026_0830_L2G_AOD_V01R00,3SIMG_L2G_AOD,environment,2026-09-12 08:30:00+00:00,13.85,75.45,1.57,,Optical Thickness,,
3SIMG_12SEP2026_0830_L2G_AOD_V01R00,3SIMG_L2G_AOD,environment,2026-09-12 08:30:00+00:00,13.85,75.55,1.57,,Optical Thickness,,
3SIMG_12SEP2026_0830_L2G_AOD_V01R00,3SIMG_L2G_AOD,environment,2026-09-12 08:30:00+00:00,13.85,75.85,1.731,,Optical Thickness,,
3SIMG_12SEP2026_0830_L2G_AOD_V01R00,3SIMG_L2G_AOD,environment,2026-09-12 08:30:00+00:00,13.85,75.95,1.285,,Optical Thickness,,
3SIMG_12SEP2026_0830_L2G_AOD_V01R00,3SIMG_L2G_AOD,environment,2026-09-12 08:30:00+00:00,13.85,76.05,1.444,,Optical Thickness,,
3SIMG_12SEP2026_0830_L2G_AOD_V01R00,3SIMG_L2G_AOD,environment,2026-09-12 08:30:00+00:00,13.75,74.85,1.198,,Optical Thickness,,
3SIMG_12SEP2026_0830_L2G_AOD_V01R00,3SIMG_L2G_AOD,environment,2026-09-12 08:30:00+00:00,13.75,74.95,1.225,,Optical Thickness,,
3SIMG_12SEP2026_0830_L2G_AOD_V01R00,3SIMG_L2G_AOD,environment,2026-09-12 08:30:00+00:00,13.65,74.85,1.41,,Optical Thickness,,
3SIMG_12SEP2026_0830_L2G_AOD_V01R00,3SIMG_L2G_AOD,environment,2026-09-12 08:30:00+00:00,13.65,74.95,1.253,,Optical Thickness,,
3SIMG_12SEP2026_0830_L2G_AOD_V01R00,3SIMG_L2G_AOD,environment,2026-09-12 08:30:00+00:00,13.55,74.85,1.41,,Optical Thickness,,
3SIMG_12SEP2026_0830_L2G_AOD_V01R00,3SIMG_L2G_AOD,environment,2026-09-12 08:30:00+00:00,13.55,74.95,1.253,,Optical Thickness,,
3SIMG_12SEP2026_0830_L2G_AOD_V01R00,3SIMG_L2G_AOD,environment,2026-09-12 08:30:00+00:00,13.15,75.05,2.355,,Optical Thickness,,
3SIMG_12SEP2026_0830_L2G_AOD_V01R00,3SIMG_L2G_AOD,environment,2026-09-12 08:30:00+00:00,13.15,76.15,2.504,,Optical Thickness,,
3SIMG_12SEP2026_0830_L2G_AOD_V01R00,3SIMG_L2G_AOD,environment,2026-09-12 08:30:00+00:00,13.05,75.05,1.996,,Optical Thickness,,
3SIMG_12SEP2026_0830_L2G_AOD_V01R00,3SIMG_L2G_AOD,environment,2026-09-12 08:30:00+00:00,13.05,75.15,2.323,,Optical Thickness,,
3SIMG_12SEP2026_0830_L2G_AOD_V01R00,3SIMG_L2G_AOD,environment,2026-09-12 08:30:00+00:00,12.95,74.95,1.672,,Optical Thickness,,
3SIMG_12SEP2026_0830_L2G_AOD_V01R00,3SIMG_L2G_AOD,environment,2026-09-12 08:30:00+00:00,12.95,75.05,1.996,,Optical Thickness,,
3SIMG_12SEP2026_0830_L2G_AOD_V01R00,3SIMG_L2G_AOD,environment,2026-09-12 08:30:00+00:00,12.95,75.25,2.669,,Optical Thickness,,
3SIMG_12SEP2026_0830_L2G_AOD_V01R00,3SIMG_L2G_AOD,environment,2026-09-12 08:30:00+00:00,12.95,75.85,2.341,,Optical Thickness,,
3SIMG_12SEP2026_0830_L2G_AOD_V01R00,3SIMG_L2G_AOD,environment,2026-09-12 08:30:00+00:00,12.85,75.85,1.164,,Optical Thickness,,
3SIMG_12SEP2026_0830_L2G_AOD_V01R00,3SIMG_L2G_AOD,environment,2026-09-12 08:30:00+00:00,12.85,75.95,1.164,,Optical Thickness,,
3SIMG_12SEP2026_0830_L2G_AOD_V01R00,3SIMG_L2G_AOD,environment,2026-09-12 08:30:00+00:00,12.85,76.45,1.426,,Optical Thickness,,
3SIMG_12SEP2026_0830_L2G_AOD_V01R00,3SIMG_L2G_AOD,environment,2026-09-12 08:30:00+00:00,12.75,75.05,2.43,,Optical Thickness,,
3SIMG_12SEP2026_0830_L2G_AOD_V01R00,3SIMG_L2G_AOD,environment,2026-09-12 08:30:00+00:00,12.75,75.35,0.934,,Optical Thickness,,
3SIMG_12SEP2026_0830_L2G_AOD_V01R00,3SIMG_L2G_AOD,environment,2026-09-12 08:30:00+00:00,12.75,75.75,1.616,,Optical Thickness,,
3SIMG_12SEP2026_0830_L2G_AOD_V01R00,3SIMG_L2G_AOD,environment,2026-09-12 08:30:00+00:00,12.75,75.85,1.043,,Optical Thickness,,
3SIMG_12SEP2026_0830_L2G_AOD_V01R00,3SIMG_L2G_AOD,environment,2026-09-12 08:30:00+00:00,12.75,75.95,0.962,,Optical Thickness,,
3SIMG_12SEP2026_0830_L2G_AOD_V01R00,3SIMG_L2G_AOD,environment,2026-09-12 08:30:00+00:00,12.75,76.05,1.01,,Optical Thickness,,
3SIMG_12SEP2026_0830_L2G_AOD_V01R00,3SIMG_L2G_AOD,environment,2026-09-12 08:30:00+00:00,12.75,76.15,1.016,,Optical Thickness,,
3SIMG_12SEP2026_0830_L2G_AOD_V01R00,3SIMG_L2G_AOD,environment,2026-09-12 08:30:00+00:00,12.75,76.25,1.084,,Optical Thickness,,
3SIMG_12SEP2026_0830_L2G_AOD_V01R00,3SIMG_L2G_AOD,environment,2026-09-12 08:30:00+00:00,12.75,76.35,1.113,,Optical Thickness,,
3SIMG_12SEP2026_0830_L2G_AOD_V01R00,3SIMG_L2G_AOD,environment,2026-09-12 08:30:00+00:00,12.75,77.35,2.1,,Optical Thickness,,
3SIMG_12SEP2026_0830_L2G_AOD_V01R00,3SIMG_L2G_AOD,environment,2026-09-12 08:30:00+00:00,12.65,75.05,1.247,,Optical Thickness,,
3SIMG_12SEP2026_0830_L2G_AOD_V01R00,3SIMG_L2G_AOD,environment,2026-09-12 08:30:00+00:00,12.65,75.15,1.247,,Optical Thickness,,
3SIMG_12SEP2026_0830_L2G_AOD_V01R00,3SIMG_L2G_AOD,environment,2026-09-12 08:30:00+00:00,12.65,75.35,1.572,,Optical Thickness,,
3SIMG_12SEP2026_0830_L2G_AOD_V01R00,3SIMG_L2G_AOD,environment,2026-09-12 08:30:00+00:00,12.65,75.85,0.881,,Optical Thickness,,
3SIMG_12SEP2026_0830_L2G_AOD_V01R00,3SIMG_L2G_AOD,environment,2026-09-12 08:30:00+00:00,12.65,75.95,0.863,,Optical Thickness,,
3SIMG_12SEP2026_0830_L2G_AOD_V01R00,3SIMG_L2G_AOD,environment,2026-09-12 08:30:00+00:00,12.65,76.05,0.911,,Optical Thickness,,
3SIMG_12SEP2026_0830_L2G_AOD_V01R00,3SIMG_L2G_AOD,environment,2026-09-12 08:30:00+00:00,12.65,76.15,0.977,,Optical Thickness,,
3SIMG_12SEP2026_0830_L2G_AOD_V01R00,3SIMG_L2G_AOD,environment,2026-09-12 08:30:00+00:00,12.65,76.25,1.055,,Optical Thickness,,
3SIMG_12SEP2026_0830_L2G_AOD_V01R00,3SIMG_L2G_AOD,environment,2026-09-12 08:30:00+00:00,12.65,76.35,1.113,,Optical Thickness,,
3SIMG_12SEP2026_0830_L2G_AOD_V01R00,3SIMG_L2G_AOD,environment,2026-09-12 08:30:00+00:00,12.65,77.35,1.986,,Optical Thickness,,
3SIMG_12SEP2026_0830_L2G_AOD_V01R00,3SIMG_L2G_AOD,environment,2026-09-12 08:30:00+00:00,12.65,77.45,2.1,,Optical Thickness,,
3SIMG_12SEP2026_0830_L2G_AOD_V01R00,3SIMG_L2G_AOD,environment,2026-09-12 08:30:00+00:00,12.55,75.05,1.247,,Optical Thickness,,
3SIMG_12SEP2026_0830_L2G_AOD_V01R00,3SIMG_L2G_AOD,environment,2026-09-12 08:30:00+00:00,12.55,75.15,1.247,,Optical Thickness,,
3SIMG_12SEP2026_0830_L2G_AOD_V01R00,3SIMG_L2G_AOD,environment,2026-09-12 08:30:00+00:00,12.55,75.95,0.596,,Optical Thickness,,
3SIMG_12SEP2026_0830_L2G_AOD_V01R00,3SIMG_L2G_AOD,environment,2026-09-12 08:30:00+00:00,12.55,76.05,0.669,,Optical Thickness,,
3SIMG_12SEP2026_0830_L2G_AOD_V01R00,3SIMG_L2G_AOD,environment,2026-09-12 08:30:00+00:00,12.55,76.15,0.864,,Optical Thickness,,
3SIMG_12SEP2026_0830_L2G_AOD_V01R00,3SIMG_L2G_AOD,environment,2026-09-12 08:30:00+00:00,12.55,76.25,1.055,,Optical Thickness,,
3SIMG_12SEP2026_0830_L2G_AOD_V01R00,3SIMG_L2G_AOD,environment,2026-09-12 08:30:00+00:00,12.55,76.55,1.476,,Optical Thickness,,
3SIMG_12SEP2026_0830_L2G_AOD_V01R00,3SIMG_L2G_AOD,environment,2026-09-12 08:30:00+00:00,12.55,76.65,1.63,,Optical Thickness,,
3SIMG_12SEP2026_0830_L2G_AOD_V01R00,3SIMG_L2G_AOD,environment,2026-09-12 08:30:00+00:00,12.55,76.75,2.478,,Optical Thickness,,
3SIMG_12SEP2026_0830_L2G_AOD_V01R00,3SIMG_L2G_AOD,environment,2026-09-12 08:30:00+00:00,12.55,77.05,1.701,,Optical Thickness,,
3SIMG_12SEP2026_0830_L2G_AOD_V01R00,3SIMG_L2G_AOD,environment,2026-09-12 08:30:00+00:00,12.55,77.15,1.607,,Optical Thickness,,
3SIMG_12SEP2026_0830_L2G_AOD_V01R00,3SIMG_L2G_AOD,environment,2026-09-12 08:30:00+00:00,12.55,77.25,1.678,,Optical Thickness,,
3SIMG_12SEP2026_0830_L2G_AOD_V01R00,3SIMG_L2G_AOD,environment,2026-09-12 08:30:00+00:00,12.55,77.35,1.968,,Optical Thickness,,
3SIMG_12SEP2026_0830_L2G_AOD_V01R00,3SIMG_L2G_AOD,environment,2026-09-12 08:30:00+00:00,12.55,77.45,1.986,,Optical Thickness,,
3SIMG_12SEP2026_0830_L2G_AOD_V01R00,3SIMG_L2G_AOD,environment,2026-09-12 08:30:00+00:00,12.55,77.55,2.359,,Optical Thickness,,
3SIMG_12SEP2026_0830_L2G_AOD_V01R00,3SIMG_L2G_AOD,environment,2026-09-12 08:30:00+00:00,12.55,77.65,2.555,,Optical Thickness,,
3SIMG_12SEP2026_0830_L2G_AOD_V01R00,3SIMG_L2G_AOD,environment,2026-09-12 08:30:00+00:00,12.55,78.25,2.592,,Optical Thickness,,
3SIMG_12SEP2026_0830_L2G_AOD_V01R00,3SIMG_L2G_AOD,environment,2026-09-12 08:30:00+00:00,12.55,78.35,2.592,,Optical Thickness,,
3SIMG_12SEP2026_0830_L2G_AOD_V01R00,3SIMG_L2G_AOD,environment,2026-09-12 08:30:00+00:00,12.45,75.15,1.359,,Optical Thickness,,
3SIMG_12SEP2026_0830_L2G_AOD_V01R00,3SIMG_L2G_AOD,environment,2026-09-12 08:30:00+00:00,12.45,75.25,1.47,,Optical Thickness,,
3SIMG_12SEP2026_0830_L2G_AOD_V01R00,3SIMG_L2G_AOD,environment,2026-09-12 08:30:00+00:00,12.45,75.85,0.602,,Optical Thickness,,
3SIMG_12SEP2026_0830_L2G_AOD_V01R00,3SIMG_L2G_AOD,environment,2026-09-12 08:30:00+00:00,12.45,75.95,0.518,,Optical Thickness,,
3SIMG_12SEP2026_0830_L2G_AOD_V01R00,3SIMG_L2G_AOD,environment,2026-09-12 08:30:00+00:00,12.45,76.05,0.573,,Optical Thickness,,
3SIMG_12SEP2026_0830_L2G_AOD_V01R00,3SIMG_L2G_AOD,environment,2026-09-12 08:30:00+00:00,12.45,76.15,0.882,,Optical Thickness,,
3SIMG_12SEP2026_0830_L2G_AOD_V01R00,3SIMG_L2G_AOD,environment,2026-09-12 08:30:00+00:00,12.45,76.85,2.145,,Optical Thickness,,
3SIMG_12SEP2026_0830_L2G_AOD_V01R00,3SIMG_L2G_AOD,environment,2026-09-12 08:30:00+00:00,12.45,76.95,2.145,,Optical Thickness,,
3SIMG_12SEP2026_0830_L2G_AOD_V01R00,3SIMG_L2G_AOD,environment,2026-09-12 08:30:00+00:00,12.45,77.05,1.701,,Optical Thickness,,
3SIMG_12SEP2026_0830_L2G_AOD_V01R00,3SIMG_L2G_AOD,environment,2026-09-12 08:30:00+00:00,12.45,77.15,1.701,,Optical Thickness,,
3SIMG_12SEP2026_0830_L2G_AOD_V01R00,3SIMG_L2G_AOD,environment,2026-09-12 08:30:00+00:00,12.45,77.25,1.941,,Optical Thickness,,
3SIMG_12SEP2026_0830_L2G_AOD_V01R00,3SIMG_L2G_AOD,environment,2026-09-12 08:30:00+00:00,12.45,77.35,1.678,,Optical Thickness,,
3SIMG_12SEP2026_0830_L2G_AOD_V01R00,3SIMG_L2G_AOD,environment,2026-09-12 08:30:00+00:00,12.35,75.15,1.47,,Optical Thickness,,
3SIMG_12SEP2026_0830_L2G_AOD_V01R00,3SIMG_L2G_AOD,environment,2026-09-12 08:30:00+00:00,12.35,75.25,1.494,,Optical Thickness,,
3SIMG_12SEP2026_0830_L2G_AOD_V01R00,3SIMG_L2G_AOD,environment,2026-09-12 08:30:00+00:00,12.35,75.35,1.638,,Optical Thickness,,
3SIMG_12SEP2026_0830_L2G_AOD_V01R00,3SIMG_L2G_AOD,environment,2026-09-12 08:30:00+00:00,12.35,76.25,0.818,,Optical Thickness,,
3SIMG_12SEP2026_0830_L2G_AOD_V01R00,3SIMG_L2G_AOD,environment,2026-09-12 08:30:00+00:00,12.35,76.35,0.818,,Optical Thickness,,
3SIMG_12SEP2026_0830_L2G_AOD_V01R00,3SIMG_L2G_AOD,environment,2026-09-12 08:30:00+00:00,12.35,76.75,2.192,,Optical Thickness,,
3SIMG_12SEP2026_0830_L2G_AOD_V01R00,3SIMG_L2G_AOD,environment,2026-09-12 08:30:00+00:00,12.35,76.85,1.506,,Optical Thickness,,
3SIMG_12SEP2026_0830_L2G_AOD_V01R00,3SIMG_L2G_AOD,environment,2026-09-12 08:30:00+00:00,12.35,76.95,1.506,,Optical Thickness,,
3SIMG_12SEP2026_0830_L2G_AOD_V01R00,3SIMG_L2G_AOD,environment,2026-09-12 08:30:00+00:00,12.35,77.05,1.506,,Optical Thickness,,
3SIMG_12SEP2026_0830_L2G_AOD_V01R00,3SIMG_L2G_AOD,environment,2026-09-12 08:30:00+00:00,12.35,77.15,1.673,,Optical Thickness,,
3SIMG_12SEP2026_0830_L2G_AOD_V01R00,3SIMG_L2G_AOD,environment,2026-09-12 08:30:00+00:00,12.35,77.25,2.698,,Optical Thickness,,
3SIMG_12SEP2026_0830_L2G_AOD_V01R00,3SIMG_L2G_AOD,environment,2026-09-12 08:30:00+00:00,12.25,75.25,1.479,,Optical Thickness,,
3SIMG_12SEP2026_0830_L2G_AOD_V01R00,3SIMG_L2G_AOD,environment,2026-09-12 08:30:00+00:00,12.25,75.35,1.359,,Optical Thickness,,
3SIMG_12SEP2026_0830_L2G_AOD_V01R00,3SIMG_L2G_AOD,environment,2026-09-12 08:30:00+00:00,12.25,75.45,1.347,,Optical Thickness,,
3SIMG_12SEP2026_0830_L2G_AOD_V01R00,3SIMG_L2G_AOD,environment,2026-09-12 08:30:00+00:00,12.25,75.55,1.347,,Optical Thickness,,
3SIMG_12SEP2026_0830_L2G_AOD_V01R00,3SIMG_L2G_AOD,environment,2026-09-12 08:30:00+00:00,12.25,75.65,1.006,,Optical Thickness,,
3SIMG_12SEP2026_0830_L2G_AOD_V01R00,3SIMG_L2G_AOD,environment,2026-09-12 08:30:00+00:00,12.25,76.25,0.779,,Optical Thickness,,
3SIMG_12SEP2026_0830_L2G_AOD_V01R00,3SIMG_L2G_AOD,environment,2026-09-12 08:30:00+00:00,12.25,76.35,0.818,,Optical Thickness,,
3SIMG_12SEP2026_0830_L2G_AOD_V01R00,3SIMG_L2G_AOD,environment,2026-09-12 08:30:00+00:00,12.25,76.75,1.918,,Optical Thickness,,
3SIMG_12SEP2026_0830_L2G_AOD_V01R00,3SIMG_L2G_AOD,environment,2026-09-12 08:30:00+00:00,12.25,76.85,1.506,,Optical Thickness,,
3SIMG_12SEP2026_0830_L2G_AOD_V01R00,3SIMG_L2G_AOD,environment,2026-09-12 08:30:00+00:00,12.25,76.95,1.506,,Optical Thickness,,
3SIMG_12SEP2026_0830_L2G_AOD_V01R00,3SIMG_L2G_AOD,environment,2026-09-12 08:30:00+00:00,12.25,77.05,1.416,,Optical Thickness,,
3SIMG_12SEP2026_0830_L2G_AOD_V01R00,3SIMG_L2G_AOD,environment,2026-09-12 08:30:00+00:00,12.15,75.25,1.246,,Optical Thickness,,
3SIMG_12SEP2026_0830_L2G_AOD_V01R00,3SIMG_L2G_AOD,environment,2026-09-12 08:30:00+00:00,12.15,75.35,1.338,,Optical Thickness,,
3SIMG_12SEP2026_0830_L2G_AOD_V01R00,3SIMG_L2G_AOD,environment,2026-09-12 08:30:00+00:00,12.15,75.45,1.116,,Optical Thickness,,
3SIMG_12SEP2026_0830_L2G_AOD_V01R00,3SIMG_L2G_AOD,environment,2026-09-12 08:30:00+00:00,12.15,75.55,1.116,,Optical Thickness,,
3SIMG_12SEP2026_0830_L2G_AOD_V01R00,3SIMG_L2G_AOD,environment,2026-09-12 08:30:00+00:00,12.15,75.65,0.962,,Optical Thickness,,
3SIMG_12SEP2026_0830_L2G_AOD_V01R00,3SIMG_L2G_AOD,environment,2026-09-12 08:30:00+00:00,12.15,75.75,0.602,,Optical Thickness,,
3SIMG_12SEP2026_0830_L2G_AOD_V01R00,3SIMG_L2G_AOD,environment,2026-09-12 08:30:00+00:00,12.15,76.05,0.322,,Optical Thickness,,
3SIMG_12SEP2026_0830_L2G_AOD_V01R00,3SIMG_L2G_AOD,environment,2026-09-12 08:30:00+00:00,12.15,76.15,0.469,,Optical Thickness,,
3SIMG_12SEP2026_0830_L2G_AOD_V01R00,3SIMG_L2G_AOD,environment,2026-09-12 08:30:00+00:00,12.15,76.25,0.621,,Optical Thickness,,
3SIMG_12SEP2026_0830_L2G_AOD_V01R00,3SIMG_L2G_AOD,environment,2026-09-12 08:30:00+00:00,12.15,76.35,0.819,,Optical Thickness,,
3SIMG_12SEP2026_0830_L2G_AOD_V01R00,3SIMG_L2G_AOD,environment,2026-09-12 08:30:00+00:00,12.15,76.45,1.158,,Optical Thickness,,
3SIMG_12SEP2026_0830_L2G_AOD_V01R00,3SIMG_L2G_AOD,environment,2026-09-12 08:30:00+00:00,12.15,76.65,2.446,,Optical Thickness,,
3SIMG_12SEP2026_0830_L2G_AOD_V01R00,3SIMG_L2G_AOD,environment,2026-09-12 08:30:00+00:00,12.15,76.75,1.691,,Optical Thickness,,
3SIMG_12SEP2026_0830_L2G_AOD_V01R00,3SIMG_L2G_AOD,environment,2026-09-12 08:30:00+00:00,12.15,76.85,1.325,,Optical Thickness,,
3SIMG_12SEP2026_0830_L2G_AOD_V01R00,3SIMG_L2G_AOD,environment,2026-09-12 08:30:00+00:00,12.15,76.95,1.325,,Optical Thickness,,
3SIMG_12SEP2026_0830_L2G_AOD_V01R00,3SIMG_L2G_AOD,environment,2026-09-12 08:30:00+00:00,12.15,79.55,2.234,,Optical Thickness,,
3SIMG_12SEP2026_0830_L2G_AOD_V01R00,3SIMG_L2G_AOD,environment,2026-09-12 08:30:00+00:00,12.15,79.85,2.239,,Optical Thickness,,
3SIMG_12SEP2026_0830_L2G_AOD_V01R00,3SIMG_L2G_AOD,environment,2026-09-12 08:30:00+00:00,12.05,75.35,1.225,,Optical Thickness,,
3SIMG_12SEP2026_0830_L2G_AOD_V01R00,3SIMG_L2G_AOD,environment,2026-09-12 08:30:00+00:00,12.05,75.45,0.978,,Optical Thickness,,
3SIMG_12SEP2026_0830_L2G_AOD_V01R00,3SIMG_L2G_AOD,environment,2026-09-12 08:30:00+00:00,12.05,75.55,0.978,,Optical Thickness,,
3SIMG_12SEP2026_0830_L2G_AOD_V01R00,3SIMG_L2G_AOD,environment,2026-09-12 08:30:00+00:00,12.05,75.65,0.893,,Optical Thickness,,
3SIMG_12SEP2026_0830_L2G_AOD_V01R00,3SIMG_L2G_AOD,environment,2026-09-12 08:30:00+00:00,12.05,76.15,0.617,,Optical Thickness,,
3SIMG_12SEP2026_0830_L2G_AOD_V01R00,3SIMG_L2G_AOD,environment,2026-09-12 08:30:00+00:00,12.05,76.25,0.652,,Optical Thickness,,
3SIMG_12SEP2026_0830_L2G_AOD_V01R00,3SIMG_L2G_AOD,environment,2026-09-12 08:30:00+00:00,12.05,76.35,1.104,,Optical Thickness,,
3SIMG_12SEP2026_0830_L2G_AOD_V01R00,3SIMG_L2G_AOD,environment,2026-09-12 08:30:00+00:00,12.05,76.45,1.119,,Optical Thickness,,
3SIMG_12SEP2026_0830_L2G_AOD_V01R00,3SIMG_L2G_AOD,environment,2026-09-12 08:30:00+00:00,12.05,77.05,2.013,,Optical Thickness,,
3SIMG_12SEP2026_0830_L2G_AOD_V01R00,3SIMG_L2G_AOD,environment,2026-09-12 08:30:00+00:00,12.05,78.15,1.898,,Optical Thickness,,
3SIMG_12SEP2026_0830_L2G_AOD_V01R00,3SIMG_L2G_AOD,environment,2026-09-12 08:30:00+00:00,12.05,79.05,2.459,,Optical Thickness,,
3SIMG_12SEP2026_0830_L2G_AOD_V01R00,3SIMG_L2G_AOD,environment,2026-09-12 08:30:00+00:00,12.05,79.15,2.485,,Optical Thickness,,
3SIMG_12SEP2026_0830_L2G_AOD_V01R00,3SIMG_L2G_AOD,environment,2026-09-12 08:30:00+00:00,12.05,79.25,2.485,,Optical Thickness,,
3SIMG_12SEP2026_0830_L2G_AOD_V01R00,3SIMG_L2G_AOD,environment,2026-09-12 08:30:00+00:00,12.05,79.65,2.239,,Optical Thickness,,
3SIMG_12SEP2026_0830_L2G_AOD_V01R00,3SIMG_L2G_AOD,environment,2026-09-12 08:30:00+00:00,12.05,79.75,2.239,,Optical Thickness,,
3SIMG_12SEP2026_0830_L2G_AOD_V01R00,3SIMG_L2G_AOD,environment,2026-09-12 08:30:00+00:00,12.05,79.85,2.789,,Optical Thickness,,
3SIMG_12SEP2026_0830_L2G_AOD_V01R00,3SIMG_L2G_AOD,environment,2026-09-12 08:30:00+00:00,11.95,71.75,0.319,,Optical Thickness,,
3SIMG_12SEP2026_0830_L2G_AOD_V01R00,3SIMG_L2G_AOD,environment,2026-09-12 08:30:00+00:00,11.95,75.45,0.962,,Optical Thickness,,
3SIMG_12SEP2026_0830_L2G_AOD_V01R00,3SIMG_L2G_AOD,environment,2026-09-12 08:30:00+00:00,11.95,75.55,0.962,,Optical Thickness,,
3SIMG_12SEP2026_0830_L2G_AOD_V01R00,3SIMG_L2G_AOD,environment,2026-09-12 08:30:00+00:00,11.95,75.65,0.962,,Optical Thickness,,
3SIMG_12SEP2026_0830_L2G_AOD_V01R00,3SIMG_L2G_AOD,environment,2026-09-12 08:30:00+00:00,11.95,76.15,0.696,,Optical Thickness,,
3SIMG_12SEP2026_0830_L2G_AOD_V01R00,3SIMG_L2G_AOD,environment,2026-09-12 08:30:00+00:00,11.95,76.25,0.67,,Optical Thickness,,
3SIMG_12SEP2026_0830_L2G_AOD_V01R00,3SIMG_L2G_AOD,environment,2026-09-12 08:30:00+00:00,11.95,76.35,0.982,,Optical Thickness,,
3SIMG_12SEP2026_0830_L2G_AOD_V01R00,3SIMG_L2G_AOD,environment,2026-09-12 08:30:00+00:00,11.95,76.45,1.247,,Optical Thickness,,
3SIMG_12SEP2026_0830_L2G_AOD_V01R00,3SIMG_L2G_AOD,environment,2026-09-12 08:30:00+00:00,11.95,78.95,2.287,,Optical Thickness,,
3SIMG_12SEP2026_0830_L2G_AOD_V01R00,3SIMG_L2G_AOD,environment,2026-09-12 08:30:00+00:00,11.95,79.05,1.882,,Optical Thickness,,
3SIMG_12SEP2026_0830_L2G_AOD_V01R00,3SIMG_L2G_AOD,environment,2026-09-12 08:30:00+00:00,11.95,79.15,1.897,,Optical Thickness,,
3SIMG_12SEP2026_0830_L2G_AOD_V01R00,3SIMG_L2G_AOD,environment,2026-09-12 08:30:00+00:00,11.95,79.25,2.204,,Optical Thickness,,
3SIMG_12SEP2026_0830_L2G_AOD_V01R00,3SIMG_L2G_AOD,environment,2026-09-12 08:30:00+00:00,11.85,75.65,0.887,,Optical Thickness,,
3SIMG_12SEP2026_0830_L2G_AOD_V01R00,3SIMG_L2G_AOD,environment,2026-09-12 08:30:00+00:00,11.85,75.75,1.511,,Optical Thickness,,
3SIMG_12SEP2026_0830_L2G_AOD_V01R00,3SIMG_L2G_AOD,environment,2026-09-12 08:30:00+00:00,11.85,76.35,1.104,,Optical Thickness,,
3SIMG_12SEP2026_0830_L2G_AOD_V01R00,3SIMG_L2G_AOD,environment,2026-09-12 08:30:00+00:00,11.85,78.85,1.778,,Optical Thickness,,
3SIMG_12SEP2026_0830_L2G_AOD_V01R00,3SIMG_L2G_AOD,environment,2026-09-12 08:30:00+00:00,11.85,78.95,1.797,,Optical Thickness,,
3SIMG_12SEP2026_0830_L2G_AOD_V01R00,3SIMG_L2G_AOD,environment,2026-09-12 08:30:00+00:00,11.85,79.05,1.815,,Optical Thickness,,
3SIMG_12SEP2026_0830_L2G_AOD_V01R00,3SIMG_L2G_AOD,environment,2026-09-12 08:30:00+00:00,11.85,79.15,1.866,,Optical Thickness,,
3SIMG_12SEP2026_0830_L2G_AOD_V01R00,3SIMG_L2G_AOD,environment,2026-09-12 08:30:00+00:00,11.75,75.65,0.887,,Optical Thickness,,
3SIMG_12SEP2026_0830_L2G_AOD_V01R00,3SIMG_L2G_AOD,environment,2026-09-12 08:30:00+00:00,11.75,75.75,1.511,,Optical Thickness,,
3SIMG_12SEP2026_0830_L2G_AOD_V01R00,3SIMG_L2G_AOD,environment,2026-09-12 08:30:00+00:00,11.75,76.35,1.104,,Optical Thickness,,
3SIMG_12SEP2026_0830_L2G_AOD_V01R00,3SIMG_L2G_AOD,environment,2026-09-12 08:30:00+00:00,11.75,78.85,1.778,,Optical Thickness,,
3SIMG_12SEP2026_0830_L2G_AOD_V01R00,3SIMG_L2G_AOD,environment,2026-09-12 08:30:00+00:00,11.75,78.95,1.797,,Optical Thickness,,
3SIMG_12SEP2026_0830_L2G_AOD_V01R00,3SIMG_L2G_AOD,environment,2026-09-12 08:30:00+00:00,11.75,79.05,1.815,,Optical Thickness,,
3SIMG_12SEP2026_0830_L2G_AOD_V01R00,3SIMG_L2G_AOD,environment,2026-09-12 08:30:00+00:00,11.75,79.15,1.866,,Optical Thickness,,
3SIMG_12SEP2026_0830_L2G_AOD_V01R00,3SIMG_L2G_AOD,environment,2026-09-12 08:30:00+00:00,11.65,75.75,1.09,,Optical Thickness,,
3SIMG_12SEP2026_0830_L2G_AOD_V01R00,3SIMG_L2G_AOD,environment,2026-09-12 08:30:00+00:00,11.65,75.85,1.277,,Optical Thickness,,
3SIMG_12SEP2026_0830_L2G_AOD_V01R00,3SIMG_L2G_AOD,environment,2026-09-12 08:30:00+00:00,11.65,76.35,1.199,,Optical Thickness,,
3SIMG_12SEP2026_0830_L2G_AOD_V01R00,3SIMG_L2G_AOD,environment,2026-09-12 08:30:00+00:00,11.65,76.45,0.966,,Optical Thickness,,
3SIMG_12SEP2026_0830_L2G_AOD_V01R00,3SIMG_L2G_AOD,environment,2026-09-12 08:30:00+00:00,11.65,77.95,2.884,,Optical Thickness,,
3SIMG_12SEP2026_0830_L2G_AOD_V01R00,3SIMG_L2G_AOD,environment,2026-09-12 08:30:00+00:00,11.65,78.05,2.884,,Optical Thickness,,
3SIMG_12SEP2026_0830_L2G_AOD_V01R00,3SIMG_L2G_AOD,environment,2026-09-12 08:30:00+00:00,11.65,78.95,1.654,,Optical Thickness,,
3SIMG_12SEP2026_0830_L2G_AOD_V01R00,3SIMG_L2G_AOD,environment,2026-09-12 08:30:00+00:00,11.65,79.05,1.709,,Optical Thickness,,
3SIMG_12SEP2026_0830_L2G_AOD_V01R00,3SIMG_L2G_AOD,environment,2026-09-12 08:30:00+00:00,11.65,79.15,1.815,,Optical Thickness,,
3SIMG_12SEP2026_0830_L2G_AOD_V01R00,3SIMG_L2G_AOD,environment,2026-09-12 08:30:00+00:00,11.55,72.15,0.622,,Optical Thickness,,
3SIMG_12SEP2026_0830_L2G_AOD_V01R00,3SIMG_L2G_AOD,environment,2026-09-12 08:30:00+00:00,11.55,75.85,0.969,,Optical Thickness,,
3SIMG_12SEP2026_0830_L2G_AOD_V01R00,3SIMG_L2G_AOD,environment,2026-09-12 08:30:00+00:00,11.55,76.25,1.336,,Optical Thickness,,
3SIMG_12SEP2026_0830_L2G_AOD_V01R00,3SIMG_L2G_AOD,environment,2026-09-12 08:30:00+00:00,11.55,76.35,0.646,,Optical Thickness,,
3SIMG_12SEP2026_0830_L2G_AOD_V01R00,3SIMG_L2G_AOD,environment,2026-09-12 08:30:00+00:00,11.55,78.05,2.884,,Optical Thickness,,
3SIMG_12SEP2026_0830_L2G_AOD_V01R00,3SIMG_L2G_AOD,environment,2026-09-12 08:30:00+00:00,11.55,78.95,1.592,,Optical Thickness,,
3SIMG_12SEP2026_0830_L2G_AOD_V01R00,3SIMG_L2G_AOD,environment,2026-09-12 08:30:00+00:00,11.55,79.05,1.669,,Optical Thickness,,
3SIMG_12SEP2026_0830_L2G_AOD_V01R00,3SIMG_L2G_AOD,environment,2026-09-12 08:30:00+00:00,11.55,79.15,1.686,,Optical Thickness,,
3SIMG_12SEP2026_0830_L2G_AOD_V01R00,3SIMG_L2G_AOD,environment,2026-09-12 08:30:00+00:00,11.55,79.25,1.752,,Optical Thickness,,
3SIMG_12SEP2026_0830_L2G_AOD_V01R00,3SIMG_L2G_AOD,environment,2026-09-12 08:30:00+00:00,11.55,79.35,1.752,,Optical Thickness,,
3SIMG_12SEP2026_0830_L2G_AOD_V01R00,3SIMG_L2G_AOD,environment,2026-09-12 08:30:00+00:00,11.55,79.45,1.813,,Optical Thickness,,
3SIMG_12SEP2026_0830_L2G_AOD_V01R00,3SIMG_L2G_AOD,environment,2026-09-12 08:30:00+00:00,11.45,75.85,1.179,,Optical Thickness,,
3SIMG_12SEP2026_0830_L2G_AOD_V01R00,3SIMG_L2G_AOD,environment,2026-09-12 08:30:00+00:00,11.45,78.95,1.711,,Optical Thickness,,
3SIMG_12SEP2026_0830_L2G_AOD_V01R00,3SIMG_L2G_AOD,environment,2026-09-12 08:30:00+00:00,11.45,79.05,1.627,,Optical Thickness,,
3SIMG_12SEP2026_0830_L2G_AOD_V01R00,3SIMG_L2G_AOD,environment,2026-09-12 08:30:00+00:00,11.45,79.15,1.496,,Optical Thickness,,
3SIMG_12SEP2026_0830_L2G_AOD_V01R00,3SIMG_L2G_AOD,environment,2026-09-12 08:30:00+00:00,11.45,79.25,1.588,,Optical Thickness,,
3SIMG_12SEP2026_0830_L2G_AOD_V01R00,3SIMG_L2G_AOD,environment,2026-09-12 08:30:00+00:00,11.45,79.35,1.612,,Optical Thickness,,
3SIMG_12SEP2026_0830_L2G_AOD_V01R00,3SIMG_L2G_AOD,environment,2026-09-12 08:30:00+00:00,11.45,79.45,1.747,,Optical Thickness,,
3SIMG_12SEP2026_0830_L2G_AOD_V01R00,3SIMG_L2G_AOD,environment,2026-09-12 08:30:00+00:00,11.45,79.55,1.813,,Optical Thickness,,
3SIMG_12SEP2026_0830_L2G_AOD_V01R00,3SIMG_L2G_AOD,environment,2026-09-12 08:30:00+00:00,11.35,76.35,1.582,,Optical Thickness,,
3SIMG_12SEP2026_0830_L2G_AOD_V01R00,3SIMG_L2G_AOD,environment,2026-09-12 08:30:00+00:00,11.35,79.05,1.556,,Optical Thickness,,
3SIMG_12SEP2026_0830_L2G_AOD_V01R00,3SIMG_L2G_AOD,environment,2026-09-12 08:30:00+00:00,11.35,79.15,1.491,,Optical Thickness,,
3SIMG_12SEP2026_0830_L2G_AOD_V01R00,3SIMG_L2G_AOD,environment,2026-09-12 08:30:00+00:00,11.35,79.25,1.464,,Optical Thickness,,
3SIMG_12SEP2026_0830_L2G_AOD_V01R00,3SIMG_L2G_AOD,environment,2026-09-12 08:30:00+00:00,11.35,79.35,1.606,,Optical Thickness,,
3SIMG_12SEP2026_0830_L2G_AOD_V01R00,3SIMG_L2G_AOD,environment,2026-09-12 08:30:00+00:00,11.35,79.45,1.79,,Optical Thickness,,
3SIMG_12SEP2026_0830_L2G_AOD_V01R00,3SIMG_L2G_AOD,environment,2026-09-12 08:30:00+00:00,11.35,79.55,1.742,,Optical Thickness,,
3SIMG_12SEP2026_0830_L2G_AOD_V01R00,3SIMG_L2G_AOD,environment,2026-09-12 08:30:00+00:00,11.35,79.65,1.714,,Optical Thickness,,
3SIMG_12SEP2026_0830_L2G_AOD_V01R00,3SIMG_L2G_AOD,environment,2026-09-12 08:30:00+00:00,11.35,79.75,1.714,,Optical Thickness,,
3SIMG_12SEP2026_0830_L2G_AOD_V01R00,3SIMG_L2G_AOD,environment,2026-09-12 08:30:00+00:00,11.25,76.25,1.781,,Optical Thickness,,
3SIMG_12SEP2026_0830_L2G_AOD_V01R00,3SIMG_L2G_AOD,environment,2026-09-12 08:30:00+00:00,11.25,79.15,1.536,,Optical Thickness,,
3SIMG_12SEP2026_0830_L2G_AOD_V01R00,3SIMG_L2G_AOD,environment,2026-09-12 08:30:00+00:00,11.25,79.25,1.61,,Optical Thickness,,
3SIMG_12SEP2026_0830_L2G_AOD_V01R00,3SIMG_L2G_AOD,environment,2026-09-12 08:30:00+00:00,11.25,79.35,1.585,,Optical Thickness,,
3SIMG_12SEP2026_0830_L2G_AOD_V01R00,3SIMG_L2G_AOD,environment,2026-09-12 08:30:00+00:00,11.25,79.45,1.453,,Optical Thickness,,
3SIMG_12SEP2026_0830_L2G_AOD_V01R00,3SIMG_L2G_AOD,environment,2026-09-12 08:30:00+00:00,11.25,79.55,1.496,,Optical Thickness,,
3SIMG_12SEP2026_0830_L2G_AOD_V01R00,3SIMG_L2G_AOD,environment,2026-09-12 08:30:00+00:00,11.25,79.65,1.65,,Optical Thickness,,
3SIMG_12SEP2026_0830_L2G_AOD_V01R00,3SIMG_L2G_AOD,environment,2026-09-12 08:30:00+00:00,11.25,79.75,1.65,,Optical Thickness,,
3SIMG_12SEP2026_0830_L2G_AOD_V01R00,3SIMG_L2G_AOD,environment,2026-09-12 08:30:00+00:00,11.15,72.05,0.437,,Optical Thickness,,
3SIMG_12SEP2026_0830_L2G_AOD_V01R00,3SIMG_L2G_AOD,environment,2026-09-12 08:30:00+00:00,11.15,76.65,1.581,,Optical Thickness,,
3SIMG_12SEP2026_0830_L2G_AOD_V01R00,3SIMG_L2G_AOD,environment,2026-09-12 08:30:00+00:00,11.15,78.25,2.825,,Optical Thickness,,
3SIMG_12SEP2026_0830_L2G_AOD_V01R00,3SIMG_L2G_AOD,environment,2026-09-12 08:30:00+00:00,11.15,78.35,2.825,,Optical Thickness,,
3SIMG_12SEP2026_0830_L2G_AOD_V01R00,3SIMG_L2G_AOD,environment,2026-09-12 08:30:00+00:00,11.15,79.15,1.911,,Optical Thickness,,
3SIMG_12SEP2026_0830_L2G_AOD_V01R00,3SIMG_L2G_AOD,environment,2026-09-12 08:30:00+00:00,11.15,79.25,1.8,,Optical Thickness,,
3SIMG_12SEP2026_0830_L2G_AOD_V01R00,3SIMG_L2G_AOD,environment,2026-09-12 08:30:00+00:00,11.15,79.35,1.663,,Optical Thickness,,
3SIMG_12SEP2026_0830_L2G_AOD_V01R00,3SIMG_L2G_AOD,environment,2026-09-12 08:30:00+00:00,11.15,79.45,1.47,,Optical Thickness,,
3SIMG_12SEP2026_0830_L2G_AOD_V01R00,3SIMG_L2G_AOD,environment,2026-09-12 08:30:00+00:00,11.15,79.55,1.451,,Optical Thickness,,
3SIMG_12SEP2026_0830_L2G_AOD_V01R00,3SIMG_L2G_AOD,environment,2026-09-12 08:30:00+00:00,11.05,77.85,1.864,,Optical Thickness,,
3SIMG_12SEP2026_0830_L2G_AOD_V01R00,3SIMG_L2G_AOD,environment,2026-09-12 08:30:00+00:00,11.05,79.25,1.966,,Optical Thickness,,
3SIMG_12SEP2026_0830_L2G_AOD_V01R00,3SIMG_L2G_AOD,environment,2026-09-12 08:30:00+00:00,11.05,79.35,1.807,,Optical Thickness,,
3SIMG_12SEP2026_0830_L2G_AOD_V01R00,3SIMG_L2G_AOD,environment,2026-09-12 08:30:00+00:00,11.05,79.45,1.533,,Optical Thickness,,
3SIMG_12SEP2026_0830_L2G_AOD_V01R00,3SIMG_L2G_AOD,environment,2026-09-12 08:30:00+00:00,11.05,79.55,1.354,,Optical Thickness,,
3SIMG_12SEP2026_0830_L2G_AOD_V01R00,3SIMG_L2G_AOD,environment,2026-09-12 08:30:00+00:00,10.95,78.95,2.708,,Optical Thickness,,
3SIMG_12SEP2026_0830_L2G_AOD_V01R00,3SIMG_L2G_AOD,environment,2026-09-12 08:30:00+00:00,10.85,77.85,2.451,,Optical Thickness,,
3SIMG_12SEP2026_0830_L2G_AOD_V01R00,3SIMG_L2G_AOD,environment,2026-09-12 08:30:00+00:00,10.75,78.85,2.828,,Optical Thickness,,
3SIMG_12SEP2026_0830_L2G_AOD_V01R00,3SIMG_L2G_AOD,environment,2026-09-12 08:30:00+00:00,10.65,77.45,2.918,,Optical Thickness,,
3SIMG_12SEP2026_0830_L2G_AOD_V01R00,3SIMG_L2G_AOD,environment,2026-09-12 08:30:00+00:00,10.65,78.85,1.663,,Optical Thickness,,
3SIMG_12SEP2026_0830_L2G_AOD_V01R00,3SIMG_L2G_AOD,environment,2026-09-12 08:30:00+00:00,10.65,78.95,2.439,,Optical Thickness,,
3SIMG_12SEP2026_0830_L2G_AOD_V01R00,3SIMG_L2G_AOD,environment,2026-09-12 08:30:00+00:00,10.65,79.85,1.778,,Optical Thickness,,
3SIMG_12SEP2026_0830_L2G_AOD_V01R00,3SIMG_L2G_AOD,environment,2026-09-12 08:30:00+00:00,10.55,76.15,1.48,,Optical Thickness,,
3SIMG_12SEP2026_0830_L2G_AOD_V01R00,3SIMG_L2G_AOD,environment,2026-09-12 08:30:00+00:00,10.55,78.75,1.669,,Optical Thickness,,
3SIMG_12SEP2026_0830_L2G_AOD_V01R00,3SIMG_L2G_AOD,environment,2026-09-12 08:30:00+00:00,10.55,78.85,1.669,,Optical Thickness,,
3SIMG_12SEP2026_0830_L2G_AOD_V01R00,3SIMG_L2G_AOD,environment,2026-09-12 08:30:00+00:00,10.55,79.85,1.873,,Optical Thickness,,
3SIMG_12SEP2026_0830_L2G_AOD_V01R00,3SIMG_L2G_AOD,environment,2026-09-12 08:30:00+00:00,10.45,76.35,1.824,,Optical Thickness,,
3SIMG_12SEP2026_0830_L2G_AOD_V01R00,3SIMG_L2G_AOD,environment,2026-09-12 08:30:00+00:00,10.45,76.45,1.502,,Optical Thickness,,
3SIMG_12SEP2026_0830_L2G_AOD_V01R00,3SIMG_L2G_AOD,environment,2026-09-12 08:30:00+00:00,10.45,78.75,1.627,,Optical Thickness,,
3SIMG_12SEP2026_0830_L2G_AOD_V01R00,3SIMG_L2G_AOD,environment,2026-09-12 08:30:00+00:00,10.45,78.85,1.669,,Optical Thickness,,
3SIMG_12SEP2026_0830_L2G_AOD_V01R00,3SIMG_L2G_AOD,environment,2026-09-12 08:30:00+00:00,10.45,79.25,2.123,,Optical Thickness,,
3SIMG_12SEP2026_0830_L2G_AOD_V01R00,3SIMG_L2G_AOD,environment,2026-09-12 08:30:00+00:00,10.45,79.35,2.576,,Optical Thickness,,
3SIMG_12SEP2026_0830_L2G_AOD_V01R00,3SIMG_L2G_AOD,environment,2026-09-12 08:30:00+00:00,10.45,79.55,2.327,,Optical Thickness,,
3SIMG_12SEP2026_0830_L2G_AOD_V01R00,3SIMG_L2G_AOD,environment,2026-09-12 08:30:00+00:00,10.35,76.25,1.468,,Optical Thickness,,
3SIMG_12SEP2026_0830_L2G_AOD_V01R00,3SIMG_L2G_AOD,environment,2026-09-12 08:30:00+00:00,10.35,76.35,1.317,,Optical Thickness,,
3SIMG_12SEP2026_0830_L2G_AOD_V01R00,3SIMG_L2G_AOD,environment,2026-09-12 08:30:00+00:00,10.35,76.45,1.367,,Optical Thickness,,
3SIMG_12SEP2026_0830_L2G_AOD_V01R00,3SIMG_L2G_AOD,environment,2026-09-12 08:30:00+00:00,10.35,76.55,1.85,,Optical Thickness,,
3SIMG_12SEP2026_0830_L2G_AOD_V01R00,3SIMG_L2G_AOD,environment,2026-09-12 08:30:00+00:00,10.35,78.65,1.495,,Optical Thickness,,
3SIMG_12SEP2026_0830_L2G_AOD_V01R00,3SIMG_L2G_AOD,environment,2026-09-12 08:30:00+00:00,10.35,78.75,1.586,,Optical Thickness,,
3SIMG_12SEP2026_0830_L2G_AOD_V01R00,3SIMG_L2G_AOD,environment,2026-09-12 08:30:00+00:00,10.35,78.85,1.733,,Optical Thickness,,
3SIMG_12SEP2026_0830_L2G_AOD_V01R00,3SIMG_L2G_AOD,environment,2026-09-12 08:30:00+00:00,10.35,79.15,2.123,,Optical Thickness,,
3SIMG_12SEP2026_0830_L2G_AOD_V01R00,3SIMG_L2G_AOD,environment,2026-09-12 08:30:00+00:00,10.35,79.25,2.349,,Optical Thickness,,
3SIMG_12SEP2026_0830_L2G_AOD_V01R00,3SIMG_L2G_AOD,environment,2026-09-12 08:30:00+00:00,10.25,76.25,1.317,,Optical Thickness,,
3SIMG_12SEP2026_0830_L2G_AOD_V01R00,3SIMG_L2G_AOD,environment,2026-09-12 08:30:00+00:00,10.25,76.35,1.23,,Optical Thickness,,
3SIMG_12SEP2026_0830_L2G_AOD_V01R00,3SIMG_L2G_AOD,environment,2026-09-12 08:30:00+00:00,10.25,76.45,1.224,,Optical Thickness,,
3SIMG_12SEP2026_0830_L2G_AOD_V01R00,3SIMG_L2G_AOD,environment,2026-09-12 08:30:00+00:00,10.25,78.55,2.031,,Optical Thickness,,
3SIMG_12SEP2026_0830_L2G_AOD_V01R00,3SIMG_L2G_AOD,environment,2026-09-12 08:30:00+00:00,10.25,78.65,1.717,,Optical Thickness,,
3SIMG_12SEP2026_0830_L2G_AOD_V01R00,3SIMG_L2G_AOD,environment,2026-09-12 08:30:00+00:00,10.25,78.75,1.717,,Optical Thickness,,
3SIMG_12SEP2026_0830_L2G_AOD_V01R00,3SIMG_L2G_AOD,environment,2026-09-12 08:30:00+00:00,10.25,79.15,2.412,,Optical Thickness,,
3SIMG_12SEP2026_0830_L2G_AOD_V01R00,3SIMG_L2G_AOD,environment,2026-09-12 08:30:00+00:00,10.15,76.25,1.317,,Optical Thickness,,
3SIMG_12SEP2026_0830_L2G_AOD_V01R00,3SIMG_L2G_AOD,environment,2026-09-12 08:30:00+00:00,10.15,76.35,1.23,,Optical Thickness,,
3SIMG_12SEP2026_0830_L2G_AOD_V01R00,3SIMG_L2G_AOD,environment,2026-09-12 08:30:00+00:00,10.15,76.45,1.224,,Optical Thickness,,
3SIMG_12SEP2026_0830_L2G_AOD_V01R00,3SIMG_L2G_AOD,environment,2026-09-12 08:30:00+00:00,10.15,78.55,2.031,,Optical Thickness,,
3SIMG_12SEP2026_0830_L2G_AOD_V01R00,3SIMG_L2G_AOD,environment,2026-09-12 08:30:00+00:00,10.15,78.65,1.717,,Optical Thickness,,
3SIMG_12SEP2026_0830_L2G_AOD_V01R00,3SIMG_L2G_AOD,environment,2026-09-12 08:30:00+00:00,10.15,78.75,1.717,,Optical Thickness,,
3SIMG_12SEP2026_0830_L2G_AOD_V01R00,3SIMG_L2G_AOD,environment,2026-09-12 08:30:00+00:00,10.15,79.15,2.412,,Optical Thickness,,
3SIMG_12SEP2026_0830_L2G_AOD_V01R00,3SIMG_L2G_AOD,environment,2026-09-12 08:30:00+00:00,10.05,76.35,1.218,,Optical Thickness,,
3SIMG_12SEP2026_0830_L2G_AOD_V01R00,3SIMG_L2G_AOD,environment,2026-09-12 08:30:00+00:00,10.05,76.45,1.218,,Optical Thickness,,
3SIMG_12SEP2026_0830_L2G_AOD_V01R00,3SIMG_L2G_AOD,environment,2026-09-12 08:30:00+00:00,10.05,77.85,2.228,,Optical Thickness,,
3SIMG_12SEP2026_0830_L2G_AOD_V01R00,3SIMG_L2G_AOD,environment,2026-09-12 08:30:00+00:00,10.05,78.15,2.142,,Optical Thickness,,
3SIMG_12SEP2026_0830_L2G_AOD_V01R00,3SIMG_L2G_AOD,environment,2026-09-12 08:30:00+00:00,10.05,78.45,2.031,,Optical Thickness,,
3SIMG_12SEP2026_0830_L2G_AOD_V01R00,3SIMG_L2G_AOD,environment,2026-09-12 08:30:00+00:00,10.05,78.65,1.733,,Optical Thickness,,
3SIMG_12SEP2026_0830_L2G_AOD_V01R00,3SIMG_L2G_AOD,environment,2026-09-12 08:30:00+00:00,10.05,78.75,1.717,,Optical Thickness,,
3SIMG_12SEP2026_0830_L2G_AOD_V01R00,3SIMG_L2G_AOD,environment,2026-09-12 08:30:00+00:00,10.05,79.15,2.412,,Optical Thickness,,
3SIMG_12SEP2026_0830_L2G_AOD_V01R00,3SIMG_L2G_AOD,environment,2026-09-12 08:30:00+00:00,9.95,76.35,1.148,,Optical Thickness,,
3SIMG_12SEP2026_0830_L2G_AOD_V01R00,3SIMG_L2G_AOD,environment,2026-09-12 08:30:00+00:00,9.95,76.45,1.216,,Optical Thickness,,
3SIMG_12SEP2026_0830_L2G_AOD_V01R00,3SIMG_L2G_AOD,environment,2026-09-12 08:30:00+00:00,9.95,76.55,1.395,,Optical Thickness,,
3SIMG_12SEP2026_0830_L2G_AOD_V01R00,3SIMG_L2G_AOD,environment,2026-09-12 08:30:00+00:00,9.95,77.05,1.823,,Optical Thickness,,
3SIMG_12SEP2026_0830_L2G_AOD_V01R00,3SIMG_L2G_AOD,environment,2026-09-12 08:30:00+00:00,9.95,77.15,1.428,,Optical Thickness,,
3SIMG_12SEP2026_0830_L2G_AOD_V01R00,3SIMG_L2G_AOD,environment,2026-09-12 08:30:00+00:00,9.95,77.25,1.302,,Optical Thickness,,
3SIMG_12SEP2026_0830_L2G_AOD_V01R00,3SIMG_L2G_AOD,environment,2026-09-12 08:30:00+00:00,9.95,77.85,1.727,,Optical Thickness,,
3SIMG_12SEP2026_0830_L2G_AOD_V01R00,3SIMG_L2G_AOD,environment,2026-09-12 08:30:00+00:00,9.95,77.95,1.803,,Optical Thickness,,
3SIMG_12SEP2026_0830_L2G_AOD_V01R00,3SIMG_L2G_AOD,environment,2026-09-12 08:30:00+00:00,9.95,79.05,2.537,,Optical Thickness,,
3SIMG_12SEP2026_0830_L2G_AOD_V01R00,3SIMG_L2G_AOD,environment,2026-09-12 08:30:00+00:00,9.85,76.35,1.077,,Optical Thickness,,
3SIMG_12SEP2026_0830_L2G_AOD_V01R00,3SIMG_L2G_AOD,environment,2026-09-12 08:30:00+00:00,9.85,76.45,1.121,,Optical Thickness,,
3SIMG_12SEP2026_0830_L2G_AOD_V01R00,3SIMG_L2G_AOD,environment,2026-09-12 08:30:00+00:00,9.85,76.55,1.205,,Optical Thickness,,
3SIMG_12SEP2026_0830_L2G_AOD_V01R00,3SIMG_L2G_AOD,environment,2026-09-12 08:30:00+00:00,9.85,77.25,1.661,,Optical Thickness,,
3SIMG_12SEP2026_0830_L2G_AOD_V01R00,3SIMG_L2G_AOD,environment,2026-09-12 08:30:00+00:00,9.85,77.75,1.696,,Optical Thickness,,
3SIMG_12SEP2026_0830_L2G_AOD_V01R00,3SIMG_L2G_AOD,environment,2026-09-12 08:30:00+00:00,9.85,77.85,1.727,,Optical Thickness,,
3SIMG_12SEP2026_0830_L2G_AOD_V01R00,3SIMG_L2G_AOD,environment,2026-09-12 08:30:00+00:00,9.85,77.95,1.756,,Optical Thickness,,
3SIMG_12SEP2026_0830_L2G_AOD_V01R00,3SIMG_L2G_AOD,environment,2026-09-12 08:30:00+00:00,9.85,79.05,2.473,,Optical Thickness,,
3SIMG_12SEP2026_0830_L2G_AOD_V01R00,3SIMG_L2G_AOD,environment,2026-09-12 08:30:00+00:00,9.75,76.35,1.076,,Optical Thickness,,
3SIMG_12SEP2026_0830_L2G_AOD_V01R00,3SIMG_L2G_AOD,environment,2026-09-12 08:30:00+00:00,9.75,76.45,1.112,,Optical Thickness,,
3SIMG_12SEP2026_0830_L2G_AOD_V01R00,3SIMG_L2G_AOD,environment,2026-09-12 08:30:00+00:00,9.75,76.55,1.159,,Optical Thickness,,
3SIMG_12SEP2026_0830_L2G_AOD_V01R00,3SIMG_L2G_AOD,environment,2026-09-12 08:30:00+00:00,9.75,77.95,2.208,,Optical Thickness,,
3SIMG_12SEP2026_0830_L2G_AOD_V01R00,3SIMG_L2G_AOD,environment,2026-09-12 08:30:00+00:00,9.75,78.15,2.286,,Optical Thickness,,
3SIMG_12SEP2026_0830_L2G_AOD_V01R00,3SIMG_L2G_AOD,environment,2026-09-12 08:30:00+00:00,9.75,78.95,2.016,,Optical Thickness,,
3SIMG_12SEP2026_0830_L2G_AOD_V01R00,3SIMG_L2G_AOD,environment,2026-09-12 08:30:00+00:00,9.65,76.35,1.094,,Optical Thickness,,
3SIMG_12SEP2026_0830_L2G_AOD_V01R00,3SIMG_L2G_AOD,environment,2026-09-12 08:30:00+00:00,9.65,76.45,1.159,,Optical Thickness,,
3SIMG_12SEP2026_0830_L2G_AOD_V01R00,3SIMG_L2G_AOD,environment,2026-09-12 08:30:00+00:00,9.65,76.55,1.193,,Optical Thickness,,
3SIMG_12SEP2026_0830_L2G_AOD_V01R00,3SIMG_L2G_AOD,environment,2026-09-12 08:30:00+00:00,9.55,76.45,1.275,,Optical Thickness,,
3SIMG_12SEP2026_0830_L2G_AOD_V01R00,3SIMG_L2G_AOD,environment,2026-09-12 08:30:00+00:00,9.55,76.55,1.275,,Optical Thickness,,
3SIMG_12SEP2026_0830_L2G_AOD_V01R00,3SIMG_L2G_AOD,environment,2026-09-12 08:30:00+00:00,9.55,77.75,2.961,,Optical Thickness,,
3SIMG_12SEP2026_0830_L2G_AOD_V01R00,3SIMG_L2G_AOD,environment,2026-09-12 08:30:00+00:00,9.45,76.45,1.448,,Optical Thickness,,
3SIMG_12SEP2026_0830_L2G_AOD_V01R00,3SIMG_L2G_AOD,environment,2026-09-12 08:30:00+00:00,9.45,76.55,1.424,,Optical Thickness,,
3SIMG_12SEP2026_0830_L2G_AOD_V01R00,3SIMG_L2G_AOD,environment,2026-09-12 08:30:00+00:00,9.45,76.65,1.354,,Optical Thickness,,
3SIMG_12SEP2026_0830_L2G_AOD_V01R00,3SIMG_L2G_AOD,environment,2026-09-12 08:30:00+00:00,9.35,76.45,1.598,,Optical Thickness,,
3SIMG_12SEP2026_0830_L2G_AOD_V01R00,3SIMG_L2G_AOD,environment,2026-09-12 08:30:00+00:00,9.35,76.55,1.448,,Optical Thickness,,
3SIMG_12SEP2026_0830_L2G_AOD_V01R00,3SIMG_L2G_AOD,environment,2026-09-12 08:30:00+00:00,9.35,76.65,1.354,,Optical Thickness,,
3SIMG_12SEP2026_0830_L2G_AOD_V01R00,3SIMG_L2G_AOD,environment,2026-09-12 08:30:00+00:00,9.35,78.75,2.152,,Optical Thickness,,
3SIMG_12SEP2026_0830_L2G_AOD_V01R00,3SIMG_L2G_AOD,environment,2026-09-12 08:30:00+00:00,9.35,78.85,2.341,,Optical Thickness,,
3SIMG_12SEP2026_0830_L2G_AOD_V01R00,3SIMG_L2G_AOD,environment,2026-09-12 08:30:00+00:00,9.25,77.55,2.484,,Optical Thickness,,
3SIMG_12SEP2026_0830_L2G_AOD_V01R00,3SIMG_L2G_AOD,environment,2026-09-12 08:30:00+00:00,9.25,77.65,2.434,,Optical Thickness,,
3SIMG_12SEP2026_0830_L2G_AOD_V01R00,3SIMG_L2G_AOD,environment,2026-09-12 08:30:00+00:00,9.25,78.55,1.885,,Optical Thickness,,
3SIMG_12SEP2026_0830_L2G_AOD_V01R00,3SIMG_L2G_AOD,environment,2026-09-12 08:30:00+00:00,9.15,76.55,1.364,,Optical Thickness,,
3SIMG_12SEP2026_0830_L2G_AOD_V01R00,3SIMG_L2G_AOD,environment,2026-09-12 08:30:00+00:00,9.15,77.45,2.484,,Optical Thickness,,
3SIMG_12SEP2026_0830_L2G_AOD_V01R00,3SIMG_L2G_AOD,environment,2026-09-12 08:30:00+00:00,9.15,77.55,2.459,,Optical Thickness,,
3SIMG_12SEP2026_0830_L2G_AOD_V01R00,3SIMG_L2G_AOD,environment,2026-09-12 08:30:00+00:00,9.15,78.25,2.444,,Optical Thickness,,
3SIMG_12SEP2026_0830_L2G_AOD_V01R00,3SIMG_L2G_AOD,environment,2026-09-12 08:30:00+00:00,9.15,78.35,2.444,,Optical Thickness,,
3SIMG_12SEP2026_0830_L2G_AOD_V01R00,3SIMG_L2G_AOD,environment,2026-09-12 08:30:00+00:00,9.05,77.35,1.787,,Optical Thickness,,
3SIMG_12SEP2026_0830_L2G_AOD_V01R00,3SIMG_L2G_AOD,environment,2026-09-12 08:30:00+00:00,9.05,77.45,1.955,,Optical Thickness,,
3SIMG_12SEP2026_0830_L2G_AOD_V01R00,3SIMG_L2G_AOD,environment,2026-09-12 08:30:00+00:00,9.05,77.55,1.955,,Optical Thickness,,
3SIMG_12SEP2026_0830_L2G_AOD_V01R00,3SIMG_L2G_AOD,environment,2026-09-12 08:30:00+00:00,9.05,78.05,2.151,,Optical Thickness,,
3SIMG_12SEP2026_0830_L2G_AOD_V01R00,3SIMG_L2G_AOD,environment,2026-09-12 08:30:00+00:00,9.05,78.15,2.151,,Optical Thickness,,
3SIMG_12SEP2026_0830_L2G_AOD_V01R00,3SIMG_L2G_AOD,environment,2026-09-12 08:30:00+00:00,8.95,76.65,1.74,,Optical Thickness,,
3SIMG_12SEP2026_0830_L2G_AOD_V01R00,3SIMG_L2G_AOD,environment,2026-09-12 08:30:00+00:00,8.95,77.45,1.787,,Optical Thickness,,
3SIMG_12SEP2026_0830_L2G_AOD_V01R00,3SIMG_L2G_AOD,environment,2026-09-12 08:30:00+00:00,8.95,77.55,1.878,,Optical Thickness,,
3SIMG_12SEP2026_0830_L2G_AOD_V01R00,3SIMG_L2G_AOD,environment,2026-09-12 08:30:00+00:00,8.95,77.95,1.919,,Optical Thickness,,
3SIMG_12SEP2026_0830_L2G_AOD_V01R00,3SIMG_L2G_AOD,environment,2026-09-12 08:30:00+00:00,8.95,78.05,1.919,,Optical Thickness,,
3SIMG_12SEP2026_0830_L2G_AOD_V01R00,3SIMG_L2G_AOD,environment,2026-09-12 08:30:00+00:00,8.85,77.85,2.8,,Optical Thickness,,
3SIMG_12SEP2026_0830_L2G_AOD_V01R00,3SIMG_L2G_AOD,environment,2026-09-12 08:30:00+00:00,8.85,77.95,1.93,,Optical Thickness,,
3SIMG_12SEP2026_0830_L2G_AOD_V01R00,3SIMG_L2G_AOD,environment,2026-09-12 08:30:00+00:00,8.85,78.05,1.919,,Optical Thickness,,
3SIMG_12SEP2026_0830_L2G_AOD_V01R00,3SIMG_L2G_AOD,environment,2026-09-12 08:30:00+00:00,8.75,77.85,2.399,,Optical Thickness,,
3SIMG_12SEP2026_0830_L2G_AOD_V01R00,3SIMG_L2G_AOD,environment,2026-09-12 08:30:00+00:00,8.75,77.95,1.919,,Optical Thickness,,
3SIMG_12SEP2026_0830_L2G_AOD_V01R00,3SIMG_L2G_AOD,environment,2026-09-12 08:30:00+00:00,8.75,78.05,1.802,,Optical Thickness,,
3SIMG_12SEP2026_0830_L2G_AOD_V01R00,3SIMG_L2G_AOD,environment,2026-09-12 08:30:00+00:00,8.65,77.85,2.399,,Optical Thickness,,
3SIMG_12SEP2026_0830_L2G_AOD_V01R00,3SIMG_L2G_AOD,environment,2026-09-12 08:30:00+00:00,8.65,77.95,1.919,,Optical Thickness,,
3SIMG_12SEP2026_0830_L2G_AOD_V01R00,3SIMG_L2G_AOD,environment,2026-09-12 08:30:00+00:00,8.65,78.05,1.802,,Optical Thickness,,
3SIMG_12SEP2026_0830_L2G_AOD_V01R00,3SIMG_L2G_AOD,environment,2026-09-12 08:30:00+00:00,8.55,77.85,2.166,,Optical Thickness,,
3SIMG_12SEP2026_0830_L2G_AOD_V01R00,3SIMG_L2G_AOD,environment,2026-09-12 08:30:00+00:00,8.55,77.95,1.88,,Optical Thickness,,
3SIMG_12SEP2026_0830_L2G_AOD_V01R00,3SIMG_L2G_AOD,environment,2026-09-12 08:30:00+00:00,8.55,78.05,1.559,,Optical Thickness,,
3SIMG_12SEP2026_0830_L2G_AOD_V01R00,3SIMG_L2G_AOD,environment,2026-09-12 08:30:00+00:00,8.45,77.75,2.42,,Optical Thickness,,
3SIMG_12SEP2026_0830_L2G_AOD_V01R00,3SIMG_L2G_AOD,environment,2026-09-12 08:30:00+00:00,8.45,77.95,2.166,,Optical Thickness,,
3SIMG_12SEP2026_0830_L2G_AOD_V01R00,3SIMG_L2G_AOD,environment,2026-09-12 08:30:00+00:00,8.45,93.05,0.221,,Optical Thickness,,
3SIMG_12SEP2026_0830_L2G_AOD_V01R00,3SIMG_L2G_AOD,environment,2026-09-12 08:30:00+00:00,8.35,77.65,2.994,,Optical Thickness,,
3SIMG_12SEP2026_0830_L2G_AOD_V01R00,3SIMG_L2G_AOD,environment,2026-09-12 08:30:00+00:00,8.25,77.55,1.164,,Optical Thickness,,
