granule_id,product_id,category,observation_time,latitude,longitude,value,secondary_value,unit,state,district
3SIMG_12SEP2026_1400_L2B_CTP_V01R00,3SIMG_L2B_CTP,weather,2026-09-12 14:00:00+00:00,36.89,74.52,474.94,259.42,hPa,,
3SIMG_12SEP2026_1400_L2B_CTP_V01R00,3SIMG_L2B_CTP,weather,2026-09-12 14:00:00+00:00,36.88,74.93,524.95,265.3,hPa,,
3SIMG_12SEP2026_1400_L2B_CTP_V01R00,3SIMG_L2B_CTP,weather,2026-09-12 14:00:00+00:00,36.88,75.36,474.97,260.79,hPa,,
3SIMG_12SEP2026_1400_L2B_CTP_V01R00,3SIMG_L2B_CTP,weather,2026-09-12 14:00:00+00:00,36.45,73.29,624.97,277.42,hPa,,
3SIMG_12SEP2026_1400_L2B_CTP_V01R00,3SIMG_L2B_CTP,weather,2026-09-12 14:00:00+00:00,36.45,73.72,599.97,275.23,hPa,,
3SIMG_12SEP2026_1400_L2B_CTP_V01R00,3SIMG_L2B_CTP,weather,2026-09-12 14:00:00+00:00,36.44,74.15,574.96,272.58,hPa,,
3SIMG_12SEP2026_1400_L2B_CTP_V01R00,3SIMG_L2B_CTP,weather,2026-09-12 14:00:00+00:00,36.43,74.57,574.97,271.98,hPa,,
3SIMG_12SEP2026_1400_L2B_CTP_V01R00,3SIMG_L2B_CTP,weather,2026-09-12 14:00:00+00:00,36.43,74.99,524.95,265.66,hPa,,
3SIMG_12SEP2026_1400_L2B_CTP_V01R00,3SIMG_L2B_CTP,weather,2026-09-12 14:00:00+00:00,36.42,75.41,549.93,266.93,hPa,,
3SIMG_12SEP2026_1400_L2B_CTP_V01R00,3SIMG_L2B_CTP,weather,2026-09-12 14:00:00+00:00,36.41,75.83,574.93,268.79,hPa,,
3SIMG_12SEP2026_1400_L2B_CTP_V01R00,3SIMG_L2B_CTP,weather,2026-09-12 14:00:00+00:00,36.01,72.93,549.97,270.1,hPa,,
3SIMG_12SEP2026_1400_L2B_CTP_V01R00,3SIMG_L2B_CTP,weather,2026-09-12 14:00:00+00:00,36.0,73.36,574.95,270.96,hPa,,
3SIMG_12SEP2026_1400_L2B_CTP_V01R00,3SIMG_L2B_CTP,weather,2026-09-12 14:00:00+00:00,35.98,73.78,599.96,274.16,hPa,,
3SIMG_12SEP2026_1400_L2B_CTP_V01R00,3SIMG_L2B_CTP,weather,2026-09-12 14:00:00+00:00,35.98,74.2,649.95,279.0,hPa,,
3SIMG_12SEP2026_1400_L2B_CTP_V01R00,3SIMG_L2B_CTP,weather,2026-09-12 14:00:00+00:00,35.98,74.61,474.97,261.65,hPa,,
3SIMG_12SEP2026_1400_L2B_CTP_V01R00,3SIMG_L2B_CTP,weather,2026-09-12 14:00:00+00:00,35.96,75.04,549.93,267.2,hPa,,
3SIMG_12SEP2026_1400_L2B_CTP_V01R00,3SIMG_L2B_CTP,weather,2026-09-12 14:00:00+00:00,35.96,75.46,499.95,263.91,hPa,,
3SIMG_12SEP2026_1400_L2B_CTP_V01R00,3SIMG_L2B_CTP,weather,2026-09-12 14:00:00+00:00,35.96,75.86,449.93,256.63,hPa,,
3SIMG_12SEP2026_1400_L2B_CTP_V01R00,3SIMG_L2B_CTP,weather,2026-09-12 14:00:00+00:00,35.95,76.29,449.92,256.42,hPa,,
3SIMG_12SEP2026_1400_L2B_CTP_V01R00,3SIMG_L2B_CTP,weather,2026-09-12 14:00:00+00:00,35.95,76.71,449.94,257.23,hPa,,
3SIMG_12SEP2026_1400_L2B_CTP_V01R00,3SIMG_L2B_CTP,weather,2026-09-12 14:00:00+00:00,35.54,73.83,624.96,276.29,hPa,,
3SIMG_12SEP2026_1400_L2B_CTP_V01R00,3SIMG_L2B_CTP,weather,2026-09-12 14:00:00+00:00,35.53,74.25,599.96,274.0,hPa,,
3SIMG_12SEP2026_1400_L2B_CTP_V01R00,3SIMG_L2B_CTP,weather,2026-09-12 14:00:00+00:00,35.52,74.67,499.94,262.88,hPa,,
3SIMG_12SEP2026_1400_L2B_CTP_V01R00,3SIMG_L2B_CTP,weather,2026-09-12 14:00:00+00:00,35.52,75.08,574.94,271.3,hPa,,
3SIMG_12SEP2026_1400_L2B_CTP_V01R00,3SIMG_L2B_CTP,weather,2026-09-12 14:00:00+00:00,35.51,75.5,499.96,265.11,hPa,,
3SIMG_12SEP2026_1400_L2B_CTP_V01R00,3SIMG_L2B_CTP,weather,2026-09-12 14:00:00+00:00,35.51,75.91,474.93,260.4,hPa,,
3SIMG_12SEP2026_1400_L2B_CTP_V01R00,3SIMG_L2B_CTP,weather,2026-09-12 14:00:00+00:00,35.5,76.33,499.93,264.38,hPa,,
3SIMG_12SEP2026_1400_L2B_CTP_V01R00,3SIMG_L2B_CTP,weather,2026-09-12 14:00:00+00:00,35.48,77.16,499.95,265.93,hPa,,
3SIMG_12SEP2026_1400_L2B_CTP_V01R00,3SIMG_L2B_CTP,weather,2026-09-12 14:00:00+00:00,35.46,80.04,424.92,256.63,hPa,,
3SIMG_12SEP2026_1400_L2B_CTP_V01R00,3SIMG_L2B_CTP,weather,2026-09-12 14:00:00+00:00,35.08,74.29,624.98,277.98,hPa,,
3SIMG_12SEP2026_1400_L2B_CTP_V01R00,3SIMG_L2B_CTP,weather,2026-09-12 14:00:00+00:00,35.08,74.71,549.96,269.23,hPa,,
3SIMG_12SEP2026_1400_L2B_CTP_V01R00,3SIMG_L2B_CTP,weather,2026-09-12 14:00:00+00:00,35.07,75.13,524.95,266.57,hPa,,
3SIMG_12SEP2026_1400_L2B_CTP_V01R00,3SIMG_L2B_CTP,weather,2026-09-12 14:00:00+00:00,35.07,75.54,549.96,270.62,hPa,,
3SIMG_12SEP2026_1400_L2B_CTP_V01R00,3SIMG_L2B_CTP,weather,2026-09-12 14:00:00+00:00,35.05,75.95,549.97,272.49,hPa,,
3SIMG_12SEP2026_1400_L2B_CTP_V01R00,3SIMG_L2B_CTP,weather,2026-09-12 14:00:00+00:00,35.05,76.36,549.93,271.47,hPa,,
3SIMG_12SEP2026_1400_L2B_CTP_V01R00,3SIMG_L2B_CTP,weather,2026-09-12 14:00:00+00:00,35.05,76.77,499.94,265.84,hPa,,
3SIMG_12SEP2026_1400_L2B_CTP_V01R00,3SIMG_L2B_CTP,weather,2026-09-12 14:00:00+00:00,34.63,74.76,549.95,269.23,hPa,,
3SIMG_12SEP2026_1400_L2B_CTP_V01R00,3SIMG_L2B_CTP,weather,2026-09-12 14:00:00+00:00,34.63,75.17,524.95,266.93,hPa,,
3SIMG_12SEP2026_1400_L2B_CTP_V01R00,3SIMG_L2B_CTP,weather,2026-09-12 14:00:00+00:00,34.62,75.58,524.97,268.88,hPa,,
3SIMG_12SEP2026_1400_L2B_CTP_V01R00,3SIMG_L2B_CTP,weather,2026-09-12 14:00:00+00:00,34.62,75.99,524.94,268.7,hPa,,
3SIMG_12SEP2026_1400_L2B_CTP_V01R00,3SIMG_L2B_CTP,weather,2026-09-12 14:00:00+00:00,34.61,76.4,549.95,273.0,hPa,,
3SIMG_12SEP2026_1400_L2B_CTP_V01R00,3SIMG_L2B_CTP,weather,2026-09-12 14:00:00+00:00,34.58,79.66,449.93,261.75,hPa,,
3SIMG_12SEP2026_1400_L2B_CTP_V01R00,3SIMG_L2B_CTP,weather,2026-09-12 14:00:00+00:00,34.18,76.03,599.96,274.82,hPa,,
3SIMG_12SEP2026_1400_L2B_CTP_V01R00,3SIMG_L2B_CTP,weather,2026-09-12 14:00:00+00:00,34.14,78.86,474.97,267.82,hPa,,
3SIMG_12SEP2026_1400_L2B_CTP_V01R00,3SIMG_L2B_CTP,weather,2026-09-12 14:00:00+00:00,33.28,79.29,474.95,267.46,hPa,,
3SIMG_12SEP2026_1400_L2B_CTP_V01R00,3SIMG_L2B_CTP,weather,2026-09-12 14:00:00+00:00,32.01,78.56,575.0,276.06,hPa,,
3SIMG_12SEP2026_1400_L2B_CTP_V01R00,3SIMG_L2B_CTP,weather,2026-09-12 14:00:00+00:00,31.59,77.79,499.96,268.44,hPa,,
3SIMG_12SEP2026_1400_L2B_CTP_V01R00,3SIMG_L2B_CTP,weather,2026-09-12 14:00:00+00:00,31.59,78.18,524.93,269.4,hPa,,
3SIMG_12SEP2026_1400_L2B_CTP_V01R00,3SIMG_L2B_CTP,weather,2026-09-12 14:00:00+00:00,31.59,78.57,574.98,275.64,hPa,,
3SIMG_12SEP2026_1400_L2B_CTP_V01R00,3SIMG_L2B_CTP,weather,2026-09-12 14:00:00+00:00,31.18,77.03,574.96,274.49,hPa,,
3SIMG_12SEP2026_1400_L2B_CTP_V01R00,3SIMG_L2B_CTP,weather,2026-09-12 14:00:00+00:00,31.18,77.42,549.95,271.98,hPa,,
3SIMG_12SEP2026_1400_L2B_CTP_V01R00,3SIMG_L2B_CTP,weather,2026-09-12 14:00:00+00:00,31.17,77.81,499.94,267.28,hPa,,
3SIMG_12SEP2026_1400_L2B_CTP_V01R00,3SIMG_L2B_CTP,weather,2026-09-12 14:00:00+00:00,31.17,78.2,499.95,267.64,hPa,,
3SIMG_12SEP2026_1400_L2B_CTP_V01R00,3SIMG_L2B_CTP,weather,2026-09-12 14:00:00+00:00,30.77,77.06,599.96,276.69,hPa,,
3SIMG_12SEP2026_1400_L2B_CTP_V01R00,3SIMG_L2B_CTP,weather,2026-09-12 14:00:00+00:00,30.76,77.43,549.93,271.39,hPa,,
3SIMG_12SEP2026_1400_L2B_CTP_V01R00,3SIMG_L2B_CTP,weather,2026-09-12 14:00:00+00:00,30.76,77.83,524.96,270.36,hPa,,
3SIMG_12SEP2026_1400_L2B_CTP_V01R00,3SIMG_L2B_CTP,weather,2026-09-12 14:00:00+00:00,30.76,78.22,524.94,269.75,hPa,,
3SIMG_12SEP2026_1400_L2B_CTP_V01R00,3SIMG_L2B_CTP,weather,2026-09-12 14:00:00+00:00,30.75,79.38,449.96,264.09,hPa,,
3SIMG_12SEP2026_1400_L2B_CTP_V01R00,3SIMG_L2B_CTP,weather,2026-09-12 14:00:00+00:00,30.75,79.77,424.96,261.65,hPa,,
3SIMG_12SEP2026_1400_L2B_CTP_V01R00,3SIMG_L2B_CTP,weather,2026-09-12 14:00:00+00:00,30.75,80.15,424.93,260.01,hPa,,
3SIMG_12SEP2026_1400_L2B_CTP_V01R00,3SIMG_L2B_CTP,weather,2026-09-12 14:00:00+00:00,30.36,76.68,674.94,281.26,hPa,,
3SIMG_12SEP2026_1400_L2B_CTP_V01R00,3SIMG_L2B_CTP,weather,2026-09-12 14:00:00+00:00,30.35,77.08,649.97,280.87,hPa,,
3SIMG_12SEP2026_1400_L2B_CTP_V01R00,3SIMG_L2B_CTP,weather,2026-09-12 14:00:00+00:00,30.35,77.47,574.95,274.21,hPa,,
3SIMG_12SEP2026_1400_L2B_CTP_V01R00,3SIMG_L2B_CTP,weather,2026-09-12 14:00:00+00:00,30.35,77.85,649.96,280.41,hPa,,
3SIMG_12SEP2026_1400_L2B_CTP_V01R00,3SIMG_L2B_CTP,weather,2026-09-12 14:00:00+00:00,30.34,79.0,474.93,264.54,hPa,,
3SIMG_12SEP2026_1400_L2B_CTP_V01R00,3SIMG_L2B_CTP,weather,2026-09-12 14:00:00+00:00,30.34,79.39,474.93,264.75,hPa,,
3SIMG_12SEP2026_1400_L2B_CTP_V01R00,3SIMG_L2B_CTP,weather,2026-09-12 14:00:00+00:00,30.34,79.78,424.97,262.13,hPa,,
3SIMG_12SEP2026_1400_L2B_CTP_V01R00,3SIMG_L2B_CTP,weather,2026-09-12 14:00:00+00:00,30.33,80.16,374.95,255.4,hPa,,
3SIMG_12SEP2026_1400_L2B_CTP_V01R00,3SIMG_L2B_CTP,weather,2026-09-12 14:00:00+00:00,30.33,80.54,424.95,261.08,hPa,,
3SIMG_12SEP2026_1400_L2B_CTP_V01R00,3SIMG_L2B_CTP,weather,2026-09-12 14:00:00+00:00,29.95,76.33,624.96,278.37,hPa,,
3SIMG_12SEP2026_1400_L2B_CTP_V01R00,3SIMG_L2B_CTP,weather,2026-09-12 14:00:00+00:00,29.95,76.72,624.95,277.42,hPa,,
3SIMG_12SEP2026_1400_L2B_CTP_V01R00,3SIMG_L2B_CTP,weather,2026-09-12 14:00:00+00:00,29.94,77.1,674.95,281.34,hPa,,
3SIMG_12SEP2026_1400_L2B_CTP_V01R00,3SIMG_L2B_CTP,weather,2026-09-12 14:00:00+00:00,29.94,77.49,624.97,278.61,hPa,,
3SIMG_12SEP2026_1400_L2B_CTP_V01R00,3SIMG_L2B_CTP,weather,2026-09-12 14:00:00+00:00,29.94,77.86,649.98,280.63,hPa,,
3SIMG_12SEP2026_1400_L2B_CTP_V01R00,3SIMG_L2B_CTP,weather,2026-09-12 14:00:00+00:00,29.93,78.64,574.95,273.66,hPa,,
3SIMG_12SEP2026_1400_L2B_CTP_V01R00,3SIMG_L2B_CTP,weather,2026-09-12 14:00:00+00:00,29.93,79.02,524.95,270.27,hPa,,
3SIMG_12SEP2026_1400_L2B_CTP_V01R00,3SIMG_L2B_CTP,weather,2026-09-12 14:00:00+00:00,29.93,79.41,424.94,260.4,hPa,,
3SIMG_12SEP2026_1400_L2B_CTP_V01R00,3SIMG_L2B_CTP,weather,2026-09-12 14:00:00+00:00,29.93,79.79,399.93,257.44,hPa,,
3SIMG_12SEP2026_1400_L2B_CTP_V01R00,3SIMG_L2B_CTP,weather,2026-09-12 14:00:00+00:00,29.93,80.17,374.93,254.57,hPa,,
3SIMG_12SEP2026_1400_L2B_CTP_V01R00,3SIMG_L2B_CTP,weather,2026-09-12 14:00:00+00:00,29.92,80.56,424.94,260.4,hPa,,
3SIMG_12SEP2026_1400_L2B_CTP_V01R00,3SIMG_L2B_CTP,weather,2026-09-12 14:00:00+00:00,29.55,75.97,624.94,277.57,hPa,,
3SIMG_12SEP2026_1400_L2B_CTP_V01R00,3SIMG_L2B_CTP,weather,2026-09-12 14:00:00+00:00,29.55,76.36,625.0,280.14,hPa,,
3SIMG_12SEP2026_1400_L2B_CTP_V01R00,3SIMG_L2B_CTP,weather,2026-09-12 14:00:00+00:00,29.54,76.74,449.97,264.38,hPa,,
3SIMG_12SEP2026_1400_L2B_CTP_V01R00,3SIMG_L2B_CTP,weather,2026-09-12 14:00:00+00:00,29.54,77.13,524.96,270.79,hPa,,
3SIMG_12SEP2026_1400_L2B_CTP_V01R00,3SIMG_L2B_CTP,weather,2026-09-12 14:00:00+00:00,29.54,77.5,474.97,267.2,hPa,,
3SIMG_12SEP2026_1400_L2B_CTP_V01R00,3SIMG_L2B_CTP,weather,2026-09-12 14:00:00+00:00,29.53,77.89,624.96,277.97,hPa,,
3SIMG_12SEP2026_1400_L2B_CTP_V01R00,3SIMG_L2B_CTP,weather,2026-09-12 14:00:00+00:00,29.53,78.27,474.93,265.66,hPa,,
3SIMG_12SEP2026_1400_L2B_CTP_V01R00,3SIMG_L2B_CTP,weather,2026-09-12 14:00:00+00:00,29.53,78.66,674.95,281.31,hPa,,
3SIMG_12SEP2026_1400_L2B_CTP_V01R00,3SIMG_L2B_CTP,weather,2026-09-12 14:00:00+00:00,29.52,79.04,499.96,268.53,hPa,,
3SIMG_12SEP2026_1400_L2B_CTP_V01R00,3SIMG_L2B_CTP,weather,2026-09-12 14:00:00+00:00,29.52,79.42,324.94,247.8,hPa,,
3SIMG_12SEP2026_1400_L2B_CTP_V01R00,3SIMG_L2B_CTP,weather,2026-09-12 14:00:00+00:00,29.52,79.79,274.91,237.46,hPa,,
3SIMG_12SEP2026_1400_L2B_CTP_V01R00,3SIMG_L2B_CTP,weather,2026-09-12 14:00:00+00:00,29.52,80.18,249.94,233.34,hPa,,
3SIMG_12SEP2026_1400_L2B_CTP_V01R00,3SIMG_L2B_CTP,weather,2026-09-12 14:00:00+00:00,29.15,75.24,624.98,279.32,hPa,,
3SIMG_12SEP2026_1400_L2B_CTP_V01R00,3SIMG_L2B_CTP,weather,2026-09-12 14:00:00+00:00,29.15,75.61,524.97,270.79,hPa,,
3SIMG_12SEP2026_1400_L2B_CTP_V01R00,3SIMG_L2B_CTP,weather,2026-09-12 14:00:00+00:00,29.15,76.0,499.96,268.53,hPa,,
3SIMG_12SEP2026_1400_L2B_CTP_V01R00,3SIMG_L2B_CTP,weather,2026-09-12 14:00:00+00:00,29.14,76.39,524.97,271.47,hPa,,
3SIMG_12SEP2026_1400_L2B_CTP_V01R00,3SIMG_L2B_CTP,weather,2026-09-12 14:00:00+00:00,29.14,76.77,399.97,259.23,hPa,,
3SIMG_12SEP2026_1400_L2B_CTP_V01R00,3SIMG_L2B_CTP,weather,2026-09-12 14:00:00+00:00,29.13,77.15,349.91,250.71,hPa,,
3SIMG_12SEP2026_1400_L2B_CTP_V01R00,3SIMG_L2B_CTP,weather,2026-09-12 14:00:00+00:00,29.13,77.53,374.9,253.2,hPa,,
3SIMG_12SEP2026_1400_L2B_CTP_V01R00,3SIMG_L2B_CTP,weather,2026-09-12 14:00:00+00:00,29.13,77.91,674.95,281.49,hPa,,
3SIMG_12SEP2026_1400_L2B_CTP_V01R00,3SIMG_L2B_CTP,weather,2026-09-12 14:00:00+00:00,29.12,79.04,624.97,279.0,hPa,,
3SIMG_12SEP2026_1400_L2B_CTP_V01R00,3SIMG_L2B_CTP,weather,2026-09-12 14:00:00+00:00,29.12,79.43,324.92,246.99,hPa,,
3SIMG_12SEP2026_1400_L2B_CTP_V01R00,3SIMG_L2B_CTP,weather,2026-09-12 14:00:00+00:00,29.12,79.81,199.91,219.3,hPa,,
3SIMG_12SEP2026_1400_L2B_CTP_V01R00,3SIMG_L2B_CTP,weather,2026-09-12 14:00:00+00:00,28.77,74.11,624.97,278.92,hPa,,
3SIMG_12SEP2026_1400_L2B_CTP_V01R00,3SIMG_L2B_CTP,weather,2026-09-12 14:00:00+00:00,28.76,74.5,574.94,273.25,hPa,,
3SIMG_12SEP2026_1400_L2B_CTP_V01R00,3SIMG_L2B_CTP,weather,2026-09-12 14:00:00+00:00,28.76,74.89,574.96,274.25,hPa,,
3SIMG_12SEP2026_1400_L2B_CTP_V01R00,3SIMG_L2B_CTP,weather,2026-09-12 14:00:00+00:00,28.75,75.27,649.97,281.11,hPa,,
3SIMG_12SEP2026_1400_L2B_CTP_V01R00,3SIMG_L2B_CTP,weather,2026-09-12 14:00:00+00:00,28.75,75.65,524.96,270.27,hPa,,
3SIMG_12SEP2026_1400_L2B_CTP_V01R00,3SIMG_L2B_CTP,weather,2026-09-12 14:00:00+00:00,28.74,76.03,449.92,262.32,hPa,,
3SIMG_12SEP2026_1400_L2B_CTP_V01R00,3SIMG_L2B_CTP,weather,2026-09-12 14:00:00+00:00,28.74,76.41,324.88,245.71,hPa,,
3SIMG_12SEP2026_1400_L2B_CTP_V01R00,3SIMG_L2B_CTP,weather,2026-09-12 14:00:00+00:00,28.74,76.79,224.9,225.14,hPa,,
3SIMG_12SEP2026_1400_L2B_CTP_V01R00,3SIMG_L2B_CTP,weather,2026-09-12 14:00:00+00:00,28.73,77.17,349.89,249.61,hPa,,
3SIMG_12SEP2026_1400_L2B_CTP_V01R00,3SIMG_L2B_CTP,weather,2026-09-12 14:00:00+00:00,28.73,77.54,624.96,278.69,hPa,,
3SIMG_12SEP2026_1400_L2B_CTP_V01R00,3SIMG_L2B_CTP,weather,2026-09-12 14:00:00+00:00,28.73,77.93,699.96,283.39,hPa,,
3SIMG_12SEP2026_1400_L2B_CTP_V01R00,3SIMG_L2B_CTP,weather,2026-09-12 14:00:00+00:00,28.72,79.82,524.94,269.93,hPa,,
3SIMG_12SEP2026_1400_L2B_CTP_V01R00,3SIMG_L2B_CTP,weather,2026-09-12 14:00:00+00:00,28.71,80.2,274.86,233.9,hPa,,
3SIMG_12SEP2026_1400_L2B_CTP_V01R00,3SIMG_L2B_CTP,weather,2026-09-12 14:00:00+00:00,28.84,94.31,274.86,233.06,hPa,,
3SIMG_12SEP2026_1400_L2B_CTP_V01R00,3SIMG_L2B_CTP,weather,2026-09-12 14:00:00+00:00,28.85,94.71,374.89,252.45,hPa,,
3SIMG_12SEP2026_1400_L2B_CTP_V01R00,3SIMG_L2B_CTP,weather,2026-09-12 14:00:00+00:00,28.86,95.1,524.95,270.36,hPa,,
3SIMG_12SEP2026_1400_L2B_CTP_V01R00,3SIMG_L2B_CTP,weather,2026-09-12 14:00:00+00:00,28.38,73.01,649.95,279.94,hPa,,
3SIMG_12SEP2026_1400_L2B_CTP_V01R00,3SIMG_L2B_CTP,weather,2026-09-12 14:00:00+00:00,28.38,73.39,649.97,280.95,hPa,,
3SIMG_12SEP2026_1400_L2B_CTP_V01R00,3SIMG_L2B_CTP,weather,2026-09-12 14:00:00+00:00,28.37,73.77,524.95,269.4,hPa,,
3SIMG_12SEP2026_1400_L2B_CTP_V01R00,3SIMG_L2B_CTP,weather,2026-09-12 14:00:00+00:00,28.37,74.15,499.96,268.17,hPa,,
3SIMG_12SEP2026_1400_L2B_CTP_V01R00,3SIMG_L2B_CTP,weather,2026-09-12 14:00:00+00:00,28.36,74.54,524.96,269.93,hPa,,
3SIMG_12SEP2026_1400_L2B_CTP_V01R00,3SIMG_L2B_CTP,weather,2026-09-12 14:00:00+00:00,28.36,74.92,524.96,270.45,hPa,,
3SIMG_12SEP2026_1400_L2B_CTP_V01R00,3SIMG_L2B_CTP,weather,2026-09-12 14:00:00+00:00,28.35,75.29,575.0,276.02,hPa,,
3SIMG_12SEP2026_1400_L2B_CTP_V01R00,3SIMG_L2B_CTP,weather,2026-09-12 14:00:00+00:00,28.35,75.68,449.92,262.13,hPa,,
3SIMG_12SEP2026_1400_L2B_CTP_V01R00,3SIMG_L2B_CTP,weather,2026-09-12 14:00:00+00:00,28.34,76.06,424.96,261.36,hPa,,
3SIMG_12SEP2026_1400_L2B_CTP_V01R00,3SIMG_L2B_CTP,weather,2026-09-12 14:00:00+00:00,28.34,76.43,374.96,256.32,hPa,,
3SIMG_12SEP2026_1400_L2B_CTP_V01R00,3SIMG_L2B_CTP,weather,2026-09-12 14:00:00+00:00,28.34,76.81,399.95,259.23,hPa,,
3SIMG_12SEP2026_1400_L2B_CTP_V01R00,3SIMG_L2B_CTP,weather,2026-09-12 14:00:00+00:00,28.33,77.18,574.97,275.15,hPa,,
3SIMG_12SEP2026_1400_L2B_CTP_V01R00,3SIMG_L2B_CTP,weather,2026-09-12 14:00:00+00:00,28.33,77.57,599.98,277.34,hPa,,
3SIMG_12SEP2026_1400_L2B_CTP_V01R00,3SIMG_L2B_CTP,weather,2026-09-12 14:00:00+00:00,28.33,77.95,649.97,280.72,hPa,,
3SIMG_12SEP2026_1400_L2B_CTP_V01R00,3SIMG_L2B_CTP,weather,2026-09-12 14:00:00+00:00,28.32,80.21,399.94,259.03,hPa,,
3SIMG_12SEP2026_1400_L2B_CTP_V01R00,3SIMG_L2B_CTP,weather,2026-09-12 14:00:00+00:00,28.31,80.58,199.93,220.38,hPa,,
3SIMG_12SEP2026_1400_L2B_CTP_V01R00,3SIMG_L2B_CTP,weather,2026-09-12 14:00:00+00:00,28.31,80.96,374.91,254.36,hPa,,
3SIMG_12SEP2026_1400_L2B_CTP_V01R00,3SIMG_L2B_CTP,weather,2026-09-12 14:00:00+00:00,28.43,93.48,224.87,222.13,hPa,,
3SIMG_12SEP2026_1400_L2B_CTP_V01R00,3SIMG_L2B_CTP,weather,2026-09-12 14:00:00+00:00,28.43,93.87,274.87,233.62,hPa,,
3SIMG_12SEP2026_1400_L2B_CTP_V01R00,3SIMG_L2B_CTP,weather,2026-09-12 14:00:00+00:00,28.44,94.26,349.93,250.82,hPa,,
3SIMG_12SEP2026_1400_L2B_CTP_V01R00,3SIMG_L2B_CTP,weather,2026-09-12 14:00:00+00:00,28.45,94.65,499.95,268.62,hPa,,
3SIMG_12SEP2026_1400_L2B_CTP_V01R00,3SIMG_L2B_CTP,weather,2026-09-12 14:00:00+00:00,28.46,95.04,524.94,269.93,hPa,,
3SIMG_12SEP2026_1400_L2B_CTP_V01R00,3SIMG_L2B_CTP,weather,2026-09-12 14:00:00+00:00,27.98,73.04,674.95,281.95,hPa,,
3SIMG_12SEP2026_1400_L2B_CTP_V01R00,3SIMG_L2B_CTP,weather,2026-09-12 14:00:00+00:00,27.98,73.43,524.94,269.58,hPa,,
3SIMG_12SEP2026_1400_L2B_CTP_V01R00,3SIMG_L2B_CTP,weather,2026-09-12 14:00:00+00:00,27.97,73.81,474.96,266.75,hPa,,
3SIMG_12SEP2026_1400_L2B_CTP_V01R00,3SIMG_L2B_CTP,weather,2026-09-12 14:00:00+00:00,27.97,74.18,500.0,269.19,hPa,,
3SIMG_12SEP2026_1400_L2B_CTP_V01R00,3SIMG_L2B_CTP,weather,2026-09-12 14:00:00+00:00,27.96,74.57,524.96,270.45,hPa,,
3SIMG_12SEP2026_1400_L2B_CTP_V01R00,3SIMG_L2B_CTP,weather,2026-09-12 14:00:00+00:00,27.96,74.95,649.96,280.72,hPa,,
3SIMG_12SEP2026_1400_L2B_CTP_V01R00,3SIMG_L2B_CTP,weather,2026-09-12 14:00:00+00:00,27.95,75.33,524.97,271.13,hPa,,
3SIMG_12SEP2026_1400_L2B_CTP_V01R00,3SIMG_L2B_CTP,weather,2026-09-12 14:00:00+00:00,27.95,75.7,624.96,278.45,hPa,,
3SIMG_12SEP2026_1400_L2B_CTP_V01R00,3SIMG_L2B_CTP,weather,2026-09-12 14:00:00+00:00,27.94,76.46,699.95,283.77,hPa,,
3SIMG_12SEP2026_1400_L2B_CTP_V01R00,3SIMG_L2B_CTP,weather,2026-09-12 14:00:00+00:00,27.94,77.21,699.95,283.47,hPa,,
3SIMG_12SEP2026_1400_L2B_CTP_V01R00,3SIMG_L2B_CTP,weather,2026-09-12 14:00:00+00:00,27.92,80.59,574.96,274.49,hPa,,
3SIMG_12SEP2026_1400_L2B_CTP_V01R00,3SIMG_L2B_CTP,weather,2026-09-12 14:00:00+00:00,27.92,80.96,424.92,261.36,hPa,,
3SIMG_12SEP2026_1400_L2B_CTP_V01R00,3SIMG_L2B_CTP,weather,2026-09-12 14:00:00+00:00,27.92,81.34,349.95,252.88,hPa,,
3SIMG_12SEP2026_1400_L2B_CTP_V01R00,3SIMG_L2B_CTP,weather,2026-09-12 14:00:00+00:00,27.92,81.71,274.92,237.46,hPa,,
3SIMG_12SEP2026_1400_L2B_CTP_V01R00,3SIMG_L2B_CTP,weather,2026-09-12 14:00:00+00:00,27.96,88.84,399.93,257.74,hPa,,
3SIMG_12SEP2026_1400_L2B_CTP_V01R00,3SIMG_L2B_CTP,weather,2026-09-12 14:00:00+00:00,28.02,93.04,474.92,265.66,hPa,,
3SIMG_12SEP2026_1400_L2B_CTP_V01R00,3SIMG_L2B_CTP,weather,2026-09-12 14:00:00+00:00,28.03,93.43,424.96,261.75,hPa,,
3SIMG_12SEP2026_1400_L2B_CTP_V01R00,3SIMG_L2B_CTP,weather,2026-09-12 14:00:00+00:00,28.04,93.82,374.93,254.04,hPa,,
3SIMG_12SEP2026_1400_L2B_CTP_V01R00,3SIMG_L2B_CTP,weather,2026-09-12 14:00:00+00:00,28.04,94.21,549.96,272.66,hPa,,
3SIMG_12SEP2026_1400_L2B_CTP_V01R00,3SIMG_L2B_CTP,weather,2026-09-12 14:00:00+00:00,28.05,94.6,474.97,267.07,hPa,,
3SIMG_12SEP2026_1400_L2B_CTP_V01R00,3SIMG_L2B_CTP,weather,2026-09-12 14:00:00+00:00,28.06,94.99,524.97,271.04,hPa,,
3SIMG_12SEP2026_1400_L2B_CTP_V01R00,3SIMG_L2B_CTP,weather,2026-09-12 14:00:00+00:00,28.08,95.77,674.95,280.72,hPa,,
3SIMG_12SEP2026_1400_L2B_CTP_V01R00,3SIMG_L2B_CTP,weather,2026-09-12 14:00:00+00:00,28.1,96.56,574.97,274.66,hPa,,
3SIMG_12SEP2026_1400_L2B_CTP_V01R00,3SIMG_L2B_CTP,weather,2026-09-12 14:00:00+00:00,27.6,72.32,749.96,286.85,hPa,,
3SIMG_12SEP2026_1400_L2B_CTP_V01R00,3SIMG_L2B_CTP,weather,2026-09-12 14:00:00+00:00,27.59,72.7,724.98,286.21,hPa,,
3SIMG_12SEP2026_1400_L2B_CTP_V01R00,3SIMG_L2B_CTP,weather,2026-09-12 14:00:00+00:00,27.59,73.08,624.95,277.5,hPa,,
3SIMG_12SEP2026_1400_L2B_CTP_V01R00,3SIMG_L2B_CTP,weather,2026-09-12 14:00:00+00:00,27.58,73.46,574.94,273.25,hPa,,
3SIMG_12SEP2026_1400_L2B_CTP_V01R00,3SIMG_L2B_CTP,weather,2026-09-12 14:00:00+00:00,27.58,73.84,449.93,263.26,hPa,,
3SIMG_12SEP2026_1400_L2B_CTP_V01R00,3SIMG_L2B_CTP,weather,2026-09-12 14:00:00+00:00,27.57,74.22,399.96,259.42,hPa,,
3SIMG_12SEP2026_1400_L2B_CTP_V01R00,3SIMG_L2B_CTP,weather,2026-09-12 14:00:00+00:00,27.57,74.6,349.93,252.02,hPa,,
3SIMG_12SEP2026_1400_L2B_CTP_V01R00,3SIMG_L2B_CTP,weather,2026-09-12 14:00:00+00:00,27.56,74.97,624.96,278.13,hPa,,
3SIMG_12SEP2026_1400_L2B_CTP_V01R00,3SIMG_L2B_CTP,weather,2026-09-12 14:00:00+00:00,27.56,75.35,699.96,284.21,hPa,,
3SIMG_12SEP2026_1400_L2B_CTP_V01R00,3SIMG_L2B_CTP,weather,2026-09-12 14:00:00+00:00,27.52,80.59,649.96,279.87,hPa,,
3SIMG_12SEP2026_1400_L2B_CTP_V01R00,3SIMG_L2B_CTP,weather,2026-09-12 14:00:00+00:00,27.52,80.97,574.95,274.49,hPa,,
3SIMG_12SEP2026_1400_L2B_CTP_V01R00,3SIMG_L2B_CTP,weather,2026-09-12 14:00:00+00:00,27.52,81.34,424.95,262.51,hPa,,
3SIMG_12SEP2026_1400_L2B_CTP_V01R00,3SIMG_L2B_CTP,weather,2026-09-12 14:00:00+00:00,27.52,81.71,474.96,267.64,hPa,,
3SIMG_12SEP2026_1400_L2B_CTP_V01R00,3SIMG_L2B_CTP,weather,2026-09-12 14:00:00+00:00,27.52,82.08,624.97,278.37,hPa,,
3SIMG_12SEP2026_1400_L2B_CTP_V01R00,3SIMG_L2B_CTP,weather,2026-09-12 14:00:00+00:00,27.52,82.46,649.96,279.47,hPa,,
3SIMG_12SEP2026_1400_L2B_CTP_V01R00,3SIMG_L2B_CTP,weather,2026-09-12 14:00:00+00:00,27.56,88.44,474.97,267.46,hPa,,
3SIMG_12SEP2026_1400_L2B_CTP_V01R00,3SIMG_L2B_CTP,weather,2026-09-12 14:00:00+00:00,27.6,91.85,449.95,264.38,hPa,,
3SIMG_12SEP2026_1400_L2B_CTP_V01R00,3SIMG_L2B_CTP,weather,2026-09-12 14:00:00+00:00,27.61,92.23,399.95,258.63,hPa,,
3SIMG_12SEP2026_1400_L2B_CTP_V01R00,3SIMG_L2B_CTP,weather,2026-09-12 14:00:00+00:00,27.62,92.61,499.94,268.17,hPa,,
3SIMG_12SEP2026_1400_L2B_CTP_V01R00,3SIMG_L2B_CTP,weather,2026-09-12 14:00:00+00:00,27.62,93.0,574.95,274.16,hPa,,
3SIMG_12SEP2026_1400_L2B_CTP_V01R00,3SIMG_L2B_CTP,weather,2026-09-12 14:00:00+00:00,27.63,93.38,575.0,275.84,hPa,,
3SIMG_12SEP2026_1400_L2B_CTP_V01R00,3SIMG_L2B_CTP,weather,2026-09-12 14:00:00+00:00,27.64,93.77,599.94,275.48,hPa,,
3SIMG_12SEP2026_1400_L2B_CTP_V01R00,3SIMG_L2B_CTP,weather,2026-09-12 14:00:00+00:00,27.65,94.15,574.98,275.07,hPa,,
3SIMG_12SEP2026_1400_L2B_CTP_V01R00,3SIMG_L2B_CTP,weather,2026-09-12 14:00:00+00:00,27.65,94.54,624.96,277.74,hPa,,
3SIMG_12SEP2026_1400_L2B_CTP_V01R00,3SIMG_L2B_CTP,weather,2026-09-12 14:00:00+00:00,27.66,94.93,599.95,275.72,hPa,,
3SIMG_12SEP2026_1400_L2B_CTP_V01R00,3SIMG_L2B_CTP,weather,2026-09-12 14:00:00+00:00,27.68,95.71,649.98,280.26,hPa,,
3SIMG_12SEP2026_1400_L2B_CTP_V01R00,3SIMG_L2B_CTP,weather,2026-09-12 14:00:00+00:00,27.69,96.1,599.98,277.1,hPa,,
3SIMG_12SEP2026_1400_L2B_CTP_V01R00,3SIMG_L2B_CTP,weather,2026-09-12 14:00:00+00:00,27.7,96.49,549.93,271.3,hPa,,
3SIMG_12SEP2026_1400_L2B_CTP_V01R00,3SIMG_L2B_CTP,weather,2026-09-12 14:00:00+00:00,27.71,96.89,549.97,272.83,hPa,,
3SIMG_12SEP2026_1400_L2B_CTP_V01R00,3SIMG_L2B_CTP,weather,2026-09-12 14:00:00+00:00,27.21,71.97,724.98,285.84,hPa,,
3SIMG_12SEP2026_1400_L2B_CTP_V01R00,3SIMG_L2B_CTP,weather,2026-09-12 14:00:00+00:00,27.21,72.36,649.95,279.32,hPa,,
3SIMG_12SEP2026_1400_L2B_CTP_V01R00,3SIMG_L2B_CTP,weather,2026-09-12 14:00:00+00:00,27.2,72.74,624.94,277.26,hPa,,
3SIMG_12SEP2026_1400_L2B_CTP_V01R00,3SIMG_L2B_CTP,weather,2026-09-12 14:00:00+00:00,27.2,73.11,549.97,272.83,hPa,,
3SIMG_12SEP2026_1400_L2B_CTP_V01R00,3SIMG_L2B_CTP,weather,2026-09-12 14:00:00+00:00,27.19,73.5,424.95,261.94,hPa,,
3SIMG_12SEP2026_1400_L2B_CTP_V01R00,3SIMG_L2B_CTP,weather,2026-09-12 14:00:00+00:00,27.18,73.88,399.97,260.21,hPa,,
3SIMG_12SEP2026_1400_L2B_CTP_V01R00,3SIMG_L2B_CTP,weather,2026-09-12 14:00:00+00:00,27.18,74.25,224.83,221.78,hPa,,
3SIMG_12SEP2026_1400_L2B_CTP_V01R00,3SIMG_L2B_CTP,weather,2026-09-12 14:00:00+00:00,27.18,74.63,449.92,263.45,hPa,,
3SIMG_12SEP2026_1400_L2B_CTP_V01R00,3SIMG_L2B_CTP,weather,2026-09-12 14:00:00+00:00,27.17,75.01,599.94,275.56,hPa,,
3SIMG_12SEP2026_1400_L2B_CTP_V01R00,3SIMG_L2B_CTP,weather,2026-09-12 14:00:00+00:00,27.17,75.38,599.94,275.64,hPa,,
3SIMG_12SEP2026_1400_L2B_CTP_V01R00,3SIMG_L2B_CTP,weather,2026-09-12 14:00:00+00:00,27.16,76.13,649.95,280.1,hPa,,
3SIMG_12SEP2026_1400_L2B_CTP_V01R00,3SIMG_L2B_CTP,weather,2026-09-12 14:00:00+00:00,27.13,80.6,674.94,280.87,hPa,,
3SIMG_12SEP2026_1400_L2B_CTP_V01R00,3SIMG_L2B_CTP,weather,2026-09-12 14:00:00+00:00,27.13,80.97,674.95,281.18,hPa,,
3SIMG_12SEP2026_1400_L2B_CTP_V01R00,3SIMG_L2B_CTP,weather,2026-09-12 14:00:00+00:00,27.13,81.34,525.0,272.99,hPa,,
3SIMG_12SEP2026_1400_L2B_CTP_V01R00,3SIMG_L2B_CTP,weather,2026-09-12 14:00:00+00:00,27.13,81.71,574.95,274.21,hPa,,
3SIMG_12SEP2026_1400_L2B_CTP_V01R00,3SIMG_L2B_CTP,weather,2026-09-12 14:00:00+00:00,27.13,82.45,574.96,274.99,hPa,,
3SIMG_12SEP2026_1400_L2B_CTP_V01R00,3SIMG_L2B_CTP,weather,2026-09-12 14:00:00+00:00,27.13,82.82,649.97,280.26,hPa,,
3SIMG_12SEP2026_1400_L2B_CTP_V01R00,3SIMG_L2B_CTP,weather,2026-09-12 14:00:00+00:00,27.13,83.2,649.95,279.48,hPa,,
3SIMG_12SEP2026_1400_L2B_CTP_V01R00,3SIMG_L2B_CTP,weather,2026-09-12 14:00:00+00:00,27.13,83.57,649.95,279.48,hPa,,
3SIMG_12SEP2026_1400_L2B_CTP_V01R00,3SIMG_L2B_CTP,weather,2026-09-12 14:00:00+00:00,27.13,83.94,349.91,250.49,hPa,,
3SIMG_12SEP2026_1400_L2B_CTP_V01R00,3SIMG_L2B_CTP,weather,2026-09-12 14:00:00+00:00,27.13,84.31,249.9,230.73,hPa,,
3SIMG_12SEP2026_1400_L2B_CTP_V01R00,3SIMG_L2B_CTP,weather,2026-09-12 14:00:00+00:00,27.14,84.68,399.91,257.44,hPa,,
3SIMG_12SEP2026_1400_L2B_CTP_V01R00,3SIMG_L2B_CTP,weather,2026-09-12 14:00:00+00:00,27.16,88.04,499.92,267.55,hPa,,
3SIMG_12SEP2026_1400_L2B_CTP_V01R00,3SIMG_L2B_CTP,weather,2026-09-12 14:00:00+00:00,27.16,88.41,499.96,268.88,hPa,,
3SIMG_12SEP2026_1400_L2B_CTP_V01R00,3SIMG_L2B_CTP,weather,2026-09-12 14:00:00+00:00,27.22,92.19,524.94,269.93,hPa,,
3SIMG_12SEP2026_1400_L2B_CTP_V01R00,3SIMG_L2B_CTP,weather,2026-09-12 14:00:00+00:00,27.22,92.57,549.95,272.32,hPa,,
3SIMG_12SEP2026_1400_L2B_CTP_V01R00,3SIMG_L2B_CTP,weather,2026-09-12 14:00:00+00:00,27.23,92.95,624.95,277.42,hPa,,
3SIMG_12SEP2026_1400_L2B_CTP_V01R00,3SIMG_L2B_CTP,weather,2026-09-12 14:00:00+00:00,27.25,94.1,649.97,279.79,hPa,,
3SIMG_12SEP2026_1400_L2B_CTP_V01R00,3SIMG_L2B_CTP,weather,2026-09-12 14:00:00+00:00,27.26,94.49,699.96,282.33,hPa,,
3SIMG_12SEP2026_1400_L2B_CTP_V01R00,3SIMG_L2B_CTP,weather,2026-09-12 14:00:00+00:00,27.28,95.65,624.97,278.45,hPa,,
3SIMG_12SEP2026_1400_L2B_CTP_V01R00,3SIMG_L2B_CTP,weather,2026-09-12 14:00:00+00:00,27.29,96.04,599.97,276.78,hPa,,
3SIMG_12SEP2026_1400_L2B_CTP_V01R00,3SIMG_L2B_CTP,weather,2026-09-12 14:00:00+00:00,27.3,96.43,574.93,273.33,hPa,,
3SIMG_12SEP2026_1400_L2B_CTP_V01R00,3SIMG_L2B_CTP,weather,2026-09-12 14:00:00+00:00,26.83,71.64,599.94,275.23,hPa,,
3SIMG_12SEP2026_1400_L2B_CTP_V01R00,3SIMG_L2B_CTP,weather,2026-09-12 14:00:00+00:00,26.82,72.02,524.94,269.67,hPa,,
3SIMG_12SEP2026_1400_L2B_CTP_V01R00,3SIMG_L2B_CTP,weather,2026-09-12 14:00:00+00:00,26.82,72.4,499.93,267.82,hPa,,
3SIMG_12SEP2026_1400_L2B_CTP_V01R00,3SIMG_L2B_CTP,weather,2026-09-12 14:00:00+00:00,26.81,72.78,324.95,249.38,hPa,,
3SIMG_12SEP2026_1400_L2B_CTP_V01R00,3SIMG_L2B_CTP,weather,2026-09-12 14:00:00+00:00,26.8,73.16,399.9,256.83,hPa,,
3SIMG_12SEP2026_1400_L2B_CTP_V01R00,3SIMG_L2B_CTP,weather,2026-09-12 14:00:00+00:00,26.8,73.53,399.91,257.64,hPa,,
3SIMG_12SEP2026_1400_L2B_CTP_V01R00,3SIMG_L2B_CTP,weather,2026-09-12 14:00:00+00:00,26.79,73.91,224.85,222.81,hPa,,
3SIMG_12SEP2026_1400_L2B_CTP_V01R00,3SIMG_L2B_CTP,weather,2026-09-12 14:00:00+00:00,26.79,74.28,374.94,255.81,hPa,,
3SIMG_12SEP2026_1400_L2B_CTP_V01R00,3SIMG_L2B_CTP,weather,2026-09-12 14:00:00+00:00,26.78,74.66,624.97,278.53,hPa,,
3SIMG_12SEP2026_1400_L2B_CTP_V01R00,3SIMG_L2B_CTP,weather,2026-09-12 14:00:00+00:00,26.78,75.03,699.96,284.36,hPa,,
3SIMG_12SEP2026_1400_L2B_CTP_V01R00,3SIMG_L2B_CTP,weather,2026-09-12 14:00:00+00:00,26.77,76.15,649.96,280.57,hPa,,
3SIMG_12SEP2026_1400_L2B_CTP_V01R00,3SIMG_L2B_CTP,weather,2026-09-12 14:00:00+00:00,26.74,82.45,574.96,275.11,hPa,,
3SIMG_12SEP2026_1400_L2B_CTP_V01R00,3SIMG_L2B_CTP,weather,2026-09-12 14:00:00+00:00,26.74,82.82,599.96,276.61,hPa,,
3SIMG_12SEP2026_1400_L2B_CTP_V01R00,3SIMG_L2B_CTP,weather,2026-09-12 14:00:00+00:00,26.74,83.56,549.93,271.81,hPa,,
3SIMG_12SEP2026_1400_L2B_CTP_V01R00,3SIMG_L2B_CTP,weather,2026-09-12 14:00:00+00:00,26.74,83.93,349.92,251.15,hPa,,
3SIMG_12SEP2026_1400_L2B_CTP_V01R00,3SIMG_L2B_CTP,weather,2026-09-12 14:00:00+00:00,26.74,84.3,299.89,240.58,hPa,,
3SIMG_12SEP2026_1400_L2B_CTP_V01R00,3SIMG_L2B_CTP,weather,2026-09-12 14:00:00+00:00,26.75,84.67,324.95,248.25,hPa,,
3SIMG_12SEP2026_1400_L2B_CTP_V01R00,3SIMG_L2B_CTP,weather,2026-09-12 14:00:00+00:00,26.75,85.04,349.96,252.66,hPa,,
3SIMG_12SEP2026_1400_L2B_CTP_V01R00,3SIMG_L2B_CTP,weather,2026-09-12 14:00:00+00:00,26.75,85.41,549.95,272.66,hPa,,
3SIMG_12SEP2026_1400_L2B_CTP_V01R00,3SIMG_L2B_CTP,weather,2026-09-12 14:00:00+00:00,26.77,88.39,274.94,237.99,hPa,,
3SIMG_12SEP2026_1400_L2B_CTP_V01R00,3SIMG_L2B_CTP,weather,2026-09-12 14:00:00+00:00,26.78,88.76,575.0,275.94,hPa,,
3SIMG_12SEP2026_1400_L2B_CTP_V01R00,3SIMG_L2B_CTP,weather,2026-09-12 14:00:00+00:00,26.78,89.13,599.95,275.88,hPa,,
3SIMG_12SEP2026_1400_L2B_CTP_V01R00,3SIMG_L2B_CTP,weather,2026-09-12 14:00:00+00:00,26.79,89.51,599.95,275.97,hPa,,
3SIMG_12SEP2026_1400_L2B_CTP_V01R00,3SIMG_L2B_CTP,weather,2026-09-12 14:00:00+00:00,26.8,90.26,374.91,253.7,hPa,,
3SIMG_12SEP2026_1400_L2B_CTP_V01R00,3SIMG_L2B_CTP,weather,2026-09-12 14:00:00+00:00,26.81,91.39,524.94,270.1,hPa,,
3SIMG_12SEP2026_1400_L2B_CTP_V01R00,3SIMG_L2B_CTP,weather,2026-09-12 14:00:00+00:00,26.82,91.77,599.97,276.13,hPa,,
3SIMG_12SEP2026_1400_L2B_CTP_V01R00,3SIMG_L2B_CTP,weather,2026-09-12 14:00:00+00:00,26.82,92.15,624.95,277.02,hPa,,
3SIMG_12SEP2026_1400_L2B_CTP_V01R00,3SIMG_L2B_CTP,weather,2026-09-12 14:00:00+00:00,26.83,92.53,449.96,264.47,hPa,,
3SIMG_12SEP2026_1400_L2B_CTP_V01R00,3SIMG_L2B_CTP,weather,2026-09-12 14:00:00+00:00,26.84,92.91,624.98,278.37,hPa,,
3SIMG_12SEP2026_1400_L2B_CTP_V01R00,3SIMG_L2B_CTP,weather,2026-09-12 14:00:00+00:00,26.88,95.21,599.96,276.29,hPa,,
3SIMG_12SEP2026_1400_L2B_CTP_V01R00,3SIMG_L2B_CTP,weather,2026-09-12 14:00:00+00:00,26.89,95.6,424.96,261.17,hPa,,
3SIMG_12SEP2026_1400_L2B_CTP_V01R00,3SIMG_L2B_CTP,weather,2026-09-12 14:00:00+00:00,26.44,71.31,624.96,278.06,hPa,,
3SIMG_12SEP2026_1400_L2B_CTP_V01R00,3SIMG_L2B_CTP,weather,2026-09-12 14:00:00+00:00,26.44,71.68,499.96,268.88,hPa,,
3SIMG_12SEP2026_1400_L2B_CTP_V01R00,3SIMG_L2B_CTP,weather,2026-09-12 14:00:00+00:00,26.43,72.06,499.94,268.17,hPa,,
3SIMG_12SEP2026_1400_L2B_CTP_V01R00,3SIMG_L2B_CTP,weather,2026-09-12 14:00:00+00:00,26.43,72.43,424.94,260.98,hPa,,
3SIMG_12SEP2026_1400_L2B_CTP_V01R00,3SIMG_L2B_CTP,weather,2026-09-12 14:00:00+00:00,26.42,72.82,249.9,231.61,hPa,,
3SIMG_12SEP2026_1400_L2B_CTP_V01R00,3SIMG_L2B_CTP,weather,2026-09-12 14:00:00+00:00,26.41,73.18,324.93,248.25,hPa,,
3SIMG_12SEP2026_1400_L2B_CTP_V01R00,3SIMG_L2B_CTP,weather,2026-09-12 14:00:00+00:00,26.41,73.57,249.89,231.32,hPa,,
3SIMG_12SEP2026_1400_L2B_CTP_V01R00,3SIMG_L2B_CTP,weather,2026-09-12 14:00:00+00:00,26.4,73.93,324.93,248.25,hPa,,
3SIMG_12SEP2026_1400_L2B_CTP_V01R00,3SIMG_L2B_CTP,weather,2026-09-12 14:00:00+00:00,26.4,74.31,574.96,274.0,hPa,,
3SIMG_12SEP2026_1400_L2B_CTP_V01R00,3SIMG_L2B_CTP,weather,2026-09-12 14:00:00+00:00,26.39,74.68,574.96,274.33,hPa,,
3SIMG_12SEP2026_1400_L2B_CTP_V01R00,3SIMG_L2B_CTP,weather,2026-09-12 14:00:00+00:00,26.39,75.06,624.96,278.37,hPa,,
3SIMG_12SEP2026_1400_L2B_CTP_V01R00,3SIMG_L2B_CTP,weather,2026-09-12 14:00:00+00:00,26.35,82.82,624.98,279.24,hPa,,
3SIMG_12SEP2026_1400_L2B_CTP_V01R00,3SIMG_L2B_CTP,weather,2026-09-12 14:00:00+00:00,26.35,83.55,549.95,272.66,hPa,,
3SIMG_12SEP2026_1400_L2B_CTP_V01R00,3SIMG_L2B_CTP,weather,2026-09-12 14:00:00+00:00,26.35,83.92,499.93,267.91,hPa,,
3SIMG_12SEP2026_1400_L2B_CTP_V01R00,3SIMG_L2B_CTP,weather,2026-09-12 14:00:00+00:00,26.36,84.29,349.95,252.45,hPa,,
3SIMG_12SEP2026_1400_L2B_CTP_V01R00,3SIMG_L2B_CTP,weather,2026-09-12 14:00:00+00:00,26.36,84.66,374.96,256.63,hPa,,
3SIMG_12SEP2026_1400_L2B_CTP_V01R00,3SIMG_L2B_CTP,weather,2026-09-12 14:00:00+00:00,26.36,85.03,374.96,256.22,hPa,,
3SIMG_12SEP2026_1400_L2B_CTP_V01R00,3SIMG_L2B_CTP,weather,2026-09-12 14:00:00+00:00,26.36,85.4,324.91,246.41,hPa,,
3SIMG_12SEP2026_1400_L2B_CTP_V01R00,3SIMG_L2B_CTP,weather,2026-09-12 14:00:00+00:00,26.36,85.77,499.94,268.53,hPa,,
3SIMG_12SEP2026_1400_L2B_CTP_V01R00,3SIMG_L2B_CTP,weather,2026-09-12 14:00:00+00:00,26.37,86.14,249.88,229.53,hPa,,
3SIMG_12SEP2026_1400_L2B_CTP_V01R00,3SIMG_L2B_CTP,weather,2026-09-12 14:00:00+00:00,26.37,86.51,199.92,219.3,hPa,,
3SIMG_12SEP2026_1400_L2B_CTP_V01R00,3SIMG_L2B_CTP,weather,2026-09-12 14:00:00+00:00,26.37,86.88,274.88,234.6,hPa,,
3SIMG_12SEP2026_1400_L2B_CTP_V01R00,3SIMG_L2B_CTP,weather,2026-09-12 14:00:00+00:00,26.37,87.25,599.95,276.13,hPa,,
3SIMG_12SEP2026_1400_L2B_CTP_V01R00,3SIMG_L2B_CTP,weather,2026-09-12 14:00:00+00:00,26.38,87.62,249.89,230.13,hPa,,
3SIMG_12SEP2026_1400_L2B_CTP_V01R00,3SIMG_L2B_CTP,weather,2026-09-12 14:00:00+00:00,26.38,87.99,199.91,218.57,hPa,,
3SIMG_12SEP2026_1400_L2B_CTP_V01R00,3SIMG_L2B_CTP,weather,2026-09-12 14:00:00+00:00,26.38,88.36,249.85,227.38,hPa,,
3SIMG_12SEP2026_1400_L2B_CTP_V01R00,3SIMG_L2B_CTP,weather,2026-09-12 14:00:00+00:00,26.39,88.73,299.89,240.44,hPa,,
3SIMG_12SEP2026_1400_L2B_CTP_V01R00,3SIMG_L2B_CTP,weather,2026-09-12 14:00:00+00:00,26.39,89.1,524.93,269.75,hPa,,
3SIMG_12SEP2026_1400_L2B_CTP_V01R00,3SIMG_L2B_CTP,weather,2026-09-12 14:00:00+00:00,26.4,89.48,599.97,276.37,hPa,,
3SIMG_12SEP2026_1400_L2B_CTP_V01R00,3SIMG_L2B_CTP,weather,2026-09-12 14:00:00+00:00,26.4,89.85,399.91,256.63,hPa,,
3SIMG_12SEP2026_1400_L2B_CTP_V01R00,3SIMG_L2B_CTP,weather,2026-09-12 14:00:00+00:00,26.41,90.23,174.9,211.91,hPa,,
3SIMG_12SEP2026_1400_L2B_CTP_V01R00,3SIMG_L2B_CTP,weather,2026-09-12 14:00:00+00:00,26.41,90.6,174.88,210.63,hPa,,
3SIMG_12SEP2026_1400_L2B_CTP_V01R00,3SIMG_L2B_CTP,weather,2026-09-12 14:00:00+00:00,26.42,90.98,199.85,215.54,hPa,,
3SIMG_12SEP2026_1400_L2B_CTP_V01R00,3SIMG_L2B_CTP,weather,2026-09-12 14:00:00+00:00,26.42,91.35,449.92,262.51,hPa,,
3SIMG_12SEP2026_1400_L2B_CTP_V01R00,3SIMG_L2B_CTP,weather,2026-09-12 14:00:00+00:00,26.47,94.01,649.98,280.41,hPa,,
3SIMG_12SEP2026_1400_L2B_CTP_V01R00,3SIMG_L2B_CTP,weather,2026-09-12 14:00:00+00:00,26.48,94.39,649.96,279.63,hPa,,
3SIMG_12SEP2026_1400_L2B_CTP_V01R00,3SIMG_L2B_CTP,weather,2026-09-12 14:00:00+00:00,26.06,70.97,675.0,283.46,hPa,,
3SIMG_12SEP2026_1400_L2B_CTP_V01R00,3SIMG_L2B_CTP,weather,2026-09-12 14:00:00+00:00,26.06,71.35,474.94,265.66,hPa,,
3SIMG_12SEP2026_1400_L2B_CTP_V01R00,3SIMG_L2B_CTP,weather,2026-09-12 14:00:00+00:00,26.05,71.72,424.95,261.56,hPa,,
3SIMG_12SEP2026_1400_L2B_CTP_V01R00,3SIMG_L2B_CTP,weather,2026-09-12 14:00:00+00:00,26.04,72.1,424.93,260.59,hPa,,
3SIMG_12SEP2026_1400_L2B_CTP_V01R00,3SIMG_L2B_CTP,weather,2026-09-12 14:00:00+00:00,26.04,72.47,249.9,231.61,hPa,,
3SIMG_12SEP2026_1400_L2B_CTP_V01R00,3SIMG_L2B_CTP,weather,2026-09-12 14:00:00+00:00,26.03,72.85,349.95,252.88,hPa,,
3SIMG_12SEP2026_1400_L2B_CTP_V01R00,3SIMG_L2B_CTP,weather,2026-09-12 14:00:00+00:00,26.03,73.22,249.94,234.19,hPa,,
3SIMG_12SEP2026_1400_L2B_CTP_V01R00,3SIMG_L2B_CTP,weather,2026-09-12 14:00:00+00:00,26.02,73.6,249.84,228.0,hPa,,
3SIMG_12SEP2026_1400_L2B_CTP_V01R00,3SIMG_L2B_CTP,weather,2026-09-12 14:00:00+00:00,26.02,73.97,324.92,247.34,hPa,,
3SIMG_12SEP2026_1400_L2B_CTP_V01R00,3SIMG_L2B_CTP,weather,2026-09-12 14:00:00+00:00,26.01,74.34,424.96,262.51,hPa,,
3SIMG_12SEP2026_1400_L2B_CTP_V01R00,3SIMG_L2B_CTP,weather,2026-09-12 14:00:00+00:00,26.01,74.72,424.94,261.94,hPa,,
3SIMG_12SEP2026_1400_L2B_CTP_V01R00,3SIMG_L2B_CTP,weather,2026-09-12 14:00:00+00:00,26.0,75.09,574.95,274.08,hPa,,
3SIMG_12SEP2026_1400_L2B_CTP_V01R00,3SIMG_L2B_CTP,weather,2026-09-12 14:00:00+00:00,26.0,75.46,674.97,282.71,hPa,,
3SIMG_12SEP2026_1400_L2B_CTP_V01R00,3SIMG_L2B_CTP,weather,2026-09-12 14:00:00+00:00,26.0,75.83,674.97,282.56,hPa,,
3SIMG_12SEP2026_1400_L2B_CTP_V01R00,3SIMG_L2B_CTP,weather,2026-09-12 14:00:00+00:00,25.97,83.55,624.96,278.37,hPa,,
3SIMG_12SEP2026_1400_L2B_CTP_V01R00,3SIMG_L2B_CTP,weather,2026-09-12 14:00:00+00:00,25.97,83.92,599.95,275.89,hPa,,
3SIMG_12SEP2026_1400_L2B_CTP_V01R00,3SIMG_L2B_CTP,weather,2026-09-12 14:00:00+00:00,25.97,84.28,599.94,275.64,hPa,,
3SIMG_12SEP2026_1400_L2B_CTP_V01R00,3SIMG_L2B_CTP,weather,2026-09-12 14:00:00+00:00,25.97,84.65,624.94,277.42,hPa,,
3SIMG_12SEP2026_1400_L2B_CTP_V01R00,3SIMG_L2B_CTP,weather,2026-09-12 14:00:00+00:00,25.97,85.02,374.92,254.36,hPa,,
3SIMG_12SEP2026_1400_L2B_CTP_V01R00,3SIMG_L2B_CTP,weather,2026-09-12 14:00:00+00:00,25.97,85.38,499.96,269.14,hPa,,
3SIMG_12SEP2026_1400_L2B_CTP_V01R00,3SIMG_L2B_CTP,weather,2026-09-12 14:00:00+00:00,25.98,85.75,524.97,271.98,hPa,,
3SIMG_12SEP2026_1400_L2B_CTP_V01R00,3SIMG_L2B_CTP,weather,2026-09-12 14:00:00+00:00,25.98,86.12,274.9,236.12,hPa,,
3SIMG_12SEP2026_1400_L2B_CTP_V01R00,3SIMG_L2B_CTP,weather,2026-09-12 14:00:00+00:00,25.98,86.49,224.9,224.81,hPa,,
3SIMG_12SEP2026_1400_L2B_CTP_V01R00,3SIMG_L2B_CTP,weather,2026-09-12 14:00:00+00:00,25.98,86.86,274.89,235.3,hPa,,
3SIMG_12SEP2026_1400_L2B_CTP_V01R00,3SIMG_L2B_CTP,weather,2026-09-12 14:00:00+00:00,25.99,87.23,424.95,261.36,hPa,,
3SIMG_12SEP2026_1400_L2B_CTP_V01R00,3SIMG_L2B_CTP,weather,2026-09-12 14:00:00+00:00,25.99,87.6,224.86,222.47,hPa,,
3SIMG_12SEP2026_1400_L2B_CTP_V01R00,3SIMG_L2B_CTP,weather,2026-09-12 14:00:00+00:00,25.99,87.97,249.94,232.77,hPa,,
3SIMG_12SEP2026_1400_L2B_CTP_V01R00,3SIMG_L2B_CTP,weather,2026-09-12 14:00:00+00:00,26.01,89.45,574.94,274.0,hPa,,
3SIMG_12SEP2026_1400_L2B_CTP_V01R00,3SIMG_L2B_CTP,weather,2026-09-12 14:00:00+00:00,26.01,89.82,299.87,239.3,hPa,,
3SIMG_12SEP2026_1400_L2B_CTP_V01R00,3SIMG_L2B_CTP,weather,2026-09-12 14:00:00+00:00,26.02,90.19,199.86,216.32,hPa,,
3SIMG_12SEP2026_1400_L2B_CTP_V01R00,3SIMG_L2B_CTP,weather,2026-09-12 14:00:00+00:00,26.02,90.57,199.87,216.7,hPa,,
3SIMG_12SEP2026_1400_L2B_CTP_V01R00,3SIMG_L2B_CTP,weather,2026-09-12 14:00:00+00:00,26.03,90.94,374.91,252.88,hPa,,
3SIMG_12SEP2026_1400_L2B_CTP_V01R00,3SIMG_L2B_CTP,weather,2026-09-12 14:00:00+00:00,26.03,91.32,624.97,278.06,hPa,,
3SIMG_12SEP2026_1400_L2B_CTP_V01R00,3SIMG_L2B_CTP,weather,2026-09-12 14:00:00+00:00,26.04,91.69,625.0,279.25,hPa,,
3SIMG_12SEP2026_1400_L2B_CTP_V01R00,3SIMG_L2B_CTP,weather,2026-09-12 14:00:00+00:00,26.08,93.96,649.98,280.8,hPa,,
3SIMG_12SEP2026_1400_L2B_CTP_V01R00,3SIMG_L2B_CTP,weather,2026-09-12 14:00:00+00:00,25.68,71.01,499.93,268.0,hPa,,
3SIMG_12SEP2026_1400_L2B_CTP_V01R00,3SIMG_L2B_CTP,weather,2026-09-12 14:00:00+00:00,25.67,71.39,449.96,264.56,hPa,,
3SIMG_12SEP2026_1400_L2B_CTP_V01R00,3SIMG_L2B_CTP,weather,2026-09-12 14:00:00+00:00,25.66,71.76,374.94,255.4,hPa,,
3SIMG_12SEP2026_1400_L2B_CTP_V01R00,3SIMG_L2B_CTP,weather,2026-09-12 14:00:00+00:00,25.66,72.14,199.91,220.02,hPa,,
3SIMG_12SEP2026_1400_L2B_CTP_V01R00,3SIMG_L2B_CTP,weather,2026-09-12 14:00:00+00:00,25.65,72.51,199.87,217.46,hPa,,
3SIMG_12SEP2026_1400_L2B_CTP_V01R00,3SIMG_L2B_CTP,weather,2026-09-12 14:00:00+00:00,25.65,72.89,324.96,249.61,hPa,,
3SIMG_12SEP2026_1400_L2B_CTP_V01R00,3SIMG_L2B_CTP,weather,2026-09-12 14:00:00+00:00,25.64,73.26,299.92,243.31,hPa,,
3SIMG_12SEP2026_1400_L2B_CTP_V01R00,3SIMG_L2B_CTP,weather,2026-09-12 14:00:00+00:00,25.64,73.63,224.84,222.47,hPa,,
3SIMG_12SEP2026_1400_L2B_CTP_V01R00,3SIMG_L2B_CTP,weather,2026-09-12 14:00:00+00:00,25.63,74.0,249.93,233.62,hPa,,
3SIMG_12SEP2026_1400_L2B_CTP_V01R00,3SIMG_L2B_CTP,weather,2026-09-12 14:00:00+00:00,25.63,74.36,399.91,257.44,hPa,,
3SIMG_12SEP2026_1400_L2B_CTP_V01R00,3SIMG_L2B_CTP,weather,2026-09-12 14:00:00+00:00,25.62,74.74,399.9,257.23,hPa,,
3SIMG_12SEP2026_1400_L2B_CTP_V01R00,3SIMG_L2B_CTP,weather,2026-09-12 14:00:00+00:00,25.62,75.11,549.96,272.66,hPa,,
3SIMG_12SEP2026_1400_L2B_CTP_V01R00,3SIMG_L2B_CTP,weather,2026-09-12 14:00:00+00:00,25.61,75.47,549.94,272.15,hPa,,
3SIMG_12SEP2026_1400_L2B_CTP_V01R00,3SIMG_L2B_CTP,weather,2026-09-12 14:00:00+00:00,25.61,75.85,599.97,277.42,hPa,,
3SIMG_12SEP2026_1400_L2B_CTP_V01R00,3SIMG_L2B_CTP,weather,2026-09-12 14:00:00+00:00,25.61,76.22,699.96,284.21,hPa,,
3SIMG_12SEP2026_1400_L2B_CTP_V01R00,3SIMG_L2B_CTP,weather,2026-09-12 14:00:00+00:00,25.6,76.59,649.98,281.49,hPa,,
3SIMG_12SEP2026_1400_L2B_CTP_V01R00,3SIMG_L2B_CTP,weather,2026-09-12 14:00:00+00:00,25.6,76.96,624.96,278.69,hPa,,
3SIMG_12SEP2026_1400_L2B_CTP_V01R00,3SIMG_L2B_CTP,weather,2026-09-12 14:00:00+00:00,25.58,80.25,649.96,281.03,hPa,,
3SIMG_12SEP2026_1400_L2B_CTP_V01R00,3SIMG_L2B_CTP,weather,2026-09-12 14:00:00+00:00,25.58,80.61,599.96,276.78,hPa,,
3SIMG_12SEP2026_1400_L2B_CTP_V01R00,3SIMG_L2B_CTP,weather,2026-09-12 14:00:00+00:00,25.59,84.27,649.97,281.03,hPa,,
3SIMG_12SEP2026_1400_L2B_CTP_V01R00,3SIMG_L2B_CTP,weather,2026-09-12 14:00:00+00:00,25.59,84.64,624.97,279.24,hPa,,
3SIMG_12SEP2026_1400_L2B_CTP_V01R00,3SIMG_L2B_CTP,weather,2026-09-12 14:00:00+00:00,25.59,85.01,424.91,259.62,hPa,,
3SIMG_12SEP2026_1400_L2B_CTP_V01R00,3SIMG_L2B_CTP,weather,2026-09-12 14:00:00+00:00,25.59,85.37,624.95,278.29,hPa,,
3SIMG_12SEP2026_1400_L2B_CTP_V01R00,3SIMG_L2B_CTP,weather,2026-09-12 14:00:00+00:00,25.59,85.74,474.92,264.93,hPa,,
3SIMG_12SEP2026_1400_L2B_CTP_V01R00,3SIMG_L2B_CTP,weather,2026-09-12 14:00:00+00:00,25.59,86.1,374.91,253.09,hPa,,
3SIMG_12SEP2026_1400_L2B_CTP_V01R00,3SIMG_L2B_CTP,weather,2026-09-12 14:00:00+00:00,25.6,86.47,374.95,254.98,hPa,,
3SIMG_12SEP2026_1400_L2B_CTP_V01R00,3SIMG_L2B_CTP,weather,2026-09-12 14:00:00+00:00,25.6,86.84,474.93,265.3,hPa,,
3SIMG_12SEP2026_1400_L2B_CTP_V01R00,3SIMG_L2B_CTP,weather,2026-09-12 14:00:00+00:00,25.6,87.21,399.92,257.03,hPa,,
3SIMG_12SEP2026_1400_L2B_CTP_V01R00,3SIMG_L2B_CTP,weather,2026-09-12 14:00:00+00:00,25.61,87.57,299.93,242.58,hPa,,
3SIMG_12SEP2026_1400_L2B_CTP_V01R00,3SIMG_L2B_CTP,weather,2026-09-12 14:00:00+00:00,25.61,87.94,574.95,274.66,hPa,,
3SIMG_12SEP2026_1400_L2B_CTP_V01R00,3SIMG_L2B_CTP,weather,2026-09-12 14:00:00+00:00,25.61,88.31,574.96,274.99,hPa,,
3SIMG_12SEP2026_1400_L2B_CTP_V01R00,3SIMG_L2B_CTP,weather,2026-09-12 14:00:00+00:00,25.63,90.16,474.96,266.66,hPa,,
3SIMG_12SEP2026_1400_L2B_CTP_V01R00,3SIMG_L2B_CTP,weather,2026-09-12 14:00:00+00:00,25.64,90.53,474.92,264.75,hPa,,
3SIMG_12SEP2026_1400_L2B_CTP_V01R00,3SIMG_L2B_CTP,weather,2026-09-12 14:00:00+00:00,25.64,90.91,499.96,268.35,hPa,,
3SIMG_12SEP2026_1400_L2B_CTP_V01R00,3SIMG_L2B_CTP,weather,2026-09-12 14:00:00+00:00,25.65,91.28,499.94,267.46,hPa,,
3SIMG_12SEP2026_1400_L2B_CTP_V01R00,3SIMG_L2B_CTP,weather,2026-09-12 14:00:00+00:00,25.65,91.65,574.95,274.0,hPa,,
3SIMG_12SEP2026_1400_L2B_CTP_V01R00,3SIMG_L2B_CTP,weather,2026-09-12 14:00:00+00:00,25.29,71.04,424.93,260.59,hPa,,
3SIMG_12SEP2026_1400_L2B_CTP_V01R00,3SIMG_L2B_CTP,weather,2026-09-12 14:00:00+00:00,25.29,71.43,424.92,260.21,hPa,,
3SIMG_12SEP2026_1400_L2B_CTP_V01R00,3SIMG_L2B_CTP,weather,2026-09-12 14:00:00+00:00,25.28,71.79,249.88,230.73,hPa,,
3SIMG_12SEP2026_1400_L2B_CTP_V01R00,3SIMG_L2B_CTP,weather,2026-09-12 14:00:00+00:00,25.27,72.17,174.85,210.2,hPa,,
3SIMG_12SEP2026_1400_L2B_CTP_V01R00,3SIMG_L2B_CTP,weather,2026-09-12 14:00:00+00:00,25.27,72.54,199.84,216.32,hPa,,
3SIMG_12SEP2026_1400_L2B_CTP_V01R00,3SIMG_L2B_CTP,weather,2026-09-12 14:00:00+00:00,25.26,72.92,274.89,236.12,hPa,,
3SIMG_12SEP2026_1400_L2B_CTP_V01R00,3SIMG_L2B_CTP,weather,2026-09-12 14:00:00+00:00,25.26,73.29,224.84,222.13,hPa,,
3SIMG_12SEP2026_1400_L2B_CTP_V01R00,3SIMG_L2B_CTP,weather,2026-09-12 14:00:00+00:00,25.25,73.66,174.9,211.91,hPa,,
3SIMG_12SEP2026_1400_L2B_CTP_V01R00,3SIMG_L2B_CTP,weather,2026-09-12 14:00:00+00:00,25.25,74.03,274.93,238.78,hPa,,
3SIMG_12SEP2026_1400_L2B_CTP_V01R00,3SIMG_L2B_CTP,weather,2026-09-12 14:00:00+00:00,25.24,74.4,374.9,253.94,hPa,,
3SIMG_12SEP2026_1400_L2B_CTP_V01R00,3SIMG_L2B_CTP,weather,2026-09-12 14:00:00+00:00,25.24,74.77,274.93,238.78,hPa,,
3SIMG_12SEP2026_1400_L2B_CTP_V01R00,3SIMG_L2B_CTP,weather,2026-09-12 14:00:00+00:00,25.24,75.14,424.92,260.59,hPa,,
3SIMG_12SEP2026_1400_L2B_CTP_V01R00,3SIMG_L2B_CTP,weather,2026-09-12 14:00:00+00:00,25.23,75.5,649.96,281.18,hPa,,
3SIMG_12SEP2026_1400_L2B_CTP_V01R00,3SIMG_L2B_CTP,weather,2026-09-12 14:00:00+00:00,25.23,75.86,649.96,280.72,hPa,,
3SIMG_12SEP2026_1400_L2B_CTP_V01R00,3SIMG_L2B_CTP,weather,2026-09-12 14:00:00+00:00,25.22,76.24,625.0,280.96,hPa,,
3SIMG_12SEP2026_1400_L2B_CTP_V01R00,3SIMG_L2B_CTP,weather,2026-09-12 14:00:00+00:00,25.22,76.61,649.98,281.49,hPa,,
3SIMG_12SEP2026_1400_L2B_CTP_V01R00,3SIMG_L2B_CTP,weather,2026-09-12 14:00:00+00:00,25.22,76.97,674.97,282.86,hPa,,
3SIMG_12SEP2026_1400_L2B_CTP_V01R00,3SIMG_L2B_CTP,weather,2026-09-12 14:00:00+00:00,25.2,80.25,624.98,279.79,hPa,,
3SIMG_12SEP2026_1400_L2B_CTP_V01R00,3SIMG_L2B_CTP,weather,2026-09-12 14:00:00+00:00,25.2,80.61,599.96,276.94,hPa,,
3SIMG_12SEP2026_1400_L2B_CTP_V01R00,3SIMG_L2B_CTP,weather,2026-09-12 14:00:00+00:00,25.2,84.27,649.95,279.71,hPa,,
3SIMG_12SEP2026_1400_L2B_CTP_V01R00,3SIMG_L2B_CTP,weather,2026-09-12 14:00:00+00:00,25.2,84.63,549.95,272.91,hPa,,
3SIMG_12SEP2026_1400_L2B_CTP_V01R00,3SIMG_L2B_CTP,weather,2026-09-12 14:00:00+00:00,25.21,84.99,424.94,261.17,hPa,,
3SIMG_12SEP2026_1400_L2B_CTP_V01R00,3SIMG_L2B_CTP,weather,2026-09-12 14:00:00+00:00,25.21,85.36,499.93,268.08,hPa,,
3SIMG_12SEP2026_1400_L2B_CTP_V01R00,3SIMG_L2B_CTP,weather,2026-09-12 14:00:00+00:00,25.21,85.72,374.9,252.88,hPa,,
3SIMG_12SEP2026_1400_L2B_CTP_V01R00,3SIMG_L2B_CTP,weather,2026-09-12 14:00:00+00:00,25.21,86.09,224.93,226.75,hPa,,
3SIMG_12SEP2026_1400_L2B_CTP_V01R00,3SIMG_L2B_CTP,weather,2026-09-12 14:00:00+00:00,25.21,86.46,549.96,273.33,hPa,,
3SIMG_12SEP2026_1400_L2B_CTP_V01R00,3SIMG_L2B_CTP,weather,2026-09-12 14:00:00+00:00,25.22,86.82,499.95,268.7,hPa,,
3SIMG_12SEP2026_1400_L2B_CTP_V01R00,3SIMG_L2B_CTP,weather,2026-09-12 14:00:00+00:00,25.22,87.19,624.96,278.45,hPa,,
3SIMG_12SEP2026_1400_L2B_CTP_V01R00,3SIMG_L2B_CTP,weather,2026-09-12 14:00:00+00:00,25.22,87.55,499.97,269.22,hPa,,
3SIMG_12SEP2026_1400_L2B_CTP_V01R00,3SIMG_L2B_CTP,weather,2026-09-12 14:00:00+00:00,25.23,87.92,574.95,274.82,hPa,,
3SIMG_12SEP2026_1400_L2B_CTP_V01R00,3SIMG_L2B_CTP,weather,2026-09-12 14:00:00+00:00,25.23,88.29,499.97,269.32,hPa,,
3SIMG_12SEP2026_1400_L2B_CTP_V01R00,3SIMG_L2B_CTP,weather,2026-09-12 14:00:00+00:00,25.23,88.66,574.97,275.4,hPa,,
3SIMG_12SEP2026_1400_L2B_CTP_V01R00,3SIMG_L2B_CTP,weather,2026-09-12 14:00:00+00:00,25.26,90.87,599.96,276.29,hPa,,
3SIMG_12SEP2026_1400_L2B_CTP_V01R00,3SIMG_L2B_CTP,weather,2026-09-12 14:00:00+00:00,25.27,91.25,499.97,268.48,hPa,,
3SIMG_12SEP2026_1400_L2B_CTP_V01R00,3SIMG_L2B_CTP,weather,2026-09-12 14:00:00+00:00,25.29,92.74,574.97,274.58,hPa,,
3SIMG_12SEP2026_1400_L2B_CTP_V01R00,3SIMG_L2B_CTP,weather,2026-09-12 14:00:00+00:00,25.3,93.11,599.95,275.8,hPa,,
3SIMG_12SEP2026_1400_L2B_CTP_V01R00,3SIMG_L2B_CTP,weather,2026-09-12 14:00:00+00:00,25.3,93.49,349.94,250.82,hPa,,
3SIMG_12SEP2026_1400_L2B_CTP_V01R00,3SIMG_L2B_CTP,weather,2026-09-12 14:00:00+00:00,25.31,93.87,549.94,271.13,hPa,,
3SIMG_12SEP2026_1400_L2B_CTP_V01R00,3SIMG_L2B_CTP,weather,2026-09-12 14:00:00+00:00,24.91,71.09,374.93,255.6,hPa,,
3SIMG_12SEP2026_1400_L2B_CTP_V01R00,3SIMG_L2B_CTP,weather,2026-09-12 14:00:00+00:00,24.9,71.47,399.95,259.42,hPa,,
3SIMG_12SEP2026_1400_L2B_CTP_V01R00,3SIMG_L2B_CTP,weather,2026-09-12 14:00:00+00:00,24.9,71.84,249.89,230.73,hPa,,
3SIMG_12SEP2026_1400_L2B_CTP_V01R00,3SIMG_L2B_CTP,weather,2026-09-12 14:00:00+00:00,24.89,72.21,199.86,217.08,hPa,,
3SIMG_12SEP2026_1400_L2B_CTP_V01R00,3SIMG_L2B_CTP,weather,2026-09-12 14:00:00+00:00,24.89,72.58,199.91,219.66,hPa,,
3SIMG_12SEP2026_1400_L2B_CTP_V01R00,3SIMG_L2B_CTP,weather,2026-09-12 14:00:00+00:00,24.88,72.95,274.87,235.02,hPa,,
3SIMG_12SEP2026_1400_L2B_CTP_V01R00,3SIMG_L2B_CTP,weather,2026-09-12 14:00:00+00:00,24.88,73.32,199.85,216.7,hPa,,
3SIMG_12SEP2026_1400_L2B_CTP_V01R00,3SIMG_L2B_CTP,weather,2026-09-12 14:00:00+00:00,24.87,73.68,199.87,217.83,hPa,,
3SIMG_12SEP2026_1400_L2B_CTP_V01R00,3SIMG_L2B_CTP,weather,2026-09-12 14:00:00+00:00,24.87,74.06,299.91,242.33,hPa,,
3SIMG_12SEP2026_1400_L2B_CTP_V01R00,3SIMG_L2B_CTP,weather,2026-09-12 14:00:00+00:00,24.86,74.43,349.96,253.3,hPa,,
3SIMG_12SEP2026_1400_L2B_CTP_V01R00,3SIMG_L2B_CTP,weather,2026-09-12 14:00:00+00:00,24.86,74.79,324.93,248.25,hPa,,
3SIMG_12SEP2026_1400_L2B_CTP_V01R00,3SIMG_L2B_CTP,weather,2026-09-12 14:00:00+00:00,24.85,75.16,524.94,270.62,hPa,,
3SIMG_12SEP2026_1400_L2B_CTP_V01R00,3SIMG_L2B_CTP,weather,2026-09-12 14:00:00+00:00,24.85,75.53,649.96,280.95,hPa,,
3SIMG_12SEP2026_1400_L2B_CTP_V01R00,3SIMG_L2B_CTP,weather,2026-09-12 14:00:00+00:00,24.85,75.9,649.98,281.8,hPa,,
3SIMG_12SEP2026_1400_L2B_CTP_V01R00,3SIMG_L2B_CTP,weather,2026-09-12 14:00:00+00:00,24.84,76.25,649.96,280.87,hPa,,
3SIMG_12SEP2026_1400_L2B_CTP_V01R00,3SIMG_L2B_CTP,weather,2026-09-12 14:00:00+00:00,24.82,80.27,624.97,279.48,hPa,,
3SIMG_12SEP2026_1400_L2B_CTP_V01R00,3SIMG_L2B_CTP,weather,2026-09-12 14:00:00+00:00,24.82,80.63,624.98,279.94,hPa,,
3SIMG_12SEP2026_1400_L2B_CTP_V01R00,3SIMG_L2B_CTP,weather,2026-09-12 14:00:00+00:00,24.82,83.89,549.95,273.08,hPa,,
3SIMG_12SEP2026_1400_L2B_CTP_V01R00,3SIMG_L2B_CTP,weather,2026-09-12 14:00:00+00:00,24.82,84.26,499.94,268.62,hPa,,
3SIMG_12SEP2026_1400_L2B_CTP_V01R00,3SIMG_L2B_CTP,weather,2026-09-12 14:00:00+00:00,24.82,84.62,374.91,253.3,hPa,,
3SIMG_12SEP2026_1400_L2B_CTP_V01R00,3SIMG_L2B_CTP,weather,2026-09-12 14:00:00+00:00,24.83,84.98,499.96,269.4,hPa,,
3SIMG_12SEP2026_1400_L2B_CTP_V01R00,3SIMG_L2B_CTP,weather,2026-09-12 14:00:00+00:00,24.83,85.35,499.93,268.09,hPa,,
3SIMG_12SEP2026_1400_L2B_CTP_V01R00,3SIMG_L2B_CTP,weather,2026-09-12 14:00:00+00:00,24.83,85.71,374.95,255.6,hPa,,
3SIMG_12SEP2026_1400_L2B_CTP_V01R00,3SIMG_L2B_CTP,weather,2026-09-12 14:00:00+00:00,24.83,86.08,299.94,243.56,hPa,,
3SIMG_12SEP2026_1400_L2B_CTP_V01R00,3SIMG_L2B_CTP,weather,2026-09-12 14:00:00+00:00,24.83,86.44,599.96,276.61,hPa,,
3SIMG_12SEP2026_1400_L2B_CTP_V01R00,3SIMG_L2B_CTP,weather,2026-09-12 14:00:00+00:00,24.84,86.8,549.95,272.83,hPa,,
3SIMG_12SEP2026_1400_L2B_CTP_V01R00,3SIMG_L2B_CTP,weather,2026-09-12 14:00:00+00:00,24.85,87.9,599.97,277.1,hPa,,
3SIMG_12SEP2026_1400_L2B_CTP_V01R00,3SIMG_L2B_CTP,weather,2026-09-12 14:00:00+00:00,24.91,92.7,499.95,267.19,hPa,,
3SIMG_12SEP2026_1400_L2B_CTP_V01R00,3SIMG_L2B_CTP,weather,2026-09-12 14:00:00+00:00,24.91,93.07,524.94,269.14,hPa,,
3SIMG_12SEP2026_1400_L2B_CTP_V01R00,3SIMG_L2B_CTP,weather,2026-09-12 14:00:00+00:00,24.92,93.45,599.98,276.78,hPa,,
3SIMG_12SEP2026_1400_L2B_CTP_V01R00,3SIMG_L2B_CTP,weather,2026-09-12 14:00:00+00:00,24.53,71.13,374.9,253.94,hPa,,
3SIMG_12SEP2026_1400_L2B_CTP_V01R00,3SIMG_L2B_CTP,weather,2026-09-12 14:00:00+00:00,24.52,71.5,274.9,236.66,hPa,,
3SIMG_12SEP2026_1400_L2B_CTP_V01R00,3SIMG_L2B_CTP,weather,2026-09-12 14:00:00+00:00,24.52,71.86,224.85,222.47,hPa,,
3SIMG_12SEP2026_1400_L2B_CTP_V01R00,3SIMG_L2B_CTP,weather,2026-09-12 14:00:00+00:00,24.51,72.25,199.88,217.83,hPa,,
3SIMG_12SEP2026_1400_L2B_CTP_V01R00,3SIMG_L2B_CTP,weather,2026-09-12 14:00:00+00:00,24.51,72.61,224.87,223.82,hPa,,
3SIMG_12SEP2026_1400_L2B_CTP_V01R00,3SIMG_L2B_CTP,weather,2026-09-12 14:00:00+00:00,24.5,72.97,249.89,231.03,hPa,,
3SIMG_12SEP2026_1400_L2B_CTP_V01R00,3SIMG_L2B_CTP,weather,2026-09-12 14:00:00+00:00,24.5,73.35,224.87,223.82,hPa,,
3SIMG_12SEP2026_1400_L2B_CTP_V01R00,3SIMG_L2B_CTP,weather,2026-09-12 14:00:00+00:00,24.49,73.72,224.9,225.79,hPa,,
3SIMG_12SEP2026_1400_L2B_CTP_V01R00,3SIMG_L2B_CTP,weather,2026-09-12 14:00:00+00:00,24.49,74.09,274.94,239.56,hPa,,
3SIMG_12SEP2026_1400_L2B_CTP_V01R00,3SIMG_L2B_CTP,weather,2026-09-12 14:00:00+00:00,24.48,74.46,299.95,245.0,hPa,,
3SIMG_12SEP2026_1400_L2B_CTP_V01R00,3SIMG_L2B_CTP,weather,2026-09-12 14:00:00+00:00,24.48,74.82,449.94,264.19,hPa,,
3SIMG_12SEP2026_1400_L2B_CTP_V01R00,3SIMG_L2B_CTP,weather,2026-09-12 14:00:00+00:00,24.48,75.18,424.94,261.36,hPa,,
3SIMG_12SEP2026_1400_L2B_CTP_V01R00,3SIMG_L2B_CTP,weather,2026-09-12 14:00:00+00:00,24.47,75.54,499.94,268.88,hPa,,
3SIMG_12SEP2026_1400_L2B_CTP_V01R00,3SIMG_L2B_CTP,weather,2026-09-12 14:00:00+00:00,24.47,75.92,650.0,282.27,hPa,,
3SIMG_12SEP2026_1400_L2B_CTP_V01R00,3SIMG_L2B_CTP,weather,2026-09-12 14:00:00+00:00,24.46,76.28,650.0,282.45,hPa,,
3SIMG_12SEP2026_1400_L2B_CTP_V01R00,3SIMG_L2B_CTP,weather,2026-09-12 14:00:00+00:00,24.46,76.65,674.97,282.71,hPa,,
3SIMG_12SEP2026_1400_L2B_CTP_V01R00,3SIMG_L2B_CTP,weather,2026-09-12 14:00:00+00:00,24.46,77.36,649.95,280.26,hPa,,
3SIMG_12SEP2026_1400_L2B_CTP_V01R00,3SIMG_L2B_CTP,weather,2026-09-12 14:00:00+00:00,24.45,77.74,649.98,281.64,hPa,,
3SIMG_12SEP2026_1400_L2B_CTP_V01R00,3SIMG_L2B_CTP,weather,2026-09-12 14:00:00+00:00,24.44,80.27,599.94,276.45,hPa,,
3SIMG_12SEP2026_1400_L2B_CTP_V01R00,3SIMG_L2B_CTP,weather,2026-09-12 14:00:00+00:00,24.44,80.63,574.95,274.66,hPa,,
3SIMG_12SEP2026_1400_L2B_CTP_V01R00,3SIMG_L2B_CTP,weather,2026-09-12 14:00:00+00:00,24.44,81.0,199.83,215.35,hPa,,
3SIMG_12SEP2026_1400_L2B_CTP_V01R00,3SIMG_L2B_CTP,weather,2026-09-12 14:00:00+00:00,24.44,81.36,199.84,215.93,hPa,,
3SIMG_12SEP2026_1400_L2B_CTP_V01R00,3SIMG_L2B_CTP,weather,2026-09-12 14:00:00+00:00,24.44,81.72,549.97,274.31,hPa,,
3SIMG_12SEP2026_1400_L2B_CTP_V01R00,3SIMG_L2B_CTP,weather,2026-09-12 14:00:00+00:00,24.44,82.08,574.96,276.12,hPa,,
3SIMG_12SEP2026_1400_L2B_CTP_V01R00,3SIMG_L2B_CTP,weather,2026-09-12 14:00:00+00:00,24.44,83.89,524.97,271.9,hPa,,
3SIMG_12SEP2026_1400_L2B_CTP_V01R00,3SIMG_L2B_CTP,weather,2026-09-12 14:00:00+00:00,24.44,84.25,549.95,273.16,hPa,,
3SIMG_12SEP2026_1400_L2B_CTP_V01R00,3SIMG_L2B_CTP,weather,2026-09-12 14:00:00+00:00,24.45,85.34,574.96,274.66,hPa,,
3SIMG_12SEP2026_1400_L2B_CTP_V01R00,3SIMG_L2B_CTP,weather,2026-09-12 14:00:00+00:00,24.45,85.7,524.96,271.3,hPa,,
3SIMG_12SEP2026_1400_L2B_CTP_V01R00,3SIMG_L2B_CTP,weather,2026-09-12 14:00:00+00:00,24.45,86.06,624.96,278.37,hPa,,
3SIMG_12SEP2026_1400_L2B_CTP_V01R00,3SIMG_L2B_CTP,weather,2026-09-12 14:00:00+00:00,24.45,86.42,624.97,278.91,hPa,,
3SIMG_12SEP2026_1400_L2B_CTP_V01R00,3SIMG_L2B_CTP,weather,2026-09-12 14:00:00+00:00,24.46,86.79,574.94,273.83,hPa,,
3SIMG_12SEP2026_1400_L2B_CTP_V01R00,3SIMG_L2B_CTP,weather,2026-09-12 14:00:00+00:00,24.46,87.15,524.93,269.93,hPa,,
3SIMG_12SEP2026_1400_L2B_CTP_V01R00,3SIMG_L2B_CTP,weather,2026-09-12 14:00:00+00:00,24.52,92.29,549.93,270.79,hPa,,
3SIMG_12SEP2026_1400_L2B_CTP_V01R00,3SIMG_L2B_CTP,weather,2026-09-12 14:00:00+00:00,24.53,92.66,549.95,271.81,hPa,,
3SIMG_12SEP2026_1400_L2B_CTP_V01R00,3SIMG_L2B_CTP,weather,2026-09-12 14:00:00+00:00,24.53,93.03,624.98,278.45,hPa,,
3SIMG_12SEP2026_1400_L2B_CTP_V01R00,3SIMG_L2B_CTP,weather,2026-09-12 14:00:00+00:00,24.54,93.41,649.96,279.32,hPa,,
3SIMG_12SEP2026_1400_L2B_CTP_V01R00,3SIMG_L2B_CTP,weather,2026-09-12 14:00:00+00:00,24.54,93.78,574.97,274.49,hPa,,
3SIMG_12SEP2026_1400_L2B_CTP_V01R00,3SIMG_L2B_CTP,weather,2026-09-12 14:00:00+00:00,24.55,94.16,624.95,277.42,hPa,,
3SIMG_12SEP2026_1400_L2B_CTP_V01R00,3SIMG_L2B_CTP,weather,2026-09-12 14:00:00+00:00,24.19,68.93,624.96,278.53,hPa,,
3SIMG_12SEP2026_1400_L2B_CTP_V01R00,3SIMG_L2B_CTP,weather,2026-09-12 14:00:00+00:00,24.18,69.29,549.96,273.25,hPa,,
3SIMG_12SEP2026_1400_L2B_CTP_V01R00,3SIMG_L2B_CTP,weather,2026-09-12 14:00:00+00:00,24.18,69.68,474.94,266.39,hPa,,
3SIMG_12SEP2026_1400_L2B_CTP_V01R00,3SIMG_L2B_CTP,weather,2026-09-12 14:00:00+00:00,24.17,70.04,449.95,264.93,hPa,,
3SIMG_12SEP2026_1400_L2B_CTP_V01R00,3SIMG_L2B_CTP,weather,2026-09-12 14:00:00+00:00,24.16,70.43,399.96,260.21,hPa,,
3SIMG_12SEP2026_1400_L2B_CTP_V01R00,3SIMG_L2B_CTP,weather,2026-09-12 14:00:00+00:00,24.16,70.79,399.92,258.04,hPa,,
3SIMG_12SEP2026_1400_L2B_CTP_V01R00,3SIMG_L2B_CTP,weather,2026-09-12 14:00:00+00:00,24.15,71.17,324.95,248.93,hPa,,
3SIMG_12SEP2026_1400_L2B_CTP_V01R00,3SIMG_L2B_CTP,weather,2026-09-12 14:00:00+00:00,24.14,71.54,299.91,242.08,hPa,,
3SIMG_12SEP2026_1400_L2B_CTP_V01R00,3SIMG_L2B_CTP,weather,2026-09-12 14:00:00+00:00,24.14,71.91,224.82,221.08,hPa,,
3SIMG_12SEP2026_1400_L2B_CTP_V01R00,3SIMG_L2B_CTP,weather,2026-09-12 14:00:00+00:00,24.13,72.28,174.89,211.91,hPa,,
3SIMG_12SEP2026_1400_L2B_CTP_V01R00,3SIMG_L2B_CTP,weather,2026-09-12 14:00:00+00:00,24.13,72.65,224.86,223.15,hPa,,
3SIMG_12SEP2026_1400_L2B_CTP_V01R00,3SIMG_L2B_CTP,weather,2026-09-12 14:00:00+00:00,24.12,73.02,249.88,230.43,hPa,,
3SIMG_12SEP2026_1400_L2B_CTP_V01R00,3SIMG_L2B_CTP,weather,2026-09-12 14:00:00+00:00,24.12,73.38,249.86,229.53,hPa,,
3SIMG_12SEP2026_1400_L2B_CTP_V01R00,3SIMG_L2B_CTP,weather,2026-09-12 14:00:00+00:00,24.11,73.75,224.86,223.49,hPa,,
3SIMG_12SEP2026_1400_L2B_CTP_V01R00,3SIMG_L2B_CTP,weather,2026-09-12 14:00:00+00:00,24.11,74.11,249.94,233.91,hPa,,
3SIMG_12SEP2026_1400_L2B_CTP_V01R00,3SIMG_L2B_CTP,weather,2026-09-12 14:00:00+00:00,24.11,74.47,299.88,241.08,hPa,,
3SIMG_12SEP2026_1400_L2B_CTP_V01R00,3SIMG_L2B_CTP,weather,2026-09-12 14:00:00+00:00,24.1,74.85,374.9,254.15,hPa,,
3SIMG_12SEP2026_1400_L2B_CTP_V01R00,3SIMG_L2B_CTP,weather,2026-09-12 14:00:00+00:00,24.1,75.21,324.91,247.11,hPa,,
3SIMG_12SEP2026_1400_L2B_CTP_V01R00,3SIMG_L2B_CTP,weather,2026-09-12 14:00:00+00:00,24.09,75.58,524.93,270.53,hPa,,
3SIMG_12SEP2026_1400_L2B_CTP_V01R00,3SIMG_L2B_CTP,weather,2026-09-12 14:00:00+00:00,24.09,76.29,674.96,282.25,hPa,,
3SIMG_12SEP2026_1400_L2B_CTP_V01R00,3SIMG_L2B_CTP,weather,2026-09-12 14:00:00+00:00,24.08,76.67,624.96,279.16,hPa,,
3SIMG_12SEP2026_1400_L2B_CTP_V01R00,3SIMG_L2B_CTP,weather,2026-09-12 14:00:00+00:00,24.08,77.03,574.94,274.9,hPa,,
3SIMG_12SEP2026_1400_L2B_CTP_V01R00,3SIMG_L2B_CTP,weather,2026-09-12 14:00:00+00:00,24.08,77.39,324.9,246.18,hPa,,
3SIMG_12SEP2026_1400_L2B_CTP_V01R00,3SIMG_L2B_CTP,weather,2026-09-12 14:00:00+00:00,24.08,77.75,474.95,266.93,hPa,,
3SIMG_12SEP2026_1400_L2B_CTP_V01R00,3SIMG_L2B_CTP,weather,2026-09-12 14:00:00+00:00,24.07,78.84,324.93,248.03,hPa,,
3SIMG_12SEP2026_1400_L2B_CTP_V01R00,3SIMG_L2B_CTP,weather,2026-09-12 14:00:00+00:00,24.07,79.2,349.91,250.71,hPa,,
3SIMG_12SEP2026_1400_L2B_CTP_V01R00,3SIMG_L2B_CTP,weather,2026-09-12 14:00:00+00:00,24.07,79.56,324.93,247.91,hPa,,
3SIMG_12SEP2026_1400_L2B_CTP_V01R00,3SIMG_L2B_CTP,weather,2026-09-12 14:00:00+00:00,24.07,79.92,574.94,274.82,hPa,,
3SIMG_12SEP2026_1400_L2B_CTP_V01R00,3SIMG_L2B_CTP,weather,2026-09-12 14:00:00+00:00,24.07,80.28,424.96,262.88,hPa,,
3SIMG_12SEP2026_1400_L2B_CTP_V01R00,3SIMG_L2B_CTP,weather,2026-09-12 14:00:00+00:00,24.06,80.64,274.9,236.66,hPa,,
3SIMG_12SEP2026_1400_L2B_CTP_V01R00,3SIMG_L2B_CTP,weather,2026-09-12 14:00:00+00:00,24.06,81.0,199.86,216.7,hPa,,
3SIMG_12SEP2026_1400_L2B_CTP_V01R00,3SIMG_L2B_CTP,weather,2026-09-12 14:00:00+00:00,24.06,81.36,249.86,229.23,hPa,,
3SIMG_12SEP2026_1400_L2B_CTP_V01R00,3SIMG_L2B_CTP,weather,2026-09-12 14:00:00+00:00,24.06,81.72,274.89,235.85,hPa,,
3SIMG_12SEP2026_1400_L2B_CTP_V01R00,3SIMG_L2B_CTP,weather,2026-09-12 14:00:00+00:00,24.06,82.08,249.9,231.03,hPa,,
3SIMG_12SEP2026_1400_L2B_CTP_V01R00,3SIMG_L2B_CTP,weather,2026-09-12 14:00:00+00:00,24.06,82.44,549.96,274.49,hPa,,
3SIMG_12SEP2026_1400_L2B_CTP_V01R00,3SIMG_L2B_CTP,weather,2026-09-12 14:00:00+00:00,24.07,85.32,599.94,275.31,hPa,,
3SIMG_12SEP2026_1400_L2B_CTP_V01R00,3SIMG_L2B_CTP,weather,2026-09-12 14:00:00+00:00,24.07,85.69,599.97,276.86,hPa,,
3SIMG_12SEP2026_1400_L2B_CTP_V01R00,3SIMG_L2B_CTP,weather,2026-09-12 14:00:00+00:00,24.08,86.05,549.95,271.98,hPa,,
3SIMG_12SEP2026_1400_L2B_CTP_V01R00,3SIMG_L2B_CTP,weather,2026-09-12 14:00:00+00:00,24.08,86.41,549.97,273.16,hPa,,
3SIMG_12SEP2026_1400_L2B_CTP_V01R00,3SIMG_L2B_CTP,weather,2026-09-12 14:00:00+00:00,24.08,86.77,549.93,271.64,hPa,,
3SIMG_12SEP2026_1400_L2B_CTP_V01R00,3SIMG_L2B_CTP,weather,2026-09-12 14:00:00+00:00,24.08,87.13,649.96,280.1,hPa,,
3SIMG_12SEP2026_1400_L2B_CTP_V01R00,3SIMG_L2B_CTP,weather,2026-09-12 14:00:00+00:00,24.09,87.5,624.96,277.9,hPa,,
3SIMG_12SEP2026_1400_L2B_CTP_V01R00,3SIMG_L2B_CTP,weather,2026-09-12 14:00:00+00:00,24.09,87.86,549.96,272.58,hPa,,
3SIMG_12SEP2026_1400_L2B_CTP_V01R00,3SIMG_L2B_CTP,weather,2026-09-12 14:00:00+00:00,24.09,88.22,374.94,254.36,hPa,,
3SIMG_12SEP2026_1400_L2B_CTP_V01R00,3SIMG_L2B_CTP,weather,2026-09-12 14:00:00+00:00,24.1,88.59,449.97,264.56,hPa,,
3SIMG_12SEP2026_1400_L2B_CTP_V01R00,3SIMG_L2B_CTP,weather,2026-09-12 14:00:00+00:00,24.15,92.62,424.91,257.82,hPa,,
3SIMG_12SEP2026_1400_L2B_CTP_V01R00,3SIMG_L2B_CTP,weather,2026-09-12 14:00:00+00:00,24.15,93.0,399.93,256.01,hPa,,
3SIMG_12SEP2026_1400_L2B_CTP_V01R00,3SIMG_L2B_CTP,weather,2026-09-12 14:00:00+00:00,24.16,93.37,574.94,273.0,hPa,,
3SIMG_12SEP2026_1400_L2B_CTP_V01R00,3SIMG_L2B_CTP,weather,2026-09-12 14:00:00+00:00,24.17,93.74,599.98,276.61,hPa,,
3SIMG_12SEP2026_1400_L2B_CTP_V01R00,3SIMG_L2B_CTP,weather,2026-09-12 14:00:00+00:00,24.17,94.11,524.93,267.82,hPa,,
3SIMG_12SEP2026_1400_L2B_CTP_V01R00,3SIMG_L2B_CTP,weather,2026-09-12 14:00:00+00:00,23.83,68.22,725.0,286.82,hPa,,
3SIMG_12SEP2026_1400_L2B_CTP_V01R00,3SIMG_L2B_CTP,weather,2026-09-12 14:00:00+00:00,23.81,68.97,624.97,279.0,hPa,,
3SIMG_12SEP2026_1400_L2B_CTP_V01R00,3SIMG_L2B_CTP,weather,2026-09-12 14:00:00+00:00,23.81,69.35,649.98,279.86,hPa,,
3SIMG_12SEP2026_1400_L2B_CTP_V01R00,3SIMG_L2B_CTP,weather,2026-09-12 14:00:00+00:00,23.8,69.72,474.95,266.93,hPa,,
3SIMG_12SEP2026_1400_L2B_CTP_V01R00,3SIMG_L2B_CTP,weather,2026-09-12 14:00:00+00:00,23.79,70.09,399.95,259.62,hPa,,
3SIMG_12SEP2026_1400_L2B_CTP_V01R00,3SIMG_L2B_CTP,weather,2026-09-12 14:00:00+00:00,23.79,70.47,349.91,251.15,hPa,,
3SIMG_12SEP2026_1400_L2B_CTP_V01R00,3SIMG_L2B_CTP,weather,2026-09-12 14:00:00+00:00,23.78,70.84,299.91,242.58,hPa,,
3SIMG_12SEP2026_1400_L2B_CTP_V01R00,3SIMG_L2B_CTP,weather,2026-09-12 14:00:00+00:00,23.77,71.21,299.94,243.8,hPa,,
3SIMG_12SEP2026_1400_L2B_CTP_V01R00,3SIMG_L2B_CTP,weather,2026-09-12 14:00:00+00:00,23.77,71.58,374.94,255.4,hPa,,
3SIMG_12SEP2026_1400_L2B_CTP_V01R00,3SIMG_L2B_CTP,weather,2026-09-12 14:00:00+00:00,23.76,71.93,224.92,226.43,hPa,,
3SIMG_12SEP2026_1400_L2B_CTP_V01R00,3SIMG_L2B_CTP,weather,2026-09-12 14:00:00+00:00,23.76,72.31,199.81,213.56,hPa,,
3SIMG_12SEP2026_1400_L2B_CTP_V01R00,3SIMG_L2B_CTP,weather,2026-09-12 14:00:00+00:00,23.75,72.68,199.81,213.96,hPa,,
3SIMG_12SEP2026_1400_L2B_CTP_V01R00,3SIMG_L2B_CTP,weather,2026-09-12 14:00:00+00:00,23.75,73.04,249.88,230.43,hPa,,
3SIMG_12SEP2026_1400_L2B_CTP_V01R00,3SIMG_L2B_CTP,weather,2026-09-12 14:00:00+00:00,23.74,73.41,299.91,243.31,hPa,,
3SIMG_12SEP2026_1400_L2B_CTP_V01R00,3SIMG_L2B_CTP,weather,2026-09-12 14:00:00+00:00,23.74,73.78,324.89,246.18,hPa,,
3SIMG_12SEP2026_1400_L2B_CTP_V01R00,3SIMG_L2B_CTP,weather,2026-09-12 14:00:00+00:00,23.73,74.14,324.92,247.8,hPa,,
3SIMG_12SEP2026_1400_L2B_CTP_V01R00,3SIMG_L2B_CTP,weather,2026-09-12 14:00:00+00:00,23.73,74.51,349.96,253.73,hPa,,
3SIMG_12SEP2026_1400_L2B_CTP_V01R00,3SIMG_L2B_CTP,weather,2026-09-12 14:00:00+00:00,23.73,74.86,324.91,247.11,hPa,,
3SIMG_12SEP2026_1400_L2B_CTP_V01R00,3SIMG_L2B_CTP,weather,2026-09-12 14:00:00+00:00,23.72,75.22,224.86,223.82,hPa,,
3SIMG_12SEP2026_1400_L2B_CTP_V01R00,3SIMG_L2B_CTP,weather,2026-09-12 14:00:00+00:00,23.72,75.6,524.95,270.96,hPa,,
3SIMG_12SEP2026_1400_L2B_CTP_V01R00,3SIMG_L2B_CTP,weather,2026-09-12 14:00:00+00:00,23.72,75.96,449.93,264.01,hPa,,
3SIMG_12SEP2026_1400_L2B_CTP_V01R00,3SIMG_L2B_CTP,weather,2026-09-12 14:00:00+00:00,23.71,76.32,499.97,270.27,hPa,,
3SIMG_12SEP2026_1400_L2B_CTP_V01R00,3SIMG_L2B_CTP,weather,2026-09-12 14:00:00+00:00,23.71,76.68,299.9,242.08,hPa,,
3SIMG_12SEP2026_1400_L2B_CTP_V01R00,3SIMG_L2B_CTP,weather,2026-09-12 14:00:00+00:00,23.71,77.04,449.95,264.56,hPa,,
3SIMG_12SEP2026_1400_L2B_CTP_V01R00,3SIMG_L2B_CTP,weather,2026-09-12 14:00:00+00:00,23.7,78.85,449.92,263.82,hPa,,
3SIMG_12SEP2026_1400_L2B_CTP_V01R00,3SIMG_L2B_CTP,weather,2026-09-12 14:00:00+00:00,23.69,79.21,524.97,272.2,hPa,,
3SIMG_12SEP2026_1400_L2B_CTP_V01R00,3SIMG_L2B_CTP,weather,2026-09-12 14:00:00+00:00,23.69,79.93,624.95,278.85,hPa,,
3SIMG_12SEP2026_1400_L2B_CTP_V01R00,3SIMG_L2B_CTP,weather,2026-09-12 14:00:00+00:00,23.69,80.28,599.97,278.37,hPa,,
3SIMG_12SEP2026_1400_L2B_CTP_V01R00,3SIMG_L2B_CTP,weather,2026-09-12 14:00:00+00:00,23.69,80.64,474.96,267.82,hPa,,
3SIMG_12SEP2026_1400_L2B_CTP_V01R00,3SIMG_L2B_CTP,weather,2026-09-12 14:00:00+00:00,23.69,81.0,524.97,272.74,hPa,,
3SIMG_12SEP2026_1400_L2B_CTP_V01R00,3SIMG_L2B_CTP,weather,2026-09-12 14:00:00+00:00,23.69,81.36,599.95,277.26,hPa,,
3SIMG_12SEP2026_1400_L2B_CTP_V01R00,3SIMG_L2B_CTP,weather,2026-09-12 14:00:00+00:00,23.69,81.72,399.93,258.44,hPa,,
3SIMG_12SEP2026_1400_L2B_CTP_V01R00,3SIMG_L2B_CTP,weather,2026-09-12 14:00:00+00:00,23.69,82.08,324.89,245.24,hPa,,
3SIMG_12SEP2026_1400_L2B_CTP_V01R00,3SIMG_L2B_CTP,weather,2026-09-12 14:00:00+00:00,23.69,82.44,524.93,270.79,hPa,,
3SIMG_12SEP2026_1400_L2B_CTP_V01R00,3SIMG_L2B_CTP,weather,2026-09-12 14:00:00+00:00,23.69,84.95,624.95,278.06,hPa,,
3SIMG_12SEP2026_1400_L2B_CTP_V01R00,3SIMG_L2B_CTP,weather,2026-09-12 14:00:00+00:00,23.7,85.31,599.96,276.45,hPa,,
3SIMG_12SEP2026_1400_L2B_CTP_V01R00,3SIMG_L2B_CTP,weather,2026-09-12 14:00:00+00:00,23.7,85.67,424.96,262.32,hPa,,
3SIMG_12SEP2026_1400_L2B_CTP_V01R00,3SIMG_L2B_CTP,weather,2026-09-12 14:00:00+00:00,23.7,86.03,524.93,269.84,hPa,,
3SIMG_12SEP2026_1400_L2B_CTP_V01R00,3SIMG_L2B_CTP,weather,2026-09-12 14:00:00+00:00,23.7,86.39,624.97,278.84,hPa,,
3SIMG_12SEP2026_1400_L2B_CTP_V01R00,3SIMG_L2B_CTP,weather,2026-09-12 14:00:00+00:00,23.71,87.48,574.97,274.66,hPa,,
3SIMG_12SEP2026_1400_L2B_CTP_V01R00,3SIMG_L2B_CTP,weather,2026-09-12 14:00:00+00:00,23.71,87.84,549.96,272.58,hPa,,
3SIMG_12SEP2026_1400_L2B_CTP_V01R00,3SIMG_L2B_CTP,weather,2026-09-12 14:00:00+00:00,23.72,88.2,499.97,269.05,hPa,,
3SIMG_12SEP2026_1400_L2B_CTP_V01R00,3SIMG_L2B_CTP,weather,2026-09-12 14:00:00+00:00,23.72,88.56,274.88,234.05,hPa,,
3SIMG_12SEP2026_1400_L2B_CTP_V01R00,3SIMG_L2B_CTP,weather,2026-09-12 14:00:00+00:00,23.77,92.59,524.97,270.01,hPa,,
3SIMG_12SEP2026_1400_L2B_CTP_V01R00,3SIMG_L2B_CTP,weather,2026-09-12 14:00:00+00:00,23.78,92.96,549.95,271.73,hPa,,
3SIMG_12SEP2026_1400_L2B_CTP_V01R00,3SIMG_L2B_CTP,weather,2026-09-12 14:00:00+00:00,23.78,93.33,524.93,267.82,hPa,,
3SIMG_12SEP2026_1400_L2B_CTP_V01R00,3SIMG_L2B_CTP,weather,2026-09-12 14:00:00+00:00,23.44,68.64,624.97,278.29,hPa,,
3SIMG_12SEP2026_1400_L2B_CTP_V01R00,3SIMG_L2B_CTP,weather,2026-09-12 14:00:00+00:00,23.44,69.02,624.97,278.53,hPa,,
3SIMG_12SEP2026_1400_L2B_CTP_V01R00,3SIMG_L2B_CTP,weather,2026-09-12 14:00:00+00:00,23.43,69.39,549.98,273.66,hPa,,
3SIMG_12SEP2026_1400_L2B_CTP_V01R00,3SIMG_L2B_CTP,weather,2026-09-12 14:00:00+00:00,23.42,69.76,449.92,263.63,hPa,,
3SIMG_12SEP2026_1400_L2B_CTP_V01R00,3SIMG_L2B_CTP,weather,2026-09-12 14:00:00+00:00,23.42,70.13,374.9,253.73,hPa,,
3SIMG_12SEP2026_1400_L2B_CTP_V01R00,3SIMG_L2B_CTP,weather,2026-09-12 14:00:00+00:00,23.41,70.5,324.94,248.48,hPa,,
3SIMG_12SEP2026_1400_L2B_CTP_V01R00,3SIMG_L2B_CTP,weather,2026-09-12 14:00:00+00:00,23.4,70.86,274.9,237.2,hPa,,
3SIMG_12SEP2026_1400_L2B_CTP_V01R00,3SIMG_L2B_CTP,weather,2026-09-12 14:00:00+00:00,23.4,71.24,249.84,228.0,hPa,,
3SIMG_12SEP2026_1400_L2B_CTP_V01R00,3SIMG_L2B_CTP,weather,2026-09-12 14:00:00+00:00,23.39,71.61,324.89,245.47,hPa,,
3SIMG_12SEP2026_1400_L2B_CTP_V01R00,3SIMG_L2B_CTP,weather,2026-09-12 14:00:00+00:00,23.39,71.97,299.93,243.31,hPa,,
3SIMG_12SEP2026_1400_L2B_CTP_V01R00,3SIMG_L2B_CTP,weather,2026-09-12 14:00:00+00:00,23.38,72.34,224.85,222.47,hPa,,
3SIMG_12SEP2026_1400_L2B_CTP_V01R00,3SIMG_L2B_CTP,weather,2026-09-12 14:00:00+00:00,23.38,72.71,199.9,218.57,hPa,,
3SIMG_12SEP2026_1400_L2B_CTP_V01R00,3SIMG_L2B_CTP,weather,2026-09-12 14:00:00+00:00,23.37,73.08,224.9,225.46,hPa,,
3SIMG_12SEP2026_1400_L2B_CTP_V01R00,3SIMG_L2B_CTP,weather,2026-09-12 14:00:00+00:00,23.37,73.43,274.9,237.73,hPa,,
3SIMG_12SEP2026_1400_L2B_CTP_V01R00,3SIMG_L2B_CTP,weather,2026-09-12 14:00:00+00:00,23.36,73.79,324.89,246.41,hPa,,
3SIMG_12SEP2026_1400_L2B_CTP_V01R00,3SIMG_L2B_CTP,weather,2026-09-12 14:00:00+00:00,23.36,74.17,374.96,257.03,hPa,,
3SIMG_12SEP2026_1400_L2B_CTP_V01R00,3SIMG_L2B_CTP,weather,2026-09-12 14:00:00+00:00,23.36,74.53,374.89,253.94,hPa,,
3SIMG_12SEP2026_1400_L2B_CTP_V01R00,3SIMG_L2B_CTP,weather,2026-09-12 14:00:00+00:00,23.35,74.89,349.96,253.73,hPa,,
3SIMG_12SEP2026_1400_L2B_CTP_V01R00,3SIMG_L2B_CTP,weather,2026-09-12 14:00:00+00:00,23.35,75.25,499.93,268.0,hPa,,
3SIMG_12SEP2026_1400_L2B_CTP_V01R00,3SIMG_L2B_CTP,weather,2026-09-12 14:00:00+00:00,23.34,75.61,374.95,256.83,hPa,,
3SIMG_12SEP2026_1400_L2B_CTP_V01R00,3SIMG_L2B_CTP,weather,2026-09-12 14:00:00+00:00,23.34,75.97,374.91,254.57,hPa,,
3SIMG_12SEP2026_1400_L2B_CTP_V01R00,3SIMG_L2B_CTP,weather,2026-09-12 14:00:00+00:00,23.34,76.34,574.96,275.97,hPa,,
3SIMG_12SEP2026_1400_L2B_CTP_V01R00,3SIMG_L2B_CTP,weather,2026-09-12 14:00:00+00:00,23.34,76.7,499.93,268.17,hPa,,
3SIMG_12SEP2026_1400_L2B_CTP_V01R00,3SIMG_L2B_CTP,weather,2026-09-12 14:00:00+00:00,23.33,77.06,474.92,265.66,hPa,,
3SIMG_12SEP2026_1400_L2B_CTP_V01R00,3SIMG_L2B_CTP,weather,2026-09-12 14:00:00+00:00,23.33,77.78,649.95,280.1,hPa,,
3SIMG_12SEP2026_1400_L2B_CTP_V01R00,3SIMG_L2B_CTP,weather,2026-09-12 14:00:00+00:00,23.33,78.14,649.96,280.64,hPa,,
3SIMG_12SEP2026_1400_L2B_CTP_V01R00,3SIMG_L2B_CTP,weather,2026-09-12 14:00:00+00:00,23.32,78.5,624.97,279.4,hPa,,
3SIMG_12SEP2026_1400_L2B_CTP_V01R00,3SIMG_L2B_CTP,weather,2026-09-12 14:00:00+00:00,23.32,78.86,549.97,274.49,hPa,,
3SIMG_12SEP2026_1400_L2B_CTP_V01R00,3SIMG_L2B_CTP,weather,2026-09-12 14:00:00+00:00,23.32,79.22,549.96,273.83,hPa,,
3SIMG_12SEP2026_1400_L2B_CTP_V01R00,3SIMG_L2B_CTP,weather,2026-09-12 14:00:00+00:00,23.32,79.57,574.96,275.56,hPa,,
3SIMG_12SEP2026_1400_L2B_CTP_V01R00,3SIMG_L2B_CTP,weather,2026-09-12 14:00:00+00:00,23.32,79.93,599.95,277.26,hPa,,
3SIMG_12SEP2026_1400_L2B_CTP_V01R00,3SIMG_L2B_CTP,weather,2026-09-12 14:00:00+00:00,23.32,80.29,624.96,279.48,hPa,,
3SIMG_12SEP2026_1400_L2B_CTP_V01R00,3SIMG_L2B_CTP,weather,2026-09-12 14:00:00+00:00,23.32,80.65,600.0,279.42,hPa,,
3SIMG_12SEP2026_1400_L2B_CTP_V01R00,3SIMG_L2B_CTP,weather,2026-09-12 14:00:00+00:00,23.32,81.0,599.96,277.82,hPa,,
3SIMG_12SEP2026_1400_L2B_CTP_V01R00,3SIMG_L2B_CTP,weather,2026-09-12 14:00:00+00:00,23.32,81.36,599.98,278.37,hPa,,
3SIMG_12SEP2026_1400_L2B_CTP_V01R00,3SIMG_L2B_CTP,weather,2026-09-12 14:00:00+00:00,23.31,81.72,600.0,279.19,hPa,,
3SIMG_12SEP2026_1400_L2B_CTP_V01R00,3SIMG_L2B_CTP,weather,2026-09-12 14:00:00+00:00,23.32,83.87,599.95,277.02,hPa,,
3SIMG_12SEP2026_1400_L2B_CTP_V01R00,3SIMG_L2B_CTP,weather,2026-09-12 14:00:00+00:00,23.32,84.23,499.97,269.23,hPa,,
3SIMG_12SEP2026_1400_L2B_CTP_V01R00,3SIMG_L2B_CTP,weather,2026-09-12 14:00:00+00:00,23.32,84.59,549.93,272.32,hPa,,
3SIMG_12SEP2026_1400_L2B_CTP_V01R00,3SIMG_L2B_CTP,weather,2026-09-12 14:00:00+00:00,23.32,84.94,574.94,273.66,hPa,,
3SIMG_12SEP2026_1400_L2B_CTP_V01R00,3SIMG_L2B_CTP,weather,2026-09-12 14:00:00+00:00,23.32,85.3,524.96,270.96,hPa,,
3SIMG_12SEP2026_1400_L2B_CTP_V01R00,3SIMG_L2B_CTP,weather,2026-09-12 14:00:00+00:00,23.32,85.66,449.95,264.38,hPa,,
3SIMG_12SEP2026_1400_L2B_CTP_V01R00,3SIMG_L2B_CTP,weather,2026-09-12 14:00:00+00:00,23.33,86.02,624.94,277.5,hPa,,
3SIMG_12SEP2026_1400_L2B_CTP_V01R00,3SIMG_L2B_CTP,weather,2026-09-12 14:00:00+00:00,23.33,86.38,574.96,274.33,hPa,,
3SIMG_12SEP2026_1400_L2B_CTP_V01R00,3SIMG_L2B_CTP,weather,2026-09-12 14:00:00+00:00,23.33,86.74,574.94,273.58,hPa,,
3SIMG_12SEP2026_1400_L2B_CTP_V01R00,3SIMG_L2B_CTP,weather,2026-09-12 14:00:00+00:00,23.33,87.1,624.96,277.9,hPa,,
3SIMG_12SEP2026_1400_L2B_CTP_V01R00,3SIMG_L2B_CTP,weather,2026-09-12 14:00:00+00:00,23.34,87.46,599.97,276.29,hPa,,
3SIMG_12SEP2026_1400_L2B_CTP_V01R00,3SIMG_L2B_CTP,weather,2026-09-12 14:00:00+00:00,23.34,87.82,599.95,275.89,hPa,,
3SIMG_12SEP2026_1400_L2B_CTP_V01R00,3SIMG_L2B_CTP,weather,2026-09-12 14:00:00+00:00,23.34,88.18,399.93,257.03,hPa,,
3SIMG_12SEP2026_1400_L2B_CTP_V01R00,3SIMG_L2B_CTP,weather,2026-09-12 14:00:00+00:00,23.35,88.54,499.96,268.17,hPa,,
3SIMG_12SEP2026_1400_L2B_CTP_V01R00,3SIMG_L2B_CTP,weather,2026-09-12 14:00:00+00:00,23.4,92.55,574.96,273.49,hPa,,
3SIMG_12SEP2026_1400_L2B_CTP_V01R00,3SIMG_L2B_CTP,weather,2026-09-12 14:00:00+00:00,23.4,92.92,549.94,270.53,hPa,,
3SIMG_12SEP2026_1400_L2B_CTP_V01R00,3SIMG_L2B_CTP,weather,2026-09-12 14:00:00+00:00,23.41,93.29,449.94,260.59,hPa,,
3SIMG_12SEP2026_1400_L2B_CTP_V01R00,3SIMG_L2B_CTP,weather,2026-09-12 14:00:00+00:00,23.06,69.06,599.95,275.8,hPa,,
3SIMG_12SEP2026_1400_L2B_CTP_V01R00,3SIMG_L2B_CTP,weather,2026-09-12 14:00:00+00:00,23.06,69.43,449.96,265.11,hPa,,
3SIMG_12SEP2026_1400_L2B_CTP_V01R00,3SIMG_L2B_CTP,weather,2026-09-12 14:00:00+00:00,23.05,69.79,424.92,260.98,hPa,,
3SIMG_12SEP2026_1400_L2B_CTP_V01R00,3SIMG_L2B_CTP,weather,2026-09-12 14:00:00+00:00,23.04,70.17,324.92,247.11,hPa,,
3SIMG_12SEP2026_1400_L2B_CTP_V01R00,3SIMG_L2B_CTP,weather,2026-09-12 14:00:00+00:00,23.04,70.54,274.9,236.66,hPa,,
3SIMG_12SEP2026_1400_L2B_CTP_V01R00,3SIMG_L2B_CTP,weather,2026-09-12 14:00:00+00:00,23.03,70.91,249.89,230.73,hPa,,
3SIMG_12SEP2026_1400_L2B_CTP_V01R00,3SIMG_L2B_CTP,weather,2026-09-12 14:00:00+00:00,23.02,71.28,224.86,223.15,hPa,,
3SIMG_12SEP2026_1400_L2B_CTP_V01R00,3SIMG_L2B_CTP,weather,2026-09-12 14:00:00+00:00,23.02,71.64,199.91,219.3,hPa,,
3SIMG_12SEP2026_1400_L2B_CTP_V01R00,3SIMG_L2B_CTP,weather,2026-09-12 14:00:00+00:00,23.01,72.01,174.81,207.98,hPa,,
3SIMG_12SEP2026_1400_L2B_CTP_V01R00,3SIMG_L2B_CTP,weather,2026-09-12 14:00:00+00:00,23.01,72.38,174.75,205.17,hPa,,
3SIMG_12SEP2026_1400_L2B_CTP_V01R00,3SIMG_L2B_CTP,weather,2026-09-12 14:00:00+00:00,23.0,72.74,174.88,210.63,hPa,,
3SIMG_12SEP2026_1400_L2B_CTP_V01R00,3SIMG_L2B_CTP,weather,2026-09-12 14:00:00+00:00,23.0,73.1,224.84,221.43,hPa,,
3SIMG_12SEP2026_1400_L2B_CTP_V01R00,3SIMG_L2B_CTP,weather,2026-09-12 14:00:00+00:00,22.99,73.47,199.87,217.08,hPa,,
3SIMG_12SEP2026_1400_L2B_CTP_V01R00,3SIMG_L2B_CTP,weather,2026-09-12 14:00:00+00:00,22.99,73.83,224.85,222.81,hPa,,
3SIMG_12SEP2026_1400_L2B_CTP_V01R00,3SIMG_L2B_CTP,weather,2026-09-12 14:00:00+00:00,22.99,74.18,349.89,250.27,hPa,,
3SIMG_12SEP2026_1400_L2B_CTP_V01R00,3SIMG_L2B_CTP,weather,2026-09-12 14:00:00+00:00,22.98,74.56,249.86,229.53,hPa,,
3SIMG_12SEP2026_1400_L2B_CTP_V01R00,3SIMG_L2B_CTP,weather,2026-09-12 14:00:00+00:00,22.98,74.92,199.84,215.54,hPa,,
3SIMG_12SEP2026_1400_L2B_CTP_V01R00,3SIMG_L2B_CTP,weather,2026-09-12 14:00:00+00:00,22.98,75.28,274.86,235.02,hPa,,
3SIMG_12SEP2026_1400_L2B_CTP_V01R00,3SIMG_L2B_CTP,weather,2026-09-12 14:00:00+00:00,22.97,75.64,199.86,217.08,hPa,,
3SIMG_12SEP2026_1400_L2B_CTP_V01R00,3SIMG_L2B_CTP,weather,2026-09-12 14:00:00+00:00,22.97,76.0,324.91,246.88,hPa,,
3SIMG_12SEP2026_1400_L2B_CTP_V01R00,3SIMG_L2B_CTP,weather,2026-09-12 14:00:00+00:00,22.97,76.36,574.98,276.29,hPa,,
3SIMG_12SEP2026_1400_L2B_CTP_V01R00,3SIMG_L2B_CTP,weather,2026-09-12 14:00:00+00:00,22.96,76.72,499.93,268.0,hPa,,
3SIMG_12SEP2026_1400_L2B_CTP_V01R00,3SIMG_L2B_CTP,weather,2026-09-12 14:00:00+00:00,22.96,77.08,575.0,277.86,hPa,,
3SIMG_12SEP2026_1400_L2B_CTP_V01R00,3SIMG_L2B_CTP,weather,2026-09-12 14:00:00+00:00,22.96,77.43,575.0,277.4,hPa,,
3SIMG_12SEP2026_1400_L2B_CTP_V01R00,3SIMG_L2B_CTP,weather,2026-09-12 14:00:00+00:00,22.96,77.79,449.92,263.63,hPa,,
3SIMG_12SEP2026_1400_L2B_CTP_V01R00,3SIMG_L2B_CTP,weather,2026-09-12 14:00:00+00:00,22.95,78.15,549.97,274.66,hPa,,
3SIMG_12SEP2026_1400_L2B_CTP_V01R00,3SIMG_L2B_CTP,weather,2026-09-12 14:00:00+00:00,22.95,78.5,624.96,278.85,hPa,,
3SIMG_12SEP2026_1400_L2B_CTP_V01R00,3SIMG_L2B_CTP,weather,2026-09-12 14:00:00+00:00,22.95,78.86,574.97,276.13,hPa,,
3SIMG_12SEP2026_1400_L2B_CTP_V01R00,3SIMG_L2B_CTP,weather,2026-09-12 14:00:00+00:00,22.95,79.22,474.93,266.57,hPa,,
3SIMG_12SEP2026_1400_L2B_CTP_V01R00,3SIMG_L2B_CTP,weather,2026-09-12 14:00:00+00:00,22.95,79.58,550.0,276.01,hPa,,
3SIMG_12SEP2026_1400_L2B_CTP_V01R00,3SIMG_L2B_CTP,weather,2026-09-12 14:00:00+00:00,22.95,79.93,574.96,276.45,hPa,,
3SIMG_12SEP2026_1400_L2B_CTP_V01R00,3SIMG_L2B_CTP,weather,2026-09-12 14:00:00+00:00,22.95,80.29,624.95,279.0,hPa,,
3SIMG_12SEP2026_1400_L2B_CTP_V01R00,3SIMG_L2B_CTP,weather,2026-09-12 14:00:00+00:00,22.94,80.65,599.97,278.21,hPa,,
3SIMG_12SEP2026_1400_L2B_CTP_V01R00,3SIMG_L2B_CTP,weather,2026-09-12 14:00:00+00:00,22.94,81.36,574.94,275.15,hPa,,
3SIMG_12SEP2026_1400_L2B_CTP_V01R00,3SIMG_L2B_CTP,weather,2026-09-12 14:00:00+00:00,22.94,81.72,574.98,276.86,hPa,,
3SIMG_12SEP2026_1400_L2B_CTP_V01R00,3SIMG_L2B_CTP,weather,2026-09-12 14:00:00+00:00,22.94,82.08,599.98,278.77,hPa,,
3SIMG_12SEP2026_1400_L2B_CTP_V01R00,3SIMG_L2B_CTP,weather,2026-09-12 14:00:00+00:00,22.94,83.51,599.94,277.26,hPa,,
3SIMG_12SEP2026_1400_L2B_CTP_V01R00,3SIMG_L2B_CTP,weather,2026-09-12 14:00:00+00:00,22.95,83.86,574.96,276.29,hPa,,
3SIMG_12SEP2026_1400_L2B_CTP_V01R00,3SIMG_L2B_CTP,weather,2026-09-12 14:00:00+00:00,22.95,84.22,449.91,262.32,hPa,,
3SIMG_12SEP2026_1400_L2B_CTP_V01R00,3SIMG_L2B_CTP,weather,2026-09-12 14:00:00+00:00,22.95,84.58,424.91,259.82,hPa,,
3SIMG_12SEP2026_1400_L2B_CTP_V01R00,3SIMG_L2B_CTP,weather,2026-09-12 14:00:00+00:00,22.95,84.93,474.94,266.39,hPa,,
3SIMG_12SEP2026_1400_L2B_CTP_V01R00,3SIMG_L2B_CTP,weather,2026-09-12 14:00:00+00:00,22.95,85.29,524.95,270.45,hPa,,
3SIMG_12SEP2026_1400_L2B_CTP_V01R00,3SIMG_L2B_CTP,weather,2026-09-12 14:00:00+00:00,22.95,85.65,574.96,274.74,hPa,,
3SIMG_12SEP2026_1400_L2B_CTP_V01R00,3SIMG_L2B_CTP,weather,2026-09-12 14:00:00+00:00,22.95,86.01,574.94,273.16,hPa,,
3SIMG_12SEP2026_1400_L2B_CTP_V01R00,3SIMG_L2B_CTP,weather,2026-09-12 14:00:00+00:00,22.96,86.37,549.94,271.39,hPa,,
3SIMG_12SEP2026_1400_L2B_CTP_V01R00,3SIMG_L2B_CTP,weather,2026-09-12 14:00:00+00:00,22.96,86.72,574.94,273.25,hPa,,
3SIMG_12SEP2026_1400_L2B_CTP_V01R00,3SIMG_L2B_CTP,weather,2026-09-12 14:00:00+00:00,22.96,87.08,524.94,269.58,hPa,,
3SIMG_12SEP2026_1400_L2B_CTP_V01R00,3SIMG_L2B_CTP,weather,2026-09-12 14:00:00+00:00,22.96,87.44,599.96,276.05,hPa,,
3SIMG_12SEP2026_1400_L2B_CTP_V01R00,3SIMG_L2B_CTP,weather,2026-09-12 14:00:00+00:00,22.97,87.8,499.95,268.17,hPa,,
3SIMG_12SEP2026_1400_L2B_CTP_V01R00,3SIMG_L2B_CTP,weather,2026-09-12 14:00:00+00:00,22.97,88.16,449.96,264.01,hPa,,
3SIMG_12SEP2026_1400_L2B_CTP_V01R00,3SIMG_L2B_CTP,weather,2026-09-12 14:00:00+00:00,22.97,88.52,649.97,280.57,hPa,,
3SIMG_12SEP2026_1400_L2B_CTP_V01R00,3SIMG_L2B_CTP,weather,2026-09-12 14:00:00+00:00,23.02,92.52,599.96,275.48,hPa,,
3SIMG_12SEP2026_1400_L2B_CTP_V01R00,3SIMG_L2B_CTP,weather,2026-09-12 14:00:00+00:00,23.03,92.89,474.96,264.56,hPa,,
3SIMG_12SEP2026_1400_L2B_CTP_V01R00,3SIMG_L2B_CTP,weather,2026-09-12 14:00:00+00:00,23.03,93.25,474.96,263.82,hPa,,
3SIMG_12SEP2026_1400_L2B_CTP_V01R00,3SIMG_L2B_CTP,weather,2026-09-12 14:00:00+00:00,22.66,70.58,274.88,235.85,hPa,,
3SIMG_12SEP2026_1400_L2B_CTP_V01R00,3SIMG_L2B_CTP,weather,2026-09-12 14:00:00+00:00,22.66,70.95,249.85,228.62,hPa,,
3SIMG_12SEP2026_1400_L2B_CTP_V01R00,3SIMG_L2B_CTP,weather,2026-09-12 14:00:00+00:00,22.65,71.31,224.84,221.78,hPa,,
3SIMG_12SEP2026_1400_L2B_CTP_V01R00,3SIMG_L2B_CTP,weather,2026-09-12 14:00:00+00:00,22.65,71.68,199.81,214.36,hPa,,
3SIMG_12SEP2026_1400_L2B_CTP_V01R00,3SIMG_L2B_CTP,weather,2026-09-12 14:00:00+00:00,22.64,72.04,149.9,204.68,hPa,,
3SIMG_12SEP2026_1400_L2B_CTP_V01R00,3SIMG_L2B_CTP,weather,2026-09-12 14:00:00+00:00,22.64,72.41,149.78,201.12,hPa,,
3SIMG_12SEP2026_1400_L2B_CTP_V01R00,3SIMG_L2B_CTP,weather,2026-09-12 14:00:00+00:00,22.63,72.77,149.76,200.05,hPa,,
3SIMG_12SEP2026_1400_L2B_CTP_V01R00,3SIMG_L2B_CTP,weather,2026-09-12 14:00:00+00:00,22.63,73.13,199.93,220.38,hPa,,
3SIMG_12SEP2026_1400_L2B_CTP_V01R00,3SIMG_L2B_CTP,weather,2026-09-12 14:00:00+00:00,22.62,73.5,199.91,218.94,hPa,,
3SIMG_12SEP2026_1400_L2B_CTP_V01R00,3SIMG_L2B_CTP,weather,2026-09-12 14:00:00+00:00,22.62,73.86,199.93,220.38,hPa,,
3SIMG_12SEP2026_1400_L2B_CTP_V01R00,3SIMG_L2B_CTP,weather,2026-09-12 14:00:00+00:00,22.62,74.22,299.89,241.84,hPa,,
3SIMG_12SEP2026_1400_L2B_CTP_V01R00,3SIMG_L2B_CTP,weather,2026-09-12 14:00:00+00:00,22.61,74.58,274.87,235.57,hPa,,
3SIMG_12SEP2026_1400_L2B_CTP_V01R00,3SIMG_L2B_CTP,weather,2026-09-12 14:00:00+00:00,22.61,74.93,199.79,212.74,hPa,,
3SIMG_12SEP2026_1400_L2B_CTP_V01R00,3SIMG_L2B_CTP,weather,2026-09-12 14:00:00+00:00,22.6,75.29,174.82,207.52,hPa,,
3SIMG_12SEP2026_1400_L2B_CTP_V01R00,3SIMG_L2B_CTP,weather,2026-09-12 14:00:00+00:00,22.6,75.66,174.85,209.33,hPa,,
3SIMG_12SEP2026_1400_L2B_CTP_V01R00,3SIMG_L2B_CTP,weather,2026-09-12 14:00:00+00:00,22.6,76.02,224.91,226.11,hPa,,
3SIMG_12SEP2026_1400_L2B_CTP_V01R00,3SIMG_L2B_CTP,weather,2026-09-12 14:00:00+00:00,22.59,76.38,549.93,272.66,hPa,,
3SIMG_12SEP2026_1400_L2B_CTP_V01R00,3SIMG_L2B_CTP,weather,2026-09-12 14:00:00+00:00,22.59,76.72,574.96,275.48,hPa,,
3SIMG_12SEP2026_1400_L2B_CTP_V01R00,3SIMG_L2B_CTP,weather,2026-09-12 14:00:00+00:00,22.59,77.09,574.96,275.8,hPa,,
3SIMG_12SEP2026_1400_L2B_CTP_V01R00,3SIMG_L2B_CTP,weather,2026-09-12 14:00:00+00:00,22.59,77.45,524.94,271.47,hPa,,
3SIMG_12SEP2026_1400_L2B_CTP_V01R00,3SIMG_L2B_CTP,weather,2026-09-12 14:00:00+00:00,22.59,77.81,499.94,269.23,hPa,,
3SIMG_12SEP2026_1400_L2B_CTP_V01R00,3SIMG_L2B_CTP,weather,2026-09-12 14:00:00+00:00,22.58,78.16,499.97,270.62,hPa,,
3SIMG_12SEP2026_1400_L2B_CTP_V01R00,3SIMG_L2B_CTP,weather,2026-09-12 14:00:00+00:00,22.58,78.52,599.97,277.74,hPa,,
3SIMG_12SEP2026_1400_L2B_CTP_V01R00,3SIMG_L2B_CTP,weather,2026-09-12 14:00:00+00:00,22.58,78.88,574.94,275.31,hPa,,
3SIMG_12SEP2026_1400_L2B_CTP_V01R00,3SIMG_L2B_CTP,weather,2026-09-12 14:00:00+00:00,22.58,79.22,599.96,277.58,hPa,,
3SIMG_12SEP2026_1400_L2B_CTP_V01R00,3SIMG_L2B_CTP,weather,2026-09-12 14:00:00+00:00,22.58,79.59,600.0,279.47,hPa,,
3SIMG_12SEP2026_1400_L2B_CTP_V01R00,3SIMG_L2B_CTP,weather,2026-09-12 14:00:00+00:00,22.58,79.95,499.95,269.75,hPa,,
3SIMG_12SEP2026_1400_L2B_CTP_V01R00,3SIMG_L2B_CTP,weather,2026-09-12 14:00:00+00:00,22.57,80.29,374.93,255.4,hPa,,
3SIMG_12SEP2026_1400_L2B_CTP_V01R00,3SIMG_L2B_CTP,weather,2026-09-12 14:00:00+00:00,22.57,80.66,374.96,256.83,hPa,,
3SIMG_12SEP2026_1400_L2B_CTP_V01R00,3SIMG_L2B_CTP,weather,2026-09-12 14:00:00+00:00,22.57,81.0,449.91,263.35,hPa,,
3SIMG_12SEP2026_1400_L2B_CTP_V01R00,3SIMG_L2B_CTP,weather,2026-09-12 14:00:00+00:00,22.57,81.36,524.94,271.47,hPa,,
3SIMG_12SEP2026_1400_L2B_CTP_V01R00,3SIMG_L2B_CTP,weather,2026-09-12 14:00:00+00:00,22.57,81.72,599.94,276.94,hPa,,
3SIMG_12SEP2026_1400_L2B_CTP_V01R00,3SIMG_L2B_CTP,weather,2026-09-12 14:00:00+00:00,22.57,82.08,574.94,275.15,hPa,,
3SIMG_12SEP2026_1400_L2B_CTP_V01R00,3SIMG_L2B_CTP,weather,2026-09-12 14:00:00+00:00,22.57,82.43,549.94,273.66,hPa,,
3SIMG_12SEP2026_1400_L2B_CTP_V01R00,3SIMG_L2B_CTP,weather,2026-09-12 14:00:00+00:00,22.57,82.79,599.95,276.86,hPa,,
3SIMG_12SEP2026_1400_L2B_CTP_V01R00,3SIMG_L2B_CTP,weather,2026-09-12 14:00:00+00:00,22.57,83.15,624.96,279.0,hPa,,
3SIMG_12SEP2026_1400_L2B_CTP_V01R00,3SIMG_L2B_CTP,weather,2026-09-12 14:00:00+00:00,22.57,83.5,599.97,277.42,hPa,,
3SIMG_12SEP2026_1400_L2B_CTP_V01R00,3SIMG_L2B_CTP,weather,2026-09-12 14:00:00+00:00,22.58,83.86,574.97,276.13,hPa,,
3SIMG_12SEP2026_1400_L2B_CTP_V01R00,3SIMG_L2B_CTP,weather,2026-09-12 14:00:00+00:00,22.58,84.21,399.92,257.44,hPa,,
3SIMG_12SEP2026_1400_L2B_CTP_V01R00,3SIMG_L2B_CTP,weather,2026-09-12 14:00:00+00:00,22.58,84.57,399.91,256.63,hPa,,
3SIMG_12SEP2026_1400_L2B_CTP_V01R00,3SIMG_L2B_CTP,weather,2026-09-12 14:00:00+00:00,22.58,84.93,449.95,264.47,hPa,,
3SIMG_12SEP2026_1400_L2B_CTP_V01R00,3SIMG_L2B_CTP,weather,2026-09-12 14:00:00+00:00,22.58,85.28,624.94,277.42,hPa,,
3SIMG_12SEP2026_1400_L2B_CTP_V01R00,3SIMG_L2B_CTP,weather,2026-09-12 14:00:00+00:00,22.58,85.64,525.0,272.04,hPa,,
3SIMG_12SEP2026_1400_L2B_CTP_V01R00,3SIMG_L2B_CTP,weather,2026-09-12 14:00:00+00:00,22.58,85.99,424.92,260.21,hPa,,
3SIMG_12SEP2026_1400_L2B_CTP_V01R00,3SIMG_L2B_CTP,weather,2026-09-12 14:00:00+00:00,22.59,86.35,499.95,268.0,hPa,,
3SIMG_12SEP2026_1400_L2B_CTP_V01R00,3SIMG_L2B_CTP,weather,2026-09-12 14:00:00+00:00,22.59,86.71,624.96,278.13,hPa,,
3SIMG_12SEP2026_1400_L2B_CTP_V01R00,3SIMG_L2B_CTP,weather,2026-09-12 14:00:00+00:00,22.59,87.43,624.96,278.21,hPa,,
3SIMG_12SEP2026_1400_L2B_CTP_V01R00,3SIMG_L2B_CTP,weather,2026-09-12 14:00:00+00:00,22.6,87.78,649.94,279.16,hPa,,
3SIMG_12SEP2026_1400_L2B_CTP_V01R00,3SIMG_L2B_CTP,weather,2026-09-12 14:00:00+00:00,22.6,88.14,649.96,279.94,hPa,,
3SIMG_12SEP2026_1400_L2B_CTP_V01R00,3SIMG_L2B_CTP,weather,2026-09-12 14:00:00+00:00,22.66,92.85,574.94,272.41,hPa,,
3SIMG_12SEP2026_1400_L2B_CTP_V01R00,3SIMG_L2B_CTP,weather,2026-09-12 14:00:00+00:00,22.32,69.14,474.97,267.64,hPa,,
3SIMG_12SEP2026_1400_L2B_CTP_V01R00,3SIMG_L2B_CTP,weather,2026-09-12 14:00:00+00:00,22.31,69.51,474.96,266.75,hPa,,
3SIMG_12SEP2026_1400_L2B_CTP_V01R00,3SIMG_L2B_CTP,weather,2026-09-12 14:00:00+00:00,22.31,69.88,374.94,255.6,hPa,,
3SIMG_12SEP2026_1400_L2B_CTP_V01R00,3SIMG_L2B_CTP,weather,2026-09-12 14:00:00+00:00,22.3,70.25,299.96,245.0,hPa,,
3SIMG_12SEP2026_1400_L2B_CTP_V01R00,3SIMG_L2B_CTP,weather,2026-09-12 14:00:00+00:00,22.29,70.61,274.86,234.47,hPa,,
3SIMG_12SEP2026_1400_L2B_CTP_V01R00,3SIMG_L2B_CTP,weather,2026-09-12 14:00:00+00:00,22.29,70.97,249.84,228.0,hPa,,
3SIMG_12SEP2026_1400_L2B_CTP_V01R00,3SIMG_L2B_CTP,weather,2026-09-12 14:00:00+00:00,22.28,71.35,199.89,218.57,hPa,,
3SIMG_12SEP2026_1400_L2B_CTP_V01R00,3SIMG_L2B_CTP,weather,2026-09-12 14:00:00+00:00,22.28,71.71,174.84,209.33,hPa,,
3SIMG_12SEP2026_1400_L2B_CTP_V01R00,3SIMG_L2B_CTP,weather,2026-09-12 14:00:00+00:00,22.27,72.07,149.83,202.17,hPa,,
3SIMG_12SEP2026_1400_L2B_CTP_V01R00,3SIMG_L2B_CTP,weather,2026-09-12 14:00:00+00:00,22.26,72.79,149.8,201.12,hPa,,
3SIMG_12SEP2026_1400_L2B_CTP_V01R00,3SIMG_L2B_CTP,weather,2026-09-12 14:00:00+00:00,22.26,73.16,174.9,211.91,hPa,,
3SIMG_12SEP2026_1400_L2B_CTP_V01R00,3SIMG_L2B_CTP,weather,2026-09-12 14:00:00+00:00,22.25,73.52,199.92,219.66,hPa,,
3SIMG_12SEP2026_1400_L2B_CTP_V01R00,3SIMG_L2B_CTP,weather,2026-09-12 14:00:00+00:00,22.25,73.88,224.92,227.06,hPa,,
3SIMG_12SEP2026_1400_L2B_CTP_V01R00,3SIMG_L2B_CTP,weather,2026-09-12 14:00:00+00:00,22.25,74.24,274.94,239.81,hPa,,
3SIMG_12SEP2026_1400_L2B_CTP_V01R00,3SIMG_L2B_CTP,weather,2026-09-12 14:00:00+00:00,22.24,74.6,274.89,236.66,hPa,,
3SIMG_12SEP2026_1400_L2B_CTP_V01R00,3SIMG_L2B_CTP,weather,2026-09-12 14:00:00+00:00,22.24,74.96,224.91,226.43,hPa,,
3SIMG_12SEP2026_1400_L2B_CTP_V01R00,3SIMG_L2B_CTP,weather,2026-09-12 14:00:00+00:00,22.23,75.32,199.88,217.46,hPa,,
3SIMG_12SEP2026_1400_L2B_CTP_V01R00,3SIMG_L2B_CTP,weather,2026-09-12 14:00:00+00:00,22.23,75.68,174.83,207.98,hPa,,
3SIMG_12SEP2026_1400_L2B_CTP_V01R00,3SIMG_L2B_CTP,weather,2026-09-12 14:00:00+00:00,22.23,76.04,174.88,211.06,hPa,,
3SIMG_12SEP2026_1400_L2B_CTP_V01R00,3SIMG_L2B_CTP,weather,2026-09-12 14:00:00+00:00,22.23,76.39,249.91,232.48,hPa,,
3SIMG_12SEP2026_1400_L2B_CTP_V01R00,3SIMG_L2B_CTP,weather,2026-09-12 14:00:00+00:00,22.22,76.75,549.96,273.58,hPa,,
3SIMG_12SEP2026_1400_L2B_CTP_V01R00,3SIMG_L2B_CTP,weather,2026-09-12 14:00:00+00:00,22.22,77.11,574.95,274.99,hPa,,
3SIMG_12SEP2026_1400_L2B_CTP_V01R00,3SIMG_L2B_CTP,weather,2026-09-12 14:00:00+00:00,22.22,77.46,449.92,263.82,hPa,,
3SIMG_12SEP2026_1400_L2B_CTP_V01R00,3SIMG_L2B_CTP,weather,2026-09-12 14:00:00+00:00,22.22,77.82,399.95,259.62,hPa,,
3SIMG_12SEP2026_1400_L2B_CTP_V01R00,3SIMG_L2B_CTP,weather,2026-09-12 14:00:00+00:00,22.21,78.18,474.96,268.0,hPa,,
3SIMG_12SEP2026_1400_L2B_CTP_V01R00,3SIMG_L2B_CTP,weather,2026-09-12 14:00:00+00:00,22.21,78.53,524.94,271.13,hPa,,
3SIMG_12SEP2026_1400_L2B_CTP_V01R00,3SIMG_L2B_CTP,weather,2026-09-12 14:00:00+00:00,22.21,78.89,549.97,274.58,hPa,,
3SIMG_12SEP2026_1400_L2B_CTP_V01R00,3SIMG_L2B_CTP,weather,2026-09-12 14:00:00+00:00,22.21,79.24,249.91,232.19,hPa,,
3SIMG_12SEP2026_1400_L2B_CTP_V01R00,3SIMG_L2B_CTP,weather,2026-09-12 14:00:00+00:00,22.21,79.6,299.95,244.76,hPa,,
3SIMG_12SEP2026_1400_L2B_CTP_V01R00,3SIMG_L2B_CTP,weather,2026-09-12 14:00:00+00:00,22.21,79.95,274.93,238.52,hPa,,
3SIMG_12SEP2026_1400_L2B_CTP_V01R00,3SIMG_L2B_CTP,weather,2026-09-12 14:00:00+00:00,22.21,80.31,199.88,217.46,hPa,,
3SIMG_12SEP2026_1400_L2B_CTP_V01R00,3SIMG_L2B_CTP,weather,2026-09-12 14:00:00+00:00,22.21,80.66,224.84,221.78,hPa,,
3SIMG_12SEP2026_1400_L2B_CTP_V01R00,3SIMG_L2B_CTP,weather,2026-09-12 14:00:00+00:00,22.2,81.02,324.91,247.11,hPa,,
3SIMG_12SEP2026_1400_L2B_CTP_V01R00,3SIMG_L2B_CTP,weather,2026-09-12 14:00:00+00:00,22.2,81.36,349.94,252.45,hPa,,
3SIMG_12SEP2026_1400_L2B_CTP_V01R00,3SIMG_L2B_CTP,weather,2026-09-12 14:00:00+00:00,22.2,81.72,449.93,263.63,hPa,,
3SIMG_12SEP2026_1400_L2B_CTP_V01R00,3SIMG_L2B_CTP,weather,2026-09-12 14:00:00+00:00,22.2,82.08,499.96,270.44,hPa,,
3SIMG_12SEP2026_1400_L2B_CTP_V01R00,3SIMG_L2B_CTP,weather,2026-09-12 14:00:00+00:00,22.2,82.43,524.94,271.13,hPa,,
3SIMG_12SEP2026_1400_L2B_CTP_V01R00,3SIMG_L2B_CTP,weather,2026-09-12 14:00:00+00:00,22.2,82.79,624.97,279.0,hPa,,
3SIMG_12SEP2026_1400_L2B_CTP_V01R00,3SIMG_L2B_CTP,weather,2026-09-12 14:00:00+00:00,22.2,83.14,624.96,278.45,hPa,,
3SIMG_12SEP2026_1400_L2B_CTP_V01R00,3SIMG_L2B_CTP,weather,2026-09-12 14:00:00+00:00,22.21,83.5,599.94,276.21,hPa,,
3SIMG_12SEP2026_1400_L2B_CTP_V01R00,3SIMG_L2B_CTP,weather,2026-09-12 14:00:00+00:00,22.21,83.85,549.97,273.83,hPa,,
3SIMG_12SEP2026_1400_L2B_CTP_V01R00,3SIMG_L2B_CTP,weather,2026-09-12 14:00:00+00:00,22.21,84.21,324.88,245.0,hPa,,
3SIMG_12SEP2026_1400_L2B_CTP_V01R00,3SIMG_L2B_CTP,weather,2026-09-12 14:00:00+00:00,22.21,84.56,324.95,248.25,hPa,,
3SIMG_12SEP2026_1400_L2B_CTP_V01R00,3SIMG_L2B_CTP,weather,2026-09-12 14:00:00+00:00,22.21,84.92,374.92,253.94,hPa,,
3SIMG_12SEP2026_1400_L2B_CTP_V01R00,3SIMG_L2B_CTP,weather,2026-09-12 14:00:00+00:00,22.21,85.27,599.98,277.66,hPa,,
3SIMG_12SEP2026_1400_L2B_CTP_V01R00,3SIMG_L2B_CTP,weather,2026-09-12 14:00:00+00:00,22.21,85.63,599.94,275.48,hPa,,
3SIMG_12SEP2026_1400_L2B_CTP_V01R00,3SIMG_L2B_CTP,weather,2026-09-12 14:00:00+00:00,22.21,85.98,474.95,266.02,hPa,,
3SIMG_12SEP2026_1400_L2B_CTP_V01R00,3SIMG_L2B_CTP,weather,2026-09-12 14:00:00+00:00,22.22,86.34,574.95,273.66,hPa,,
3SIMG_12SEP2026_1400_L2B_CTP_V01R00,3SIMG_L2B_CTP,weather,2026-09-12 14:00:00+00:00,22.23,87.77,624.95,277.42,hPa,,
3SIMG_12SEP2026_1400_L2B_CTP_V01R00,3SIMG_L2B_CTP,weather,2026-09-12 14:00:00+00:00,22.23,88.12,649.94,279.0,hPa,,
3SIMG_12SEP2026_1400_L2B_CTP_V01R00,3SIMG_L2B_CTP,weather,2026-09-12 14:00:00+00:00,22.23,88.48,649.96,280.1,hPa,,
3SIMG_12SEP2026_1400_L2B_CTP_V01R00,3SIMG_L2B_CTP,weather,2026-09-12 14:00:00+00:00,22.24,88.84,649.96,279.87,hPa,,
3SIMG_12SEP2026_1400_L2B_CTP_V01R00,3SIMG_L2B_CTP,weather,2026-09-12 14:00:00+00:00,22.28,92.82,624.94,276.13,hPa,,
3SIMG_12SEP2026_1400_L2B_CTP_V01R00,3SIMG_L2B_CTP,weather,2026-09-12 14:00:00+00:00,22.29,93.18,499.93,265.48,hPa,,
3SIMG_12SEP2026_1400_L2B_CTP_V01R00,3SIMG_L2B_CTP,weather,2026-09-12 14:00:00+00:00,21.94,69.54,449.93,263.82,hPa,,
3SIMG_12SEP2026_1400_L2B_CTP_V01R00,3SIMG_L2B_CTP,weather,2026-09-12 14:00:00+00:00,21.94,69.92,399.9,257.23,hPa,,
3SIMG_12SEP2026_1400_L2B_CTP_V01R00,3SIMG_L2B_CTP,weather,2026-09-12 14:00:00+00:00,21.93,70.28,324.9,246.18,hPa,,
3SIMG_12SEP2026_1400_L2B_CTP_V01R00,3SIMG_L2B_CTP,weather,2026-09-12 14:00:00+00:00,21.92,70.65,274.87,235.3,hPa,,
3SIMG_12SEP2026_1400_L2B_CTP_V01R00,3SIMG_L2B_CTP,weather,2026-09-12 14:00:00+00:00,21.92,71.01,224.89,224.81,hPa,,
3SIMG_12SEP2026_1400_L2B_CTP_V01R00,3SIMG_L2B_CTP,weather,2026-09-12 14:00:00+00:00,21.91,71.38,199.81,213.96,hPa,,
3SIMG_12SEP2026_1400_L2B_CTP_V01R00,3SIMG_L2B_CTP,weather,2026-09-12 14:00:00+00:00,21.91,71.74,174.82,207.98,hPa,,
3SIMG_12SEP2026_1400_L2B_CTP_V01R00,3SIMG_L2B_CTP,weather,2026-09-12 14:00:00+00:00,21.9,72.1,149.85,203.19,hPa,,
3SIMG_12SEP2026_1400_L2B_CTP_V01R00,3SIMG_L2B_CTP,weather,2026-09-12 14:00:00+00:00,21.89,72.83,174.75,204.68,hPa,,
3SIMG_12SEP2026_1400_L2B_CTP_V01R00,3SIMG_L2B_CTP,weather,2026-09-12 14:00:00+00:00,21.89,73.18,149.85,202.68,hPa,,
3SIMG_12SEP2026_1400_L2B_CTP_V01R00,3SIMG_L2B_CTP,weather,2026-09-12 14:00:00+00:00,21.89,73.54,199.8,212.74,hPa,,
3SIMG_12SEP2026_1400_L2B_CTP_V01R00,3SIMG_L2B_CTP,weather,2026-09-12 14:00:00+00:00,21.88,73.91,199.92,219.66,hPa,,
3SIMG_12SEP2026_1400_L2B_CTP_V01R00,3SIMG_L2B_CTP,weather,2026-09-12 14:00:00+00:00,21.88,74.27,274.9,237.2,hPa,,
3SIMG_12SEP2026_1400_L2B_CTP_V01R00,3SIMG_L2B_CTP,weather,2026-09-12 14:00:00+00:00,21.87,74.61,224.91,226.11,hPa,,
3SIMG_12SEP2026_1400_L2B_CTP_V01R00,3SIMG_L2B_CTP,weather,2026-09-12 14:00:00+00:00,21.87,74.97,224.85,222.47,hPa,,
3SIMG_12SEP2026_1400_L2B_CTP_V01R00,3SIMG_L2B_CTP,weather,2026-09-12 14:00:00+00:00,21.87,75.34,224.85,222.81,hPa,,
3SIMG_12SEP2026_1400_L2B_CTP_V01R00,3SIMG_L2B_CTP,weather,2026-09-12 14:00:00+00:00,21.86,75.7,199.91,219.3,hPa,,
3SIMG_12SEP2026_1400_L2B_CTP_V01R00,3SIMG_L2B_CTP,weather,2026-09-12 14:00:00+00:00,21.86,76.04,199.88,218.57,hPa,,
3SIMG_12SEP2026_1400_L2B_CTP_V01R00,3SIMG_L2B_CTP,weather,2026-09-12 14:00:00+00:00,21.86,76.41,249.87,230.43,hPa,,
3SIMG_12SEP2026_1400_L2B_CTP_V01R00,3SIMG_L2B_CTP,weather,2026-09-12 14:00:00+00:00,21.86,76.77,249.93,233.91,hPa,,
3SIMG_12SEP2026_1400_L2B_CTP_V01R00,3SIMG_L2B_CTP,weather,2026-09-12 14:00:00+00:00,21.85,77.11,274.94,240.07,hPa,,
3SIMG_12SEP2026_1400_L2B_CTP_V01R00,3SIMG_L2B_CTP,weather,2026-09-12 14:00:00+00:00,21.85,77.47,274.87,235.85,hPa,,
3SIMG_12SEP2026_1400_L2B_CTP_V01R00,3SIMG_L2B_CTP,weather,2026-09-12 14:00:00+00:00,21.85,77.83,299.87,240.58,hPa,,
3SIMG_12SEP2026_1400_L2B_CTP_V01R00,3SIMG_L2B_CTP,weather,2026-09-12 14:00:00+00:00,21.85,78.18,274.85,234.47,hPa,,
3SIMG_12SEP2026_1400_L2B_CTP_V01R00,3SIMG_L2B_CTP,weather,2026-09-12 14:00:00+00:00,21.84,78.54,324.93,248.25,hPa,,
3SIMG_12SEP2026_1400_L2B_CTP_V01R00,3SIMG_L2B_CTP,weather,2026-09-12 14:00:00+00:00,21.84,78.9,224.85,222.81,hPa,,
3SIMG_12SEP2026_1400_L2B_CTP_V01R00,3SIMG_L2B_CTP,weather,2026-09-12 14:00:00+00:00,21.84,79.25,174.8,207.06,hPa,,
3SIMG_12SEP2026_1400_L2B_CTP_V01R00,3SIMG_L2B_CTP,weather,2026-09-12 14:00:00+00:00,21.84,79.6,199.83,215.15,hPa,,
3SIMG_12SEP2026_1400_L2B_CTP_V01R00,3SIMG_L2B_CTP,weather,2026-09-12 14:00:00+00:00,21.84,79.96,199.9,218.94,hPa,,
3SIMG_12SEP2026_1400_L2B_CTP_V01R00,3SIMG_L2B_CTP,weather,2026-09-12 14:00:00+00:00,21.84,80.31,174.89,211.06,hPa,,
3SIMG_12SEP2026_1400_L2B_CTP_V01R00,3SIMG_L2B_CTP,weather,2026-09-12 14:00:00+00:00,21.84,80.66,224.87,223.49,hPa,,
3SIMG_12SEP2026_1400_L2B_CTP_V01R00,3SIMG_L2B_CTP,weather,2026-09-12 14:00:00+00:00,21.84,81.02,224.86,222.81,hPa,,
3SIMG_12SEP2026_1400_L2B_CTP_V01R00,3SIMG_L2B_CTP,weather,2026-09-12 14:00:00+00:00,21.84,81.36,199.87,217.08,hPa,,
3SIMG_12SEP2026_1400_L2B_CTP_V01R00,3SIMG_L2B_CTP,weather,2026-09-12 14:00:00+00:00,21.84,81.72,224.87,223.15,hPa,,
3SIMG_12SEP2026_1400_L2B_CTP_V01R00,3SIMG_L2B_CTP,weather,2026-09-12 14:00:00+00:00,21.84,82.08,224.89,224.48,hPa,,
3SIMG_12SEP2026_1400_L2B_CTP_V01R00,3SIMG_L2B_CTP,weather,2026-09-12 14:00:00+00:00,21.84,82.43,549.93,272.74,hPa,,
3SIMG_12SEP2026_1400_L2B_CTP_V01R00,3SIMG_L2B_CTP,weather,2026-09-12 14:00:00+00:00,21.84,82.79,625.0,280.06,hPa,,
3SIMG_12SEP2026_1400_L2B_CTP_V01R00,3SIMG_L2B_CTP,weather,2026-09-12 14:00:00+00:00,21.84,83.14,624.97,279.0,hPa,,
3SIMG_12SEP2026_1400_L2B_CTP_V01R00,3SIMG_L2B_CTP,weather,2026-09-12 14:00:00+00:00,21.84,83.49,549.94,272.83,hPa,,
3SIMG_12SEP2026_1400_L2B_CTP_V01R00,3SIMG_L2B_CTP,weather,2026-09-12 14:00:00+00:00,21.84,83.85,449.96,264.75,hPa,,
3SIMG_12SEP2026_1400_L2B_CTP_V01R00,3SIMG_L2B_CTP,weather,2026-09-12 14:00:00+00:00,21.84,84.2,299.94,243.56,hPa,,
3SIMG_12SEP2026_1400_L2B_CTP_V01R00,3SIMG_L2B_CTP,weather,2026-09-12 14:00:00+00:00,21.84,84.55,274.94,238.26,hPa,,
3SIMG_12SEP2026_1400_L2B_CTP_V01R00,3SIMG_L2B_CTP,weather,2026-09-12 14:00:00+00:00,21.84,84.91,499.98,269.32,hPa,,
3SIMG_12SEP2026_1400_L2B_CTP_V01R00,3SIMG_L2B_CTP,weather,2026-09-12 14:00:00+00:00,21.84,85.26,549.97,272.66,hPa,,
3SIMG_12SEP2026_1400_L2B_CTP_V01R00,3SIMG_L2B_CTP,weather,2026-09-12 14:00:00+00:00,21.85,85.62,524.97,270.62,hPa,,
3SIMG_12SEP2026_1400_L2B_CTP_V01R00,3SIMG_L2B_CTP,weather,2026-09-12 14:00:00+00:00,21.85,85.97,599.94,275.23,hPa,,
3SIMG_12SEP2026_1400_L2B_CTP_V01R00,3SIMG_L2B_CTP,weather,2026-09-12 14:00:00+00:00,21.85,86.33,624.94,276.78,hPa,,
3SIMG_12SEP2026_1400_L2B_CTP_V01R00,3SIMG_L2B_CTP,weather,2026-09-12 14:00:00+00:00,21.86,87.75,724.98,285.99,hPa,,
3SIMG_12SEP2026_1400_L2B_CTP_V01R00,3SIMG_L2B_CTP,weather,2026-09-12 14:00:00+00:00,21.87,88.46,774.97,288.17,hPa,,
3SIMG_12SEP2026_1400_L2B_CTP_V01R00,3SIMG_L2B_CTP,weather,2026-09-12 14:00:00+00:00,21.87,88.82,724.96,284.51,hPa,,
3SIMG_12SEP2026_1400_L2B_CTP_V01R00,3SIMG_L2B_CTP,weather,2026-09-12 14:00:00+00:00,21.57,69.95,399.96,260.4,hPa,,
3SIMG_12SEP2026_1400_L2B_CTP_V01R00,3SIMG_L2B_CTP,weather,2026-09-12 14:00:00+00:00,21.56,70.32,349.96,253.09,hPa,,
3SIMG_12SEP2026_1400_L2B_CTP_V01R00,3SIMG_L2B_CTP,weather,2026-09-12 14:00:00+00:00,21.56,70.68,299.91,242.33,hPa,,
3SIMG_12SEP2026_1400_L2B_CTP_V01R00,3SIMG_L2B_CTP,weather,2026-09-12 14:00:00+00:00,21.55,71.04,249.87,229.83,hPa,,
3SIMG_12SEP2026_1400_L2B_CTP_V01R00,3SIMG_L2B_CTP,weather,2026-09-12 14:00:00+00:00,21.55,71.41,199.93,220.38,hPa,,
3SIMG_12SEP2026_1400_L2B_CTP_V01R00,3SIMG_L2B_CTP,weather,2026-09-12 14:00:00+00:00,21.54,71.77,174.9,211.91,hPa,,
3SIMG_12SEP2026_1400_L2B_CTP_V01R00,3SIMG_L2B_CTP,weather,2026-09-12 14:00:00+00:00,21.54,72.13,174.89,211.49,hPa,,
3SIMG_12SEP2026_1400_L2B_CTP_V01R00,3SIMG_L2B_CTP,weather,2026-09-12 14:00:00+00:00,21.53,72.85,174.75,204.19,hPa,,
3SIMG_12SEP2026_1400_L2B_CTP_V01R00,3SIMG_L2B_CTP,weather,2026-09-12 14:00:00+00:00,21.52,73.21,149.77,200.59,hPa,,
3SIMG_12SEP2026_1400_L2B_CTP_V01R00,3SIMG_L2B_CTP,weather,2026-09-12 14:00:00+00:00,21.52,73.57,174.77,204.68,hPa,,
3SIMG_12SEP2026_1400_L2B_CTP_V01R00,3SIMG_L2B_CTP,weather,2026-09-12 14:00:00+00:00,21.51,73.93,199.87,216.7,hPa,,
3SIMG_12SEP2026_1400_L2B_CTP_V01R00,3SIMG_L2B_CTP,weather,2026-09-12 14:00:00+00:00,21.51,74.29,249.84,228.0,hPa,,
3SIMG_12SEP2026_1400_L2B_CTP_V01R00,3SIMG_L2B_CTP,weather,2026-09-12 14:00:00+00:00,21.51,74.65,199.86,216.7,hPa,,
3SIMG_12SEP2026_1400_L2B_CTP_V01R00,3SIMG_L2B_CTP,weather,2026-09-12 14:00:00+00:00,21.5,75.0,199.92,219.66,hPa,,
3SIMG_12SEP2026_1400_L2B_CTP_V01R00,3SIMG_L2B_CTP,weather,2026-09-12 14:00:00+00:00,21.5,75.36,274.88,236.66,hPa,,
3SIMG_12SEP2026_1400_L2B_CTP_V01R00,3SIMG_L2B_CTP,weather,2026-09-12 14:00:00+00:00,21.5,75.72,224.91,226.75,hPa,,
3SIMG_12SEP2026_1400_L2B_CTP_V01R00,3SIMG_L2B_CTP,weather,2026-09-12 14:00:00+00:00,21.49,76.07,199.93,220.73,hPa,,
3SIMG_12SEP2026_1400_L2B_CTP_V01R00,3SIMG_L2B_CTP,weather,2026-09-12 14:00:00+00:00,21.49,76.43,199.91,219.66,hPa,,
3SIMG_12SEP2026_1400_L2B_CTP_V01R00,3SIMG_L2B_CTP,weather,2026-09-12 14:00:00+00:00,21.49,76.78,249.89,231.32,hPa,,
3SIMG_12SEP2026_1400_L2B_CTP_V01R00,3SIMG_L2B_CTP,weather,2026-09-12 14:00:00+00:00,21.49,77.14,224.82,221.78,hPa,,
3SIMG_12SEP2026_1400_L2B_CTP_V01R00,3SIMG_L2B_CTP,weather,2026-09-12 14:00:00+00:00,21.48,77.49,199.91,220.02,hPa,,
3SIMG_12SEP2026_1400_L2B_CTP_V01R00,3SIMG_L2B_CTP,weather,2026-09-12 14:00:00+00:00,21.48,77.84,224.82,221.08,hPa,,
3SIMG_12SEP2026_1400_L2B_CTP_V01R00,3SIMG_L2B_CTP,weather,2026-09-12 14:00:00+00:00,21.48,78.2,174.89,211.06,hPa,,
3SIMG_12SEP2026_1400_L2B_CTP_V01R00,3SIMG_L2B_CTP,weather,2026-09-12 14:00:00+00:00,21.48,78.54,199.89,218.57,hPa,,
3SIMG_12SEP2026_1400_L2B_CTP_V01R00,3SIMG_L2B_CTP,weather,2026-09-12 14:00:00+00:00,21.48,78.9,174.8,206.12,hPa,,
3SIMG_12SEP2026_1400_L2B_CTP_V01R00,3SIMG_L2B_CTP,weather,2026-09-12 14:00:00+00:00,21.48,79.25,149.85,202.68,hPa,,
3SIMG_12SEP2026_1400_L2B_CTP_V01R00,3SIMG_L2B_CTP,weather,2026-09-12 14:00:00+00:00,21.47,79.61,224.82,221.08,hPa,,
3SIMG_12SEP2026_1400_L2B_CTP_V01R00,3SIMG_L2B_CTP,weather,2026-09-12 14:00:00+00:00,21.47,79.96,199.89,218.2,hPa,,
3SIMG_12SEP2026_1400_L2B_CTP_V01R00,3SIMG_L2B_CTP,weather,2026-09-12 14:00:00+00:00,21.47,80.32,224.87,223.49,hPa,,
3SIMG_12SEP2026_1400_L2B_CTP_V01R00,3SIMG_L2B_CTP,weather,2026-09-12 14:00:00+00:00,21.47,80.67,199.92,219.66,hPa,,
3SIMG_12SEP2026_1400_L2B_CTP_V01R00,3SIMG_L2B_CTP,weather,2026-09-12 14:00:00+00:00,21.47,81.02,224.83,221.43,hPa,,
3SIMG_12SEP2026_1400_L2B_CTP_V01R00,3SIMG_L2B_CTP,weather,2026-09-12 14:00:00+00:00,21.47,81.36,199.9,218.57,hPa,,
3SIMG_12SEP2026_1400_L2B_CTP_V01R00,3SIMG_L2B_CTP,weather,2026-09-12 14:00:00+00:00,21.47,81.72,224.93,226.75,hPa,,
3SIMG_12SEP2026_1400_L2B_CTP_V01R00,3SIMG_L2B_CTP,weather,2026-09-12 14:00:00+00:00,21.47,82.08,224.88,223.82,hPa,,
3SIMG_12SEP2026_1400_L2B_CTP_V01R00,3SIMG_L2B_CTP,weather,2026-09-12 14:00:00+00:00,21.47,82.43,499.95,269.05,hPa,,
3SIMG_12SEP2026_1400_L2B_CTP_V01R00,3SIMG_L2B_CTP,weather,2026-09-12 14:00:00+00:00,21.47,82.78,524.97,271.98,hPa,,
3SIMG_12SEP2026_1400_L2B_CTP_V01R00,3SIMG_L2B_CTP,weather,2026-09-12 14:00:00+00:00,21.47,83.14,549.97,273.5,hPa,,
3SIMG_12SEP2026_1400_L2B_CTP_V01R00,3SIMG_L2B_CTP,weather,2026-09-12 14:00:00+00:00,21.47,83.49,474.95,267.28,hPa,,
3SIMG_12SEP2026_1400_L2B_CTP_V01R00,3SIMG_L2B_CTP,weather,2026-09-12 14:00:00+00:00,21.47,83.84,449.96,264.93,hPa,,
3SIMG_12SEP2026_1400_L2B_CTP_V01R00,3SIMG_L2B_CTP,weather,2026-09-12 14:00:00+00:00,21.47,84.19,449.94,264.01,hPa,,
3SIMG_12SEP2026_1400_L2B_CTP_V01R00,3SIMG_L2B_CTP,weather,2026-09-12 14:00:00+00:00,21.48,84.55,499.94,268.35,hPa,,
3SIMG_12SEP2026_1400_L2B_CTP_V01R00,3SIMG_L2B_CTP,weather,2026-09-12 14:00:00+00:00,21.48,84.9,574.97,275.8,hPa,,
3SIMG_12SEP2026_1400_L2B_CTP_V01R00,3SIMG_L2B_CTP,weather,2026-09-12 14:00:00+00:00,21.48,85.25,624.97,279.0,hPa,,
3SIMG_12SEP2026_1400_L2B_CTP_V01R00,3SIMG_L2B_CTP,weather,2026-09-12 14:00:00+00:00,21.48,85.61,549.94,271.73,hPa,,
3SIMG_12SEP2026_1400_L2B_CTP_V01R00,3SIMG_L2B_CTP,weather,2026-09-12 14:00:00+00:00,21.48,85.96,449.97,263.82,hPa,,
3SIMG_12SEP2026_1400_L2B_CTP_V01R00,3SIMG_L2B_CTP,weather,2026-09-12 14:00:00+00:00,21.48,86.31,599.98,277.58,hPa,,
3SIMG_12SEP2026_1400_L2B_CTP_V01R00,3SIMG_L2B_CTP,weather,2026-09-12 14:00:00+00:00,21.2,70.35,399.94,259.23,hPa,,
3SIMG_12SEP2026_1400_L2B_CTP_V01R00,3SIMG_L2B_CTP,weather,2026-09-12 14:00:00+00:00,21.19,70.72,349.95,253.09,hPa,,
3SIMG_12SEP2026_1400_L2B_CTP_V01R00,3SIMG_L2B_CTP,weather,2026-09-12 14:00:00+00:00,21.18,71.08,274.95,239.81,hPa,,
3SIMG_12SEP2026_1400_L2B_CTP_V01R00,3SIMG_L2B_CTP,weather,2026-09-12 14:00:00+00:00,21.18,71.43,249.94,233.62,hPa,,
3SIMG_12SEP2026_1400_L2B_CTP_V01R00,3SIMG_L2B_CTP,weather,2026-09-12 14:00:00+00:00,21.17,71.79,224.87,223.82,hPa,,
3SIMG_12SEP2026_1400_L2B_CTP_V01R00,3SIMG_L2B_CTP,weather,2026-09-12 14:00:00+00:00,21.16,72.88,199.79,212.33,hPa,,
3SIMG_12SEP2026_1400_L2B_CTP_V01R00,3SIMG_L2B_CTP,weather,2026-09-12 14:00:00+00:00,21.16,73.24,174.81,206.6,hPa,,
3SIMG_12SEP2026_1400_L2B_CTP_V01R00,3SIMG_L2B_CTP,weather,2026-09-12 14:00:00+00:00,21.15,73.6,199.82,214.36,hPa,,
3SIMG_12SEP2026_1400_L2B_CTP_V01R00,3SIMG_L2B_CTP,weather,2026-09-12 14:00:00+00:00,21.15,73.95,324.9,246.41,hPa,,
3SIMG_12SEP2026_1400_L2B_CTP_V01R00,3SIMG_L2B_CTP,weather,2026-09-12 14:00:00+00:00,21.15,74.31,299.91,242.83,hPa,,
3SIMG_12SEP2026_1400_L2B_CTP_V01R00,3SIMG_L2B_CTP,weather,2026-09-12 14:00:00+00:00,21.14,74.67,424.93,261.36,hPa,,
3SIMG_12SEP2026_1400_L2B_CTP_V01R00,3SIMG_L2B_CTP,weather,2026-09-12 14:00:00+00:00,21.14,75.02,499.97,269.23,hPa,,
3SIMG_12SEP2026_1400_L2B_CTP_V01R00,3SIMG_L2B_CTP,weather,2026-09-12 14:00:00+00:00,21.14,75.38,324.95,249.16,hPa,,
3SIMG_12SEP2026_1400_L2B_CTP_V01R00,3SIMG_L2B_CTP,weather,2026-09-12 14:00:00+00:00,21.13,75.72,224.9,225.46,hPa,,
3SIMG_12SEP2026_1400_L2B_CTP_V01R00,3SIMG_L2B_CTP,weather,2026-09-12 14:00:00+00:00,21.13,76.09,224.92,227.38,hPa,,
3SIMG_12SEP2026_1400_L2B_CTP_V01R00,3SIMG_L2B_CTP,weather,2026-09-12 14:00:00+00:00,21.13,76.43,199.9,218.57,hPa,,
3SIMG_12SEP2026_1400_L2B_CTP_V01R00,3SIMG_L2B_CTP,weather,2026-09-12 14:00:00+00:00,21.12,76.79,224.82,221.43,hPa,,
3SIMG_12SEP2026_1400_L2B_CTP_V01R00,3SIMG_L2B_CTP,weather,2026-09-12 14:00:00+00:00,21.12,77.15,199.87,217.46,hPa,,
3SIMG_12SEP2026_1400_L2B_CTP_V01R00,3SIMG_L2B_CTP,weather,2026-09-12 14:00:00+00:00,21.12,77.5,199.82,215.54,hPa,,
3SIMG_12SEP2026_1400_L2B_CTP_V01R00,3SIMG_L2B_CTP,weather,2026-09-12 14:00:00+00:00,21.12,77.86,199.81,213.96,hPa,,
3SIMG_12SEP2026_1400_L2B_CTP_V01R00,3SIMG_L2B_CTP,weather,2026-09-12 14:00:00+00:00,21.12,78.21,199.9,219.3,hPa,,
3SIMG_12SEP2026_1400_L2B_CTP_V01R00,3SIMG_L2B_CTP,weather,2026-09-12 14:00:00+00:00,21.11,78.56,224.92,226.75,hPa,,
3SIMG_12SEP2026_1400_L2B_CTP_V01R00,3SIMG_L2B_CTP,weather,2026-09-12 14:00:00+00:00,21.11,78.91,299.88,240.83,hPa,,
3SIMG_12SEP2026_1400_L2B_CTP_V01R00,3SIMG_L2B_CTP,weather,2026-09-12 14:00:00+00:00,21.11,79.27,299.95,244.76,hPa,,
3SIMG_12SEP2026_1400_L2B_CTP_V01R00,3SIMG_L2B_CTP,weather,2026-09-12 14:00:00+00:00,21.11,79.61,274.91,237.73,hPa,,
3SIMG_12SEP2026_1400_L2B_CTP_V01R00,3SIMG_L2B_CTP,weather,2026-09-12 14:00:00+00:00,21.11,79.97,224.93,227.38,hPa,,
3SIMG_12SEP2026_1400_L2B_CTP_V01R00,3SIMG_L2B_CTP,weather,2026-09-12 14:00:00+00:00,21.11,80.32,199.91,219.3,hPa,,
3SIMG_12SEP2026_1400_L2B_CTP_V01R00,3SIMG_L2B_CTP,weather,2026-09-12 14:00:00+00:00,21.11,80.67,199.8,212.74,hPa,,
3SIMG_12SEP2026_1400_L2B_CTP_V01R00,3SIMG_L2B_CTP,weather,2026-09-12 14:00:00+00:00,21.11,81.02,224.82,220.73,hPa,,
3SIMG_12SEP2026_1400_L2B_CTP_V01R00,3SIMG_L2B_CTP,weather,2026-09-12 14:00:00+00:00,21.11,81.38,199.92,219.66,hPa,,
3SIMG_12SEP2026_1400_L2B_CTP_V01R00,3SIMG_L2B_CTP,weather,2026-09-12 14:00:00+00:00,21.11,81.72,249.94,233.34,hPa,,
3SIMG_12SEP2026_1400_L2B_CTP_V01R00,3SIMG_L2B_CTP,weather,2026-09-12 14:00:00+00:00,21.11,82.08,274.85,233.91,hPa,,
3SIMG_12SEP2026_1400_L2B_CTP_V01R00,3SIMG_L2B_CTP,weather,2026-09-12 14:00:00+00:00,21.11,82.43,524.95,270.79,hPa,,
3SIMG_12SEP2026_1400_L2B_CTP_V01R00,3SIMG_L2B_CTP,weather,2026-09-12 14:00:00+00:00,21.11,82.78,549.95,272.32,hPa,,
3SIMG_12SEP2026_1400_L2B_CTP_V01R00,3SIMG_L2B_CTP,weather,2026-09-12 14:00:00+00:00,21.11,83.13,449.93,263.82,hPa,,
3SIMG_12SEP2026_1400_L2B_CTP_V01R00,3SIMG_L2B_CTP,weather,2026-09-12 14:00:00+00:00,21.11,83.48,324.89,245.24,hPa,,
3SIMG_12SEP2026_1400_L2B_CTP_V01R00,3SIMG_L2B_CTP,weather,2026-09-12 14:00:00+00:00,21.11,83.84,474.93,266.02,hPa,,
3SIMG_12SEP2026_1400_L2B_CTP_V01R00,3SIMG_L2B_CTP,weather,2026-09-12 14:00:00+00:00,21.11,84.19,399.95,258.83,hPa,,
3SIMG_12SEP2026_1400_L2B_CTP_V01R00,3SIMG_L2B_CTP,weather,2026-09-12 14:00:00+00:00,21.11,84.54,499.94,268.7,hPa,,
3SIMG_12SEP2026_1400_L2B_CTP_V01R00,3SIMG_L2B_CTP,weather,2026-09-12 14:00:00+00:00,21.11,84.89,624.95,277.74,hPa,,
3SIMG_12SEP2026_1400_L2B_CTP_V01R00,3SIMG_L2B_CTP,weather,2026-09-12 14:00:00+00:00,21.11,85.24,624.97,278.69,hPa,,
3SIMG_12SEP2026_1400_L2B_CTP_V01R00,3SIMG_L2B_CTP,weather,2026-09-12 14:00:00+00:00,21.12,85.6,524.96,270.79,hPa,,
3SIMG_12SEP2026_1400_L2B_CTP_V01R00,3SIMG_L2B_CTP,weather,2026-09-12 14:00:00+00:00,21.12,85.95,574.96,275.07,hPa,,
3SIMG_12SEP2026_1400_L2B_CTP_V01R00,3SIMG_L2B_CTP,weather,2026-09-12 14:00:00+00:00,20.83,70.75,424.97,263.07,hPa,,
3SIMG_12SEP2026_1400_L2B_CTP_V01R00,3SIMG_L2B_CTP,weather,2026-09-12 14:00:00+00:00,20.82,71.11,424.92,260.59,hPa,,
3SIMG_12SEP2026_1400_L2B_CTP_V01R00,3SIMG_L2B_CTP,weather,2026-09-12 14:00:00+00:00,20.8,72.91,224.87,223.49,hPa,,
3SIMG_12SEP2026_1400_L2B_CTP_V01R00,3SIMG_L2B_CTP,weather,2026-09-12 14:00:00+00:00,20.79,73.26,249.9,231.32,hPa,,
3SIMG_12SEP2026_1400_L2B_CTP_V01R00,3SIMG_L2B_CTP,weather,2026-09-12 14:00:00+00:00,20.79,73.61,374.9,254.15,hPa,,
3SIMG_12SEP2026_1400_L2B_CTP_V01R00,3SIMG_L2B_CTP,weather,2026-09-12 14:00:00+00:00,20.79,73.97,424.91,260.4,hPa,,
3SIMG_12SEP2026_1400_L2B_CTP_V01R00,3SIMG_L2B_CTP,weather,2026-09-12 14:00:00+00:00,20.78,74.33,449.94,264.01,hPa,,
3SIMG_12SEP2026_1400_L2B_CTP_V01R00,3SIMG_L2B_CTP,weather,2026-09-12 14:00:00+00:00,20.78,74.68,499.94,268.35,hPa,,
3SIMG_12SEP2026_1400_L2B_CTP_V01R00,3SIMG_L2B_CTP,weather,2026-09-12 14:00:00+00:00,20.78,75.04,524.94,270.1,hPa,,
3SIMG_12SEP2026_1400_L2B_CTP_V01R00,3SIMG_L2B_CTP,weather,2026-09-12 14:00:00+00:00,20.77,75.4,524.93,269.93,hPa,,
3SIMG_12SEP2026_1400_L2B_CTP_V01R00,3SIMG_L2B_CTP,weather,2026-09-12 14:00:00+00:00,20.77,75.75,349.93,252.88,hPa,,
3SIMG_12SEP2026_1400_L2B_CTP_V01R00,3SIMG_L2B_CTP,weather,2026-09-12 14:00:00+00:00,20.77,76.11,299.93,245.47,hPa,,
3SIMG_12SEP2026_1400_L2B_CTP_V01R00,3SIMG_L2B_CTP,weather,2026-09-12 14:00:00+00:00,20.76,76.46,274.88,236.39,hPa,,
3SIMG_12SEP2026_1400_L2B_CTP_V01R00,3SIMG_L2B_CTP,weather,2026-09-12 14:00:00+00:00,20.76,76.81,274.91,238.52,hPa,,
3SIMG_12SEP2026_1400_L2B_CTP_V01R00,3SIMG_L2B_CTP,weather,2026-09-12 14:00:00+00:00,20.76,77.16,224.93,228.31,hPa,,
3SIMG_12SEP2026_1400_L2B_CTP_V01R00,3SIMG_L2B_CTP,weather,2026-09-12 14:00:00+00:00,20.76,77.52,174.9,212.33,hPa,,
3SIMG_12SEP2026_1400_L2B_CTP_V01R00,3SIMG_L2B_CTP,weather,2026-09-12 14:00:00+00:00,20.75,77.86,199.81,213.96,hPa,,
3SIMG_12SEP2026_1400_L2B_CTP_V01R00,3SIMG_L2B_CTP,weather,2026-09-12 14:00:00+00:00,20.75,78.22,199.81,214.36,hPa,,
3SIMG_12SEP2026_1400_L2B_CTP_V01R00,3SIMG_L2B_CTP,weather,2026-09-12 14:00:00+00:00,20.75,78.57,249.84,228.0,hPa,,
3SIMG_12SEP2026_1400_L2B_CTP_V01R00,3SIMG_L2B_CTP,weather,2026-09-12 14:00:00+00:00,20.75,78.92,299.88,240.83,hPa,,
3SIMG_12SEP2026_1400_L2B_CTP_V01R00,3SIMG_L2B_CTP,weather,2026-09-12 14:00:00+00:00,20.75,79.27,374.94,256.01,hPa,,
3SIMG_12SEP2026_1400_L2B_CTP_V01R00,3SIMG_L2B_CTP,weather,2026-09-12 14:00:00+00:00,20.75,79.61,349.93,251.8,hPa,,
3SIMG_12SEP2026_1400_L2B_CTP_V01R00,3SIMG_L2B_CTP,weather,2026-09-12 14:00:00+00:00,20.75,79.97,249.86,228.93,hPa,,
3SIMG_12SEP2026_1400_L2B_CTP_V01R00,3SIMG_L2B_CTP,weather,2026-09-12 14:00:00+00:00,20.75,80.33,249.89,230.73,hPa,,
3SIMG_12SEP2026_1400_L2B_CTP_V01R00,3SIMG_L2B_CTP,weather,2026-09-12 14:00:00+00:00,20.74,80.68,249.89,230.43,hPa,,
3SIMG_12SEP2026_1400_L2B_CTP_V01R00,3SIMG_L2B_CTP,weather,2026-09-12 14:00:00+00:00,20.74,81.03,274.93,238.52,hPa,,
3SIMG_12SEP2026_1400_L2B_CTP_V01R00,3SIMG_L2B_CTP,weather,2026-09-12 14:00:00+00:00,20.74,81.38,249.86,228.93,hPa,,
3SIMG_12SEP2026_1400_L2B_CTP_V01R00,3SIMG_L2B_CTP,weather,2026-09-12 14:00:00+00:00,20.74,81.72,224.92,226.11,hPa,,
3SIMG_12SEP2026_1400_L2B_CTP_V01R00,3SIMG_L2B_CTP,weather,2026-09-12 14:00:00+00:00,20.74,82.08,274.9,236.66,hPa,,
3SIMG_12SEP2026_1400_L2B_CTP_V01R00,3SIMG_L2B_CTP,weather,2026-09-12 14:00:00+00:00,20.74,82.43,424.95,262.13,hPa,,
3SIMG_12SEP2026_1400_L2B_CTP_V01R00,3SIMG_L2B_CTP,weather,2026-09-12 14:00:00+00:00,20.74,82.78,449.97,265.3,hPa,,
3SIMG_12SEP2026_1400_L2B_CTP_V01R00,3SIMG_L2B_CTP,weather,2026-09-12 14:00:00+00:00,20.74,83.13,399.94,258.63,hPa,,
3SIMG_12SEP2026_1400_L2B_CTP_V01R00,3SIMG_L2B_CTP,weather,2026-09-12 14:00:00+00:00,20.75,83.48,424.92,260.59,hPa,,
3SIMG_12SEP2026_1400_L2B_CTP_V01R00,3SIMG_L2B_CTP,weather,2026-09-12 14:00:00+00:00,20.75,83.83,549.96,272.83,hPa,,
3SIMG_12SEP2026_1400_L2B_CTP_V01R00,3SIMG_L2B_CTP,weather,2026-09-12 14:00:00+00:00,20.75,84.18,524.96,271.3,hPa,,
3SIMG_12SEP2026_1400_L2B_CTP_V01R00,3SIMG_L2B_CTP,weather,2026-09-12 14:00:00+00:00,20.75,84.53,549.95,273.0,hPa,,
3SIMG_12SEP2026_1400_L2B_CTP_V01R00,3SIMG_L2B_CTP,weather,2026-09-12 14:00:00+00:00,20.75,84.88,624.97,278.69,hPa,,
3SIMG_12SEP2026_1400_L2B_CTP_V01R00,3SIMG_L2B_CTP,weather,2026-09-12 14:00:00+00:00,20.75,85.23,600.0,278.09,hPa,,
3SIMG_12SEP2026_1400_L2B_CTP_V01R00,3SIMG_L2B_CTP,weather,2026-09-12 14:00:00+00:00,20.75,85.59,574.96,274.99,hPa,,
3SIMG_12SEP2026_1400_L2B_CTP_V01R00,3SIMG_L2B_CTP,weather,2026-09-12 14:00:00+00:00,20.75,85.94,674.95,281.49,hPa,,
3SIMG_12SEP2026_1400_L2B_CTP_V01R00,3SIMG_L2B_CTP,weather,2026-09-12 14:00:00+00:00,20.43,72.93,299.94,244.04,hPa,,
3SIMG_12SEP2026_1400_L2B_CTP_V01R00,3SIMG_L2B_CTP,weather,2026-09-12 14:00:00+00:00,20.43,73.29,374.9,254.15,hPa,,
3SIMG_12SEP2026_1400_L2B_CTP_V01R00,3SIMG_L2B_CTP,weather,2026-09-12 14:00:00+00:00,20.43,73.64,424.92,260.79,hPa,,
3SIMG_12SEP2026_1400_L2B_CTP_V01R00,3SIMG_L2B_CTP,weather,2026-09-12 14:00:00+00:00,20.42,74.0,474.94,266.21,hPa,,
3SIMG_12SEP2026_1400_L2B_CTP_V01R00,3SIMG_L2B_CTP,weather,2026-09-12 14:00:00+00:00,20.42,74.35,474.94,266.39,hPa,,
3SIMG_12SEP2026_1400_L2B_CTP_V01R00,3SIMG_L2B_CTP,weather,2026-09-12 14:00:00+00:00,20.42,74.71,499.93,268.0,hPa,,
3SIMG_12SEP2026_1400_L2B_CTP_V01R00,3SIMG_L2B_CTP,weather,2026-09-12 14:00:00+00:00,20.41,75.06,499.92,267.64,hPa,,
3SIMG_12SEP2026_1400_L2B_CTP_V01R00,3SIMG_L2B_CTP,weather,2026-09-12 14:00:00+00:00,20.41,75.42,524.94,270.45,hPa,,
3SIMG_12SEP2026_1400_L2B_CTP_V01R00,3SIMG_L2B_CTP,weather,2026-09-12 14:00:00+00:00,20.41,75.77,424.94,261.94,hPa,,
3SIMG_12SEP2026_1400_L2B_CTP_V01R00,3SIMG_L2B_CTP,weather,2026-09-12 14:00:00+00:00,20.4,76.11,349.9,250.71,hPa,,
3SIMG_12SEP2026_1400_L2B_CTP_V01R00,3SIMG_L2B_CTP,weather,2026-09-12 14:00:00+00:00,20.4,76.47,299.94,244.76,hPa,,
3SIMG_12SEP2026_1400_L2B_CTP_V01R00,3SIMG_L2B_CTP,weather,2026-09-12 14:00:00+00:00,20.4,76.83,274.95,240.83,hPa,,
3SIMG_12SEP2026_1400_L2B_CTP_V01R00,3SIMG_L2B_CTP,weather,2026-09-12 14:00:00+00:00,20.4,77.18,274.87,235.57,hPa,,
3SIMG_12SEP2026_1400_L2B_CTP_V01R00,3SIMG_L2B_CTP,weather,2026-09-12 14:00:00+00:00,20.39,77.53,224.89,225.79,hPa,,
3SIMG_12SEP2026_1400_L2B_CTP_V01R00,3SIMG_L2B_CTP,weather,2026-09-12 14:00:00+00:00,20.39,77.88,224.87,224.48,hPa,,
3SIMG_12SEP2026_1400_L2B_CTP_V01R00,3SIMG_L2B_CTP,weather,2026-09-12 14:00:00+00:00,20.39,78.22,249.87,230.43,hPa,,
3SIMG_12SEP2026_1400_L2B_CTP_V01R00,3SIMG_L2B_CTP,weather,2026-09-12 14:00:00+00:00,20.39,78.58,249.91,232.77,hPa,,
3SIMG_12SEP2026_1400_L2B_CTP_V01R00,3SIMG_L2B_CTP,weather,2026-09-12 14:00:00+00:00,20.39,78.93,274.91,237.99,hPa,,
3SIMG_12SEP2026_1400_L2B_CTP_V01R00,3SIMG_L2B_CTP,weather,2026-09-12 14:00:00+00:00,20.39,79.28,374.93,255.81,hPa,,
3SIMG_12SEP2026_1400_L2B_CTP_V01R00,3SIMG_L2B_CTP,weather,2026-09-12 14:00:00+00:00,20.39,79.63,324.9,246.65,hPa,,
3SIMG_12SEP2026_1400_L2B_CTP_V01R00,3SIMG_L2B_CTP,weather,2026-09-12 14:00:00+00:00,20.38,79.97,249.94,233.62,hPa,,
3SIMG_12SEP2026_1400_L2B_CTP_V01R00,3SIMG_L2B_CTP,weather,2026-09-12 14:00:00+00:00,20.38,80.33,349.91,250.93,hPa,,
3SIMG_12SEP2026_1400_L2B_CTP_V01R00,3SIMG_L2B_CTP,weather,2026-09-12 14:00:00+00:00,20.38,80.68,299.95,244.76,hPa,,
3SIMG_12SEP2026_1400_L2B_CTP_V01R00,3SIMG_L2B_CTP,weather,2026-09-12 14:00:00+00:00,20.38,81.03,274.93,238.78,hPa,,
3SIMG_12SEP2026_1400_L2B_CTP_V01R00,3SIMG_L2B_CTP,weather,2026-09-12 14:00:00+00:00,20.38,81.38,299.87,240.07,hPa,,
3SIMG_12SEP2026_1400_L2B_CTP_V01R00,3SIMG_L2B_CTP,weather,2026-09-12 14:00:00+00:00,20.38,81.72,299.87,240.07,hPa,,
3SIMG_12SEP2026_1400_L2B_CTP_V01R00,3SIMG_L2B_CTP,weather,2026-09-12 14:00:00+00:00,20.38,82.08,349.95,252.88,hPa,,
3SIMG_12SEP2026_1400_L2B_CTP_V01R00,3SIMG_L2B_CTP,weather,2026-09-12 14:00:00+00:00,20.38,82.43,374.91,254.57,hPa,,
3SIMG_12SEP2026_1400_L2B_CTP_V01R00,3SIMG_L2B_CTP,weather,2026-09-12 14:00:00+00:00,20.38,82.78,374.92,254.98,hPa,,
3SIMG_12SEP2026_1400_L2B_CTP_V01R00,3SIMG_L2B_CTP,weather,2026-09-12 14:00:00+00:00,20.38,83.13,399.94,258.63,hPa,,
3SIMG_12SEP2026_1400_L2B_CTP_V01R00,3SIMG_L2B_CTP,weather,2026-09-12 14:00:00+00:00,20.38,83.48,424.96,262.32,hPa,,
3SIMG_12SEP2026_1400_L2B_CTP_V01R00,3SIMG_L2B_CTP,weather,2026-09-12 14:00:00+00:00,20.38,83.83,524.93,269.93,hPa,,
3SIMG_12SEP2026_1400_L2B_CTP_V01R00,3SIMG_L2B_CTP,weather,2026-09-12 14:00:00+00:00,20.39,84.17,474.95,266.57,hPa,,
3SIMG_12SEP2026_1400_L2B_CTP_V01R00,3SIMG_L2B_CTP,weather,2026-09-12 14:00:00+00:00,20.39,84.52,599.96,276.53,hPa,,
3SIMG_12SEP2026_1400_L2B_CTP_V01R00,3SIMG_L2B_CTP,weather,2026-09-12 14:00:00+00:00,20.39,85.58,600.0,278.17,hPa,,
3SIMG_12SEP2026_1400_L2B_CTP_V01R00,3SIMG_L2B_CTP,weather,2026-09-12 14:00:00+00:00,20.39,85.93,624.96,278.37,hPa,,
3SIMG_12SEP2026_1400_L2B_CTP_V01R00,3SIMG_L2B_CTP,weather,2026-09-12 14:00:00+00:00,20.39,86.28,624.95,278.06,hPa,,
3SIMG_12SEP2026_1400_L2B_CTP_V01R00,3SIMG_L2B_CTP,weather,2026-09-12 14:00:00+00:00,20.4,86.63,725.0,286.6,hPa,,
3SIMG_12SEP2026_1400_L2B_CTP_V01R00,3SIMG_L2B_CTP,weather,2026-09-12 14:00:00+00:00,20.07,72.96,374.94,255.19,hPa,,
3SIMG_12SEP2026_1400_L2B_CTP_V01R00,3SIMG_L2B_CTP,weather,2026-09-12 14:00:00+00:00,20.07,73.31,399.92,257.64,hPa,,
3SIMG_12SEP2026_1400_L2B_CTP_V01R00,3SIMG_L2B_CTP,weather,2026-09-12 14:00:00+00:00,20.07,73.67,399.97,259.82,hPa,,
3SIMG_12SEP2026_1400_L2B_CTP_V01R00,3SIMG_L2B_CTP,weather,2026-09-12 14:00:00+00:00,20.06,74.02,499.93,267.82,hPa,,
3SIMG_12SEP2026_1400_L2B_CTP_V01R00,3SIMG_L2B_CTP,weather,2026-09-12 14:00:00+00:00,20.06,74.36,474.97,267.46,hPa,,
3SIMG_12SEP2026_1400_L2B_CTP_V01R00,3SIMG_L2B_CTP,weather,2026-09-12 14:00:00+00:00,20.05,74.72,474.95,266.75,hPa,,
3SIMG_12SEP2026_1400_L2B_CTP_V01R00,3SIMG_L2B_CTP,weather,2026-09-12 14:00:00+00:00,20.05,75.08,499.96,268.88,hPa,,
3SIMG_12SEP2026_1400_L2B_CTP_V01R00,3SIMG_L2B_CTP,weather,2026-09-12 14:00:00+00:00,20.05,75.43,524.96,271.13,hPa,,
3SIMG_12SEP2026_1400_L2B_CTP_V01R00,3SIMG_L2B_CTP,weather,2026-09-12 14:00:00+00:00,20.05,75.79,374.95,256.63,hPa,,
3SIMG_12SEP2026_1400_L2B_CTP_V01R00,3SIMG_L2B_CTP,weather,2026-09-12 14:00:00+00:00,20.04,76.14,324.96,249.83,hPa,,
3SIMG_12SEP2026_1400_L2B_CTP_V01R00,3SIMG_L2B_CTP,weather,2026-09-12 14:00:00+00:00,20.04,76.49,324.9,246.41,hPa,,
3SIMG_12SEP2026_1400_L2B_CTP_V01R00,3SIMG_L2B_CTP,weather,2026-09-12 14:00:00+00:00,20.04,76.84,299.92,243.8,hPa,,
3SIMG_12SEP2026_1400_L2B_CTP_V01R00,3SIMG_L2B_CTP,weather,2026-09-12 14:00:00+00:00,20.04,77.18,299.93,244.28,hPa,,
3SIMG_12SEP2026_1400_L2B_CTP_V01R00,3SIMG_L2B_CTP,weather,2026-09-12 14:00:00+00:00,20.02,77.54,249.91,232.77,hPa,,
3SIMG_12SEP2026_1400_L2B_CTP_V01R00,3SIMG_L2B_CTP,weather,2026-09-12 14:00:00+00:00,20.02,77.89,224.93,228.31,hPa,,
3SIMG_12SEP2026_1400_L2B_CTP_V01R00,3SIMG_L2B_CTP,weather,2026-09-12 14:00:00+00:00,20.02,78.24,249.88,231.32,hPa,,
3SIMG_12SEP2026_1400_L2B_CTP_V01R00,3SIMG_L2B_CTP,weather,2026-09-12 14:00:00+00:00,20.02,78.59,299.88,241.08,hPa,,
3SIMG_12SEP2026_1400_L2B_CTP_V01R00,3SIMG_L2B_CTP,weather,2026-09-12 14:00:00+00:00,20.02,78.93,399.96,259.82,hPa,,
3SIMG_12SEP2026_1400_L2B_CTP_V01R00,3SIMG_L2B_CTP,weather,2026-09-12 14:00:00+00:00,20.02,79.29,449.92,263.45,hPa,,
3SIMG_12SEP2026_1400_L2B_CTP_V01R00,3SIMG_L2B_CTP,weather,2026-09-12 14:00:00+00:00,20.02,79.64,424.96,262.88,hPa,,
3SIMG_12SEP2026_1400_L2B_CTP_V01R00,3SIMG_L2B_CTP,weather,2026-09-12 14:00:00+00:00,20.02,79.99,424.91,260.59,hPa,,
3SIMG_12SEP2026_1400_L2B_CTP_V01R00,3SIMG_L2B_CTP,weather,2026-09-12 14:00:00+00:00,20.02,80.33,399.95,259.23,hPa,,
3SIMG_12SEP2026_1400_L2B_CTP_V01R00,3SIMG_L2B_CTP,weather,2026-09-12 14:00:00+00:00,20.02,80.68,349.92,250.93,hPa,,
3SIMG_12SEP2026_1400_L2B_CTP_V01R00,3SIMG_L2B_CTP,weather,2026-09-12 14:00:00+00:00,20.02,81.03,299.89,241.59,hPa,,
3SIMG_12SEP2026_1400_L2B_CTP_V01R00,3SIMG_L2B_CTP,weather,2026-09-12 14:00:00+00:00,20.02,81.38,299.92,242.83,hPa,,
3SIMG_12SEP2026_1400_L2B_CTP_V01R00,3SIMG_L2B_CTP,weather,2026-09-12 14:00:00+00:00,20.02,81.72,299.92,242.83,hPa,,
3SIMG_12SEP2026_1400_L2B_CTP_V01R00,3SIMG_L2B_CTP,weather,2026-09-12 14:00:00+00:00,20.02,82.08,249.92,232.19,hPa,,
3SIMG_12SEP2026_1400_L2B_CTP_V01R00,3SIMG_L2B_CTP,weather,2026-09-12 14:00:00+00:00,20.02,82.43,374.94,255.6,hPa,,
3SIMG_12SEP2026_1400_L2B_CTP_V01R00,3SIMG_L2B_CTP,weather,2026-09-12 14:00:00+00:00,20.02,82.77,424.96,262.13,hPa,,
3SIMG_12SEP2026_1400_L2B_CTP_V01R00,3SIMG_L2B_CTP,weather,2026-09-12 14:00:00+00:00,20.02,83.12,474.94,266.21,hPa,,
3SIMG_12SEP2026_1400_L2B_CTP_V01R00,3SIMG_L2B_CTP,weather,2026-09-12 14:00:00+00:00,20.02,83.47,499.93,267.82,hPa,,
3SIMG_12SEP2026_1400_L2B_CTP_V01R00,3SIMG_L2B_CTP,weather,2026-09-12 14:00:00+00:00,20.02,83.82,474.92,265.48,hPa,,
3SIMG_12SEP2026_1400_L2B_CTP_V01R00,3SIMG_L2B_CTP,weather,2026-09-12 14:00:00+00:00,20.02,84.17,449.92,263.07,hPa,,
3SIMG_12SEP2026_1400_L2B_CTP_V01R00,3SIMG_L2B_CTP,weather,2026-09-12 14:00:00+00:00,20.02,84.52,574.96,273.83,hPa,,
3SIMG_12SEP2026_1400_L2B_CTP_V01R00,3SIMG_L2B_CTP,weather,2026-09-12 14:00:00+00:00,20.02,84.87,599.95,275.8,hPa,,
3SIMG_12SEP2026_1400_L2B_CTP_V01R00,3SIMG_L2B_CTP,weather,2026-09-12 14:00:00+00:00,20.02,85.92,674.95,280.72,hPa,,
3SIMG_12SEP2026_1400_L2B_CTP_V01R00,3SIMG_L2B_CTP,weather,2026-09-12 14:00:00+00:00,20.02,86.27,624.96,278.37,hPa,,
3SIMG_12SEP2026_1400_L2B_CTP_V01R00,3SIMG_L2B_CTP,weather,2026-09-12 14:00:00+00:00,19.71,72.97,424.93,260.4,hPa,,
3SIMG_12SEP2026_1400_L2B_CTP_V01R00,3SIMG_L2B_CTP,weather,2026-09-12 14:00:00+00:00,19.71,73.34,399.96,259.42,hPa,,
3SIMG_12SEP2026_1400_L2B_CTP_V01R00,3SIMG_L2B_CTP,weather,2026-09-12 14:00:00+00:00,19.71,73.68,449.96,264.56,hPa,,
3SIMG_12SEP2026_1400_L2B_CTP_V01R00,3SIMG_L2B_CTP,weather,2026-09-12 14:00:00+00:00,19.69,74.04,474.93,265.84,hPa,,
3SIMG_12SEP2026_1400_L2B_CTP_V01R00,3SIMG_L2B_CTP,weather,2026-09-12 14:00:00+00:00,19.69,74.4,449.94,263.82,hPa,,
3SIMG_12SEP2026_1400_L2B_CTP_V01R00,3SIMG_L2B_CTP,weather,2026-09-12 14:00:00+00:00,19.69,74.75,449.95,264.19,hPa,,
3SIMG_12SEP2026_1400_L2B_CTP_V01R00,3SIMG_L2B_CTP,weather,2026-09-12 14:00:00+00:00,19.68,75.1,424.96,261.94,hPa,,
3SIMG_12SEP2026_1400_L2B_CTP_V01R00,3SIMG_L2B_CTP,weather,2026-09-12 14:00:00+00:00,19.68,75.45,474.95,266.21,hPa,,
3SIMG_12SEP2026_1400_L2B_CTP_V01R00,3SIMG_L2B_CTP,weather,2026-09-12 14:00:00+00:00,19.68,75.79,399.95,259.42,hPa,,
3SIMG_12SEP2026_1400_L2B_CTP_V01R00,3SIMG_L2B_CTP,weather,2026-09-12 14:00:00+00:00,19.68,76.15,399.94,259.23,hPa,,
3SIMG_12SEP2026_1400_L2B_CTP_V01R00,3SIMG_L2B_CTP,weather,2026-09-12 14:00:00+00:00,19.68,76.5,374.93,255.4,hPa,,
3SIMG_12SEP2026_1400_L2B_CTP_V01R00,3SIMG_L2B_CTP,weather,2026-09-12 14:00:00+00:00,19.68,76.85,349.89,250.71,hPa,,
3SIMG_12SEP2026_1400_L2B_CTP_V01R00,3SIMG_L2B_CTP,weather,2026-09-12 14:00:00+00:00,19.68,77.2,299.93,244.28,hPa,,
3SIMG_12SEP2026_1400_L2B_CTP_V01R00,3SIMG_L2B_CTP,weather,2026-09-12 14:00:00+00:00,19.67,77.54,274.92,239.04,hPa,,
3SIMG_12SEP2026_1400_L2B_CTP_V01R00,3SIMG_L2B_CTP,weather,2026-09-12 14:00:00+00:00,19.67,77.9,249.94,233.91,hPa,,
3SIMG_12SEP2026_1400_L2B_CTP_V01R00,3SIMG_L2B_CTP,weather,2026-09-12 14:00:00+00:00,19.67,78.25,274.91,237.99,hPa,,
3SIMG_12SEP2026_1400_L2B_CTP_V01R00,3SIMG_L2B_CTP,weather,2026-09-12 14:00:00+00:00,19.67,78.6,274.9,237.46,hPa,,
3SIMG_12SEP2026_1400_L2B_CTP_V01R00,3SIMG_L2B_CTP,weather,2026-09-12 14:00:00+00:00,19.67,78.95,349.95,252.66,hPa,,
3SIMG_12SEP2026_1400_L2B_CTP_V01R00,3SIMG_L2B_CTP,weather,2026-09-12 14:00:00+00:00,19.67,79.29,424.96,262.32,hPa,,
3SIMG_12SEP2026_1400_L2B_CTP_V01R00,3SIMG_L2B_CTP,weather,2026-09-12 14:00:00+00:00,19.67,79.64,449.96,264.75,hPa,,
3SIMG_12SEP2026_1400_L2B_CTP_V01R00,3SIMG_L2B_CTP,weather,2026-09-12 14:00:00+00:00,19.67,79.99,474.95,266.57,hPa,,
3SIMG_12SEP2026_1400_L2B_CTP_V01R00,3SIMG_L2B_CTP,weather,2026-09-12 14:00:00+00:00,19.66,80.34,449.95,264.01,hPa,,
3SIMG_12SEP2026_1400_L2B_CTP_V01R00,3SIMG_L2B_CTP,weather,2026-09-12 14:00:00+00:00,19.66,80.68,374.92,255.19,hPa,,
3SIMG_12SEP2026_1400_L2B_CTP_V01R00,3SIMG_L2B_CTP,weather,2026-09-12 14:00:00+00:00,19.66,81.03,349.93,251.59,hPa,,
3SIMG_12SEP2026_1400_L2B_CTP_V01R00,3SIMG_L2B_CTP,weather,2026-09-12 14:00:00+00:00,19.66,81.38,349.94,252.02,hPa,,
3SIMG_12SEP2026_1400_L2B_CTP_V01R00,3SIMG_L2B_CTP,weather,2026-09-12 14:00:00+00:00,19.66,81.72,324.9,246.18,hPa,,
3SIMG_12SEP2026_1400_L2B_CTP_V01R00,3SIMG_L2B_CTP,weather,2026-09-12 14:00:00+00:00,19.66,82.08,499.93,268.0,hPa,,
3SIMG_12SEP2026_1400_L2B_CTP_V01R00,3SIMG_L2B_CTP,weather,2026-09-12 14:00:00+00:00,19.66,82.42,449.96,264.75,hPa,,
3SIMG_12SEP2026_1400_L2B_CTP_V01R00,3SIMG_L2B_CTP,weather,2026-09-12 14:00:00+00:00,19.66,82.77,424.93,260.59,hPa,,
3SIMG_12SEP2026_1400_L2B_CTP_V01R00,3SIMG_L2B_CTP,weather,2026-09-12 14:00:00+00:00,19.66,83.12,499.95,268.35,hPa,,
3SIMG_12SEP2026_1400_L2B_CTP_V01R00,3SIMG_L2B_CTP,weather,2026-09-12 14:00:00+00:00,19.66,83.47,499.96,268.53,hPa,,
3SIMG_12SEP2026_1400_L2B_CTP_V01R00,3SIMG_L2B_CTP,weather,2026-09-12 14:00:00+00:00,19.66,83.82,549.94,271.47,hPa,,
3SIMG_12SEP2026_1400_L2B_CTP_V01R00,3SIMG_L2B_CTP,weather,2026-09-12 14:00:00+00:00,19.67,84.16,599.98,276.45,hPa,,
3SIMG_12SEP2026_1400_L2B_CTP_V01R00,3SIMG_L2B_CTP,weather,2026-09-12 14:00:00+00:00,19.67,84.51,624.96,277.34,hPa,,
3SIMG_12SEP2026_1400_L2B_CTP_V01R00,3SIMG_L2B_CTP,weather,2026-09-12 14:00:00+00:00,19.35,73.0,424.96,261.56,hPa,,
3SIMG_12SEP2026_1400_L2B_CTP_V01R00,3SIMG_L2B_CTP,weather,2026-09-12 14:00:00+00:00,19.35,73.36,424.94,260.98,hPa,,
3SIMG_12SEP2026_1400_L2B_CTP_V01R00,3SIMG_L2B_CTP,weather,2026-09-12 14:00:00+00:00,19.35,73.71,399.95,259.03,hPa,,
3SIMG_12SEP2026_1400_L2B_CTP_V01R00,3SIMG_L2B_CTP,weather,2026-09-12 14:00:00+00:00,19.34,74.06,449.92,263.07,hPa,,
3SIMG_12SEP2026_1400_L2B_CTP_V01R00,3SIMG_L2B_CTP,weather,2026-09-12 14:00:00+00:00,19.34,74.41,374.97,257.03,hPa,,
3SIMG_12SEP2026_1400_L2B_CTP_V01R00,3SIMG_L2B_CTP,weather,2026-09-12 14:00:00+00:00,19.34,74.77,374.93,255.19,hPa,,
3SIMG_12SEP2026_1400_L2B_CTP_V01R00,3SIMG_L2B_CTP,weather,2026-09-12 14:00:00+00:00,19.33,75.11,399.94,258.63,hPa,,
3SIMG_12SEP2026_1400_L2B_CTP_V01R00,3SIMG_L2B_CTP,weather,2026-09-12 14:00:00+00:00,19.33,75.47,399.91,257.64,hPa,,
3SIMG_12SEP2026_1400_L2B_CTP_V01R00,3SIMG_L2B_CTP,weather,2026-09-12 14:00:00+00:00,19.33,75.82,399.92,258.24,hPa,,
3SIMG_12SEP2026_1400_L2B_CTP_V01R00,3SIMG_L2B_CTP,weather,2026-09-12 14:00:00+00:00,19.33,76.17,399.96,259.82,hPa,,
3SIMG_12SEP2026_1400_L2B_CTP_V01R00,3SIMG_L2B_CTP,weather,2026-09-12 14:00:00+00:00,19.32,76.52,424.94,261.94,hPa,,
3SIMG_12SEP2026_1400_L2B_CTP_V01R00,3SIMG_L2B_CTP,weather,2026-09-12 14:00:00+00:00,19.32,76.86,399.91,258.04,hPa,,
3SIMG_12SEP2026_1400_L2B_CTP_V01R00,3SIMG_L2B_CTP,weather,2026-09-12 14:00:00+00:00,19.32,77.22,299.95,245.71,hPa,,
3SIMG_12SEP2026_1400_L2B_CTP_V01R00,3SIMG_L2B_CTP,weather,2026-09-12 14:00:00+00:00,19.32,77.56,299.89,242.08,hPa,,
3SIMG_12SEP2026_1400_L2B_CTP_V01R00,3SIMG_L2B_CTP,weather,2026-09-12 14:00:00+00:00,19.32,77.91,249.92,233.06,hPa,,
3SIMG_12SEP2026_1400_L2B_CTP_V01R00,3SIMG_L2B_CTP,weather,2026-09-12 14:00:00+00:00,19.31,78.25,274.94,239.56,hPa,,
3SIMG_12SEP2026_1400_L2B_CTP_V01R00,3SIMG_L2B_CTP,weather,2026-09-12 14:00:00+00:00,19.31,78.61,274.93,239.04,hPa,,
3SIMG_12SEP2026_1400_L2B_CTP_V01R00,3SIMG_L2B_CTP,weather,2026-09-12 14:00:00+00:00,19.31,78.95,399.95,259.23,hPa,,
3SIMG_12SEP2026_1400_L2B_CTP_V01R00,3SIMG_L2B_CTP,weather,2026-09-12 14:00:00+00:00,19.31,79.29,449.92,262.88,hPa,,
3SIMG_12SEP2026_1400_L2B_CTP_V01R00,3SIMG_L2B_CTP,weather,2026-09-12 14:00:00+00:00,19.31,79.65,424.96,262.51,hPa,,
3SIMG_12SEP2026_1400_L2B_CTP_V01R00,3SIMG_L2B_CTP,weather,2026-09-12 14:00:00+00:00,19.31,80.0,449.92,262.88,hPa,,
3SIMG_12SEP2026_1400_L2B_CTP_V01R00,3SIMG_L2B_CTP,weather,2026-09-12 14:00:00+00:00,19.31,80.34,399.94,258.44,hPa,,
3SIMG_12SEP2026_1400_L2B_CTP_V01R00,3SIMG_L2B_CTP,weather,2026-09-12 14:00:00+00:00,19.31,80.68,349.9,250.27,hPa,,
3SIMG_12SEP2026_1400_L2B_CTP_V01R00,3SIMG_L2B_CTP,weather,2026-09-12 14:00:00+00:00,19.31,81.04,374.9,253.52,hPa,,
3SIMG_12SEP2026_1400_L2B_CTP_V01R00,3SIMG_L2B_CTP,weather,2026-09-12 14:00:00+00:00,19.31,81.38,399.95,259.23,hPa,,
3SIMG_12SEP2026_1400_L2B_CTP_V01R00,3SIMG_L2B_CTP,weather,2026-09-12 14:00:00+00:00,19.3,81.72,449.92,263.63,hPa,,
3SIMG_12SEP2026_1400_L2B_CTP_V01R00,3SIMG_L2B_CTP,weather,2026-09-12 14:00:00+00:00,19.3,82.08,499.96,269.23,hPa,,
3SIMG_12SEP2026_1400_L2B_CTP_V01R00,3SIMG_L2B_CTP,weather,2026-09-12 14:00:00+00:00,19.31,82.42,374.97,256.42,hPa,,
3SIMG_12SEP2026_1400_L2B_CTP_V01R00,3SIMG_L2B_CTP,weather,2026-09-12 14:00:00+00:00,19.31,82.77,399.92,257.44,hPa,,
3SIMG_12SEP2026_1400_L2B_CTP_V01R00,3SIMG_L2B_CTP,weather,2026-09-12 14:00:00+00:00,19.31,83.12,424.94,261.36,hPa,,
3SIMG_12SEP2026_1400_L2B_CTP_V01R00,3SIMG_L2B_CTP,weather,2026-09-12 14:00:00+00:00,19.31,83.46,475.0,267.41,hPa,,
3SIMG_12SEP2026_1400_L2B_CTP_V01R00,3SIMG_L2B_CTP,weather,2026-09-12 14:00:00+00:00,19.31,83.81,549.95,271.81,hPa,,
3SIMG_12SEP2026_1400_L2B_CTP_V01R00,3SIMG_L2B_CTP,weather,2026-09-12 14:00:00+00:00,19.31,84.16,624.95,277.1,hPa,,
3SIMG_12SEP2026_1400_L2B_CTP_V01R00,3SIMG_L2B_CTP,weather,2026-09-12 14:00:00+00:00,19.31,84.5,599.96,276.05,hPa,,
3SIMG_12SEP2026_1400_L2B_CTP_V01R00,3SIMG_L2B_CTP,weather,2026-09-12 14:00:00+00:00,19.31,84.85,649.98,279.63,hPa,,
3SIMG_12SEP2026_1400_L2B_CTP_V01R00,3SIMG_L2B_CTP,weather,2026-09-12 14:00:00+00:00,19.0,73.03,399.93,257.64,hPa,,
3SIMG_12SEP2026_1400_L2B_CTP_V01R00,3SIMG_L2B_CTP,weather,2026-09-12 14:00:00+00:00,18.99,73.38,424.95,261.17,hPa,,
3SIMG_12SEP2026_1400_L2B_CTP_V01R00,3SIMG_L2B_CTP,weather,2026-09-12 14:00:00+00:00,18.99,73.72,449.94,263.26,hPa,,
3SIMG_12SEP2026_1400_L2B_CTP_V01R00,3SIMG_L2B_CTP,weather,2026-09-12 14:00:00+00:00,18.99,74.08,399.96,259.62,hPa,,
3SIMG_12SEP2026_1400_L2B_CTP_V01R00,3SIMG_L2B_CTP,weather,2026-09-12 14:00:00+00:00,18.98,74.43,374.91,254.57,hPa,,
3SIMG_12SEP2026_1400_L2B_CTP_V01R00,3SIMG_L2B_CTP,weather,2026-09-12 14:00:00+00:00,18.98,74.78,349.93,251.8,hPa,,
3SIMG_12SEP2026_1400_L2B_CTP_V01R00,3SIMG_L2B_CTP,weather,2026-09-12 14:00:00+00:00,18.98,75.13,349.89,249.83,hPa,,
3SIMG_12SEP2026_1400_L2B_CTP_V01R00,3SIMG_L2B_CTP,weather,2026-09-12 14:00:00+00:00,18.97,75.47,349.92,251.59,hPa,,
3SIMG_12SEP2026_1400_L2B_CTP_V01R00,3SIMG_L2B_CTP,weather,2026-09-12 14:00:00+00:00,18.97,75.83,349.9,250.49,hPa,,
3SIMG_12SEP2026_1400_L2B_CTP_V01R00,3SIMG_L2B_CTP,weather,2026-09-12 14:00:00+00:00,18.97,76.18,374.91,253.94,hPa,,
3SIMG_12SEP2026_1400_L2B_CTP_V01R00,3SIMG_L2B_CTP,weather,2026-09-12 14:00:00+00:00,18.97,76.53,349.94,252.23,hPa,,
3SIMG_12SEP2026_1400_L2B_CTP_V01R00,3SIMG_L2B_CTP,weather,2026-09-12 14:00:00+00:00,18.96,76.88,299.94,244.52,hPa,,
3SIMG_12SEP2026_1400_L2B_CTP_V01R00,3SIMG_L2B_CTP,weather,2026-09-12 14:00:00+00:00,18.96,77.22,299.91,243.07,hPa,,
3SIMG_12SEP2026_1400_L2B_CTP_V01R00,3SIMG_L2B_CTP,weather,2026-09-12 14:00:00+00:00,18.96,77.57,299.93,243.8,hPa,,
3SIMG_12SEP2026_1400_L2B_CTP_V01R00,3SIMG_L2B_CTP,weather,2026-09-12 14:00:00+00:00,18.96,77.92,299.9,242.08,hPa,,
3SIMG_12SEP2026_1400_L2B_CTP_V01R00,3SIMG_L2B_CTP,weather,2026-09-12 14:00:00+00:00,18.96,78.27,374.96,256.42,hPa,,
3SIMG_12SEP2026_1400_L2B_CTP_V01R00,3SIMG_L2B_CTP,weather,2026-09-12 14:00:00+00:00,18.96,78.61,374.95,256.22,hPa,,
3SIMG_12SEP2026_1400_L2B_CTP_V01R00,3SIMG_L2B_CTP,weather,2026-09-12 14:00:00+00:00,18.94,78.96,399.97,259.82,hPa,,
3SIMG_12SEP2026_1400_L2B_CTP_V01R00,3SIMG_L2B_CTP,weather,2026-09-12 14:00:00+00:00,18.94,79.31,424.91,260.21,hPa,,
3SIMG_12SEP2026_1400_L2B_CTP_V01R00,3SIMG_L2B_CTP,weather,2026-09-12 14:00:00+00:00,18.94,79.66,374.92,254.78,hPa,,
3SIMG_12SEP2026_1400_L2B_CTP_V01R00,3SIMG_L2B_CTP,weather,2026-09-12 14:00:00+00:00,18.94,80.0,399.95,258.83,hPa,,
3SIMG_12SEP2026_1400_L2B_CTP_V01R00,3SIMG_L2B_CTP,weather,2026-09-12 14:00:00+00:00,18.94,80.35,424.96,262.88,hPa,,
3SIMG_12SEP2026_1400_L2B_CTP_V01R00,3SIMG_L2B_CTP,weather,2026-09-12 14:00:00+00:00,18.94,80.68,374.93,254.78,hPa,,
3SIMG_12SEP2026_1400_L2B_CTP_V01R00,3SIMG_L2B_CTP,weather,2026-09-12 14:00:00+00:00,18.94,81.04,399.94,258.63,hPa,,
3SIMG_12SEP2026_1400_L2B_CTP_V01R00,3SIMG_L2B_CTP,weather,2026-09-12 14:00:00+00:00,18.94,81.39,424.94,261.17,hPa,,
3SIMG_12SEP2026_1400_L2B_CTP_V01R00,3SIMG_L2B_CTP,weather,2026-09-12 14:00:00+00:00,18.94,81.72,424.94,260.98,hPa,,
3SIMG_12SEP2026_1400_L2B_CTP_V01R00,3SIMG_L2B_CTP,weather,2026-09-12 14:00:00+00:00,18.94,82.08,424.93,260.59,hPa,,
3SIMG_12SEP2026_1400_L2B_CTP_V01R00,3SIMG_L2B_CTP,weather,2026-09-12 14:00:00+00:00,18.94,82.42,349.91,249.83,hPa,,
3SIMG_12SEP2026_1400_L2B_CTP_V01R00,3SIMG_L2B_CTP,weather,2026-09-12 14:00:00+00:00,18.94,82.77,399.91,256.63,hPa,,
3SIMG_12SEP2026_1400_L2B_CTP_V01R00,3SIMG_L2B_CTP,weather,2026-09-12 14:00:00+00:00,18.94,83.11,474.94,266.21,hPa,,
3SIMG_12SEP2026_1400_L2B_CTP_V01R00,3SIMG_L2B_CTP,weather,2026-09-12 14:00:00+00:00,18.94,83.46,474.93,265.48,hPa,,
3SIMG_12SEP2026_1400_L2B_CTP_V01R00,3SIMG_L2B_CTP,weather,2026-09-12 14:00:00+00:00,18.94,83.81,524.95,269.75,hPa,,
3SIMG_12SEP2026_1400_L2B_CTP_V01R00,3SIMG_L2B_CTP,weather,2026-09-12 14:00:00+00:00,18.94,84.15,524.97,270.79,hPa,,
3SIMG_12SEP2026_1400_L2B_CTP_V01R00,3SIMG_L2B_CTP,weather,2026-09-12 14:00:00+00:00,18.94,84.5,674.94,279.79,hPa,,
3SIMG_12SEP2026_1400_L2B_CTP_V01R00,3SIMG_L2B_CTP,weather,2026-09-12 14:00:00+00:00,18.64,73.04,549.94,271.81,hPa,,
3SIMG_12SEP2026_1400_L2B_CTP_V01R00,3SIMG_L2B_CTP,weather,2026-09-12 14:00:00+00:00,18.64,73.4,599.95,275.97,hPa,,
3SIMG_12SEP2026_1400_L2B_CTP_V01R00,3SIMG_L2B_CTP,weather,2026-09-12 14:00:00+00:00,18.63,73.75,574.94,273.66,hPa,,
3SIMG_12SEP2026_1400_L2B_CTP_V01R00,3SIMG_L2B_CTP,weather,2026-09-12 14:00:00+00:00,18.63,74.1,399.92,257.23,hPa,,
3SIMG_12SEP2026_1400_L2B_CTP_V01R00,3SIMG_L2B_CTP,weather,2026-09-12 14:00:00+00:00,18.63,74.45,299.95,244.52,hPa,,
3SIMG_12SEP2026_1400_L2B_CTP_V01R00,3SIMG_L2B_CTP,weather,2026-09-12 14:00:00+00:00,18.61,74.79,374.9,253.73,hPa,,
3SIMG_12SEP2026_1400_L2B_CTP_V01R00,3SIMG_L2B_CTP,weather,2026-09-12 14:00:00+00:00,18.61,75.15,399.91,257.23,hPa,,
3SIMG_12SEP2026_1400_L2B_CTP_V01R00,3SIMG_L2B_CTP,weather,2026-09-12 14:00:00+00:00,18.61,75.5,324.92,247.11,hPa,,
3SIMG_12SEP2026_1400_L2B_CTP_V01R00,3SIMG_L2B_CTP,weather,2026-09-12 14:00:00+00:00,18.61,75.85,324.93,247.8,hPa,,
3SIMG_12SEP2026_1400_L2B_CTP_V01R00,3SIMG_L2B_CTP,weather,2026-09-12 14:00:00+00:00,18.6,76.2,324.92,247.57,hPa,,
3SIMG_12SEP2026_1400_L2B_CTP_V01R00,3SIMG_L2B_CTP,weather,2026-09-12 14:00:00+00:00,18.6,76.54,299.89,241.34,hPa,,
3SIMG_12SEP2026_1400_L2B_CTP_V01R00,3SIMG_L2B_CTP,weather,2026-09-12 14:00:00+00:00,18.6,76.89,349.89,249.83,hPa,,
3SIMG_12SEP2026_1400_L2B_CTP_V01R00,3SIMG_L2B_CTP,weather,2026-09-12 14:00:00+00:00,18.6,77.24,274.92,237.99,hPa,,
3SIMG_12SEP2026_1400_L2B_CTP_V01R00,3SIMG_L2B_CTP,weather,2026-09-12 14:00:00+00:00,18.6,77.59,299.89,241.08,hPa,,
3SIMG_12SEP2026_1400_L2B_CTP_V01R00,3SIMG_L2B_CTP,weather,2026-09-12 14:00:00+00:00,18.6,77.93,299.87,240.33,hPa,,
3SIMG_12SEP2026_1400_L2B_CTP_V01R00,3SIMG_L2B_CTP,weather,2026-09-12 14:00:00+00:00,18.6,78.28,399.96,259.62,hPa,,
3SIMG_12SEP2026_1400_L2B_CTP_V01R00,3SIMG_L2B_CTP,weather,2026-09-12 14:00:00+00:00,18.6,78.61,424.94,261.36,hPa,,
3SIMG_12SEP2026_1400_L2B_CTP_V01R00,3SIMG_L2B_CTP,weather,2026-09-12 14:00:00+00:00,18.6,78.97,324.92,247.34,hPa,,
3SIMG_12SEP2026_1400_L2B_CTP_V01R00,3SIMG_L2B_CTP,weather,2026-09-12 14:00:00+00:00,18.6,79.32,349.91,250.71,hPa,,
3SIMG_12SEP2026_1400_L2B_CTP_V01R00,3SIMG_L2B_CTP,weather,2026-09-12 14:00:00+00:00,18.6,79.66,399.94,259.03,hPa,,
3SIMG_12SEP2026_1400_L2B_CTP_V01R00,3SIMG_L2B_CTP,weather,2026-09-12 14:00:00+00:00,18.6,80.0,399.91,257.03,hPa,,
3SIMG_12SEP2026_1400_L2B_CTP_V01R00,3SIMG_L2B_CTP,weather,2026-09-12 14:00:00+00:00,18.59,80.35,399.96,259.23,hPa,,
3SIMG_12SEP2026_1400_L2B_CTP_V01R00,3SIMG_L2B_CTP,weather,2026-09-12 14:00:00+00:00,18.59,80.7,399.96,259.42,hPa,,
3SIMG_12SEP2026_1400_L2B_CTP_V01R00,3SIMG_L2B_CTP,weather,2026-09-12 14:00:00+00:00,18.59,81.04,424.92,260.4,hPa,,
3SIMG_12SEP2026_1400_L2B_CTP_V01R00,3SIMG_L2B_CTP,weather,2026-09-12 14:00:00+00:00,18.59,81.39,399.94,258.44,hPa,,
3SIMG_12SEP2026_1400_L2B_CTP_V01R00,3SIMG_L2B_CTP,weather,2026-09-12 14:00:00+00:00,18.59,81.72,399.91,256.63,hPa,,
3SIMG_12SEP2026_1400_L2B_CTP_V01R00,3SIMG_L2B_CTP,weather,2026-09-12 14:00:00+00:00,18.59,82.08,424.96,262.32,hPa,,
3SIMG_12SEP2026_1400_L2B_CTP_V01R00,3SIMG_L2B_CTP,weather,2026-09-12 14:00:00+00:00,18.59,82.42,474.94,265.84,hPa,,
3SIMG_12SEP2026_1400_L2B_CTP_V01R00,3SIMG_L2B_CTP,weather,2026-09-12 14:00:00+00:00,18.59,82.77,449.96,264.38,hPa,,
3SIMG_12SEP2026_1400_L2B_CTP_V01R00,3SIMG_L2B_CTP,weather,2026-09-12 14:00:00+00:00,18.59,83.11,474.93,265.11,hPa,,
3SIMG_12SEP2026_1400_L2B_CTP_V01R00,3SIMG_L2B_CTP,weather,2026-09-12 14:00:00+00:00,18.59,83.46,474.95,265.84,hPa,,
3SIMG_12SEP2026_1400_L2B_CTP_V01R00,3SIMG_L2B_CTP,weather,2026-09-12 14:00:00+00:00,18.59,83.8,474.97,267.11,hPa,,
3SIMG_12SEP2026_1400_L2B_CTP_V01R00,3SIMG_L2B_CTP,weather,2026-09-12 14:00:00+00:00,18.6,84.15,549.93,270.27,hPa,,
3SIMG_12SEP2026_1400_L2B_CTP_V01R00,3SIMG_L2B_CTP,weather,2026-09-12 14:00:00+00:00,18.27,73.07,649.97,280.33,hPa,,
3SIMG_12SEP2026_1400_L2B_CTP_V01R00,3SIMG_L2B_CTP,weather,2026-09-12 14:00:00+00:00,18.27,73.42,624.97,278.77,hPa,,
3SIMG_12SEP2026_1400_L2B_CTP_V01R00,3SIMG_L2B_CTP,weather,2026-09-12 14:00:00+00:00,18.27,73.77,599.95,275.8,hPa,,
3SIMG_12SEP2026_1400_L2B_CTP_V01R00,3SIMG_L2B_CTP,weather,2026-09-12 14:00:00+00:00,18.27,74.11,549.94,271.64,hPa,,
3SIMG_12SEP2026_1400_L2B_CTP_V01R00,3SIMG_L2B_CTP,weather,2026-09-12 14:00:00+00:00,18.27,74.47,399.93,258.04,hPa,,
3SIMG_12SEP2026_1400_L2B_CTP_V01R00,3SIMG_L2B_CTP,weather,2026-09-12 14:00:00+00:00,18.27,74.82,399.92,257.44,hPa,,
3SIMG_12SEP2026_1400_L2B_CTP_V01R00,3SIMG_L2B_CTP,weather,2026-09-12 14:00:00+00:00,18.27,75.17,399.97,259.62,hPa,,
3SIMG_12SEP2026_1400_L2B_CTP_V01R00,3SIMG_L2B_CTP,weather,2026-09-12 14:00:00+00:00,18.26,75.52,349.93,252.02,hPa,,
3SIMG_12SEP2026_1400_L2B_CTP_V01R00,3SIMG_L2B_CTP,weather,2026-09-12 14:00:00+00:00,18.26,75.86,374.92,254.36,hPa,,
3SIMG_12SEP2026_1400_L2B_CTP_V01R00,3SIMG_L2B_CTP,weather,2026-09-12 14:00:00+00:00,18.26,76.21,324.93,247.8,hPa,,
3SIMG_12SEP2026_1400_L2B_CTP_V01R00,3SIMG_L2B_CTP,weather,2026-09-12 14:00:00+00:00,18.26,76.56,324.9,246.41,hPa,,
3SIMG_12SEP2026_1400_L2B_CTP_V01R00,3SIMG_L2B_CTP,weather,2026-09-12 14:00:00+00:00,18.25,76.9,299.92,242.83,hPa,,
3SIMG_12SEP2026_1400_L2B_CTP_V01R00,3SIMG_L2B_CTP,weather,2026-09-12 14:00:00+00:00,18.25,77.25,274.89,236.12,hPa,,
3SIMG_12SEP2026_1400_L2B_CTP_V01R00,3SIMG_L2B_CTP,weather,2026-09-12 14:00:00+00:00,18.25,77.6,274.9,236.93,hPa,,
3SIMG_12SEP2026_1400_L2B_CTP_V01R00,3SIMG_L2B_CTP,weather,2026-09-12 14:00:00+00:00,18.25,77.93,324.9,246.41,hPa,,
3SIMG_12SEP2026_1400_L2B_CTP_V01R00,3SIMG_L2B_CTP,weather,2026-09-12 14:00:00+00:00,18.25,78.29,424.95,261.94,hPa,,
3SIMG_12SEP2026_1400_L2B_CTP_V01R00,3SIMG_L2B_CTP,weather,2026-09-12 14:00:00+00:00,18.25,78.63,399.96,259.42,hPa,,
3SIMG_12SEP2026_1400_L2B_CTP_V01R00,3SIMG_L2B_CTP,weather,2026-09-12 14:00:00+00:00,18.24,78.97,374.94,255.81,hPa,,
3SIMG_12SEP2026_1400_L2B_CTP_V01R00,3SIMG_L2B_CTP,weather,2026-09-12 14:00:00+00:00,18.24,79.32,399.93,258.04,hPa,,
3SIMG_12SEP2026_1400_L2B_CTP_V01R00,3SIMG_L2B_CTP,weather,2026-09-12 14:00:00+00:00,18.24,79.67,349.9,249.38,hPa,,
3SIMG_12SEP2026_1400_L2B_CTP_V01R00,3SIMG_L2B_CTP,weather,2026-09-12 14:00:00+00:00,18.24,80.0,349.92,251.15,hPa,,
3SIMG_12SEP2026_1400_L2B_CTP_V01R00,3SIMG_L2B_CTP,weather,2026-09-12 14:00:00+00:00,18.24,80.36,349.95,252.45,hPa,,
3SIMG_12SEP2026_1400_L2B_CTP_V01R00,3SIMG_L2B_CTP,weather,2026-09-12 14:00:00+00:00,18.24,80.7,374.94,254.98,hPa,,
3SIMG_12SEP2026_1400_L2B_CTP_V01R00,3SIMG_L2B_CTP,weather,2026-09-12 14:00:00+00:00,18.24,81.04,374.93,254.36,hPa,,
3SIMG_12SEP2026_1400_L2B_CTP_V01R00,3SIMG_L2B_CTP,weather,2026-09-12 14:00:00+00:00,18.24,81.39,374.92,254.15,hPa,,
3SIMG_12SEP2026_1400_L2B_CTP_V01R00,3SIMG_L2B_CTP,weather,2026-09-12 14:00:00+00:00,18.24,81.72,349.89,248.93,hPa,,
3SIMG_12SEP2026_1400_L2B_CTP_V01R00,3SIMG_L2B_CTP,weather,2026-09-12 14:00:00+00:00,18.24,82.08,449.93,262.88,hPa,,
3SIMG_12SEP2026_1400_L2B_CTP_V01R00,3SIMG_L2B_CTP,weather,2026-09-12 14:00:00+00:00,18.24,82.42,449.92,262.51,hPa,,
3SIMG_12SEP2026_1400_L2B_CTP_V01R00,3SIMG_L2B_CTP,weather,2026-09-12 14:00:00+00:00,18.24,82.76,449.93,262.51,hPa,,
3SIMG_12SEP2026_1400_L2B_CTP_V01R00,3SIMG_L2B_CTP,weather,2026-09-12 14:00:00+00:00,18.24,83.11,474.94,265.3,hPa,,
3SIMG_12SEP2026_1400_L2B_CTP_V01R00,3SIMG_L2B_CTP,weather,2026-09-12 14:00:00+00:00,18.24,83.45,524.93,268.35,hPa,,
3SIMG_12SEP2026_1400_L2B_CTP_V01R00,3SIMG_L2B_CTP,weather,2026-09-12 14:00:00+00:00,18.24,83.8,499.96,268.0,hPa,,
3SIMG_12SEP2026_1400_L2B_CTP_V01R00,3SIMG_L2B_CTP,weather,2026-09-12 14:00:00+00:00,17.93,73.09,649.97,280.72,hPa,,
3SIMG_12SEP2026_1400_L2B_CTP_V01R00,3SIMG_L2B_CTP,weather,2026-09-12 14:00:00+00:00,17.93,73.43,574.96,274.82,hPa,,
3SIMG_12SEP2026_1400_L2B_CTP_V01R00,3SIMG_L2B_CTP,weather,2026-09-12 14:00:00+00:00,17.92,73.79,599.95,276.61,hPa,,
3SIMG_12SEP2026_1400_L2B_CTP_V01R00,3SIMG_L2B_CTP,weather,2026-09-12 14:00:00+00:00,17.92,74.14,574.97,275.31,hPa,,
3SIMG_12SEP2026_1400_L2B_CTP_V01R00,3SIMG_L2B_CTP,weather,2026-09-12 14:00:00+00:00,17.92,74.49,499.93,266.93,hPa,,
3SIMG_12SEP2026_1400_L2B_CTP_V01R00,3SIMG_L2B_CTP,weather,2026-09-12 14:00:00+00:00,17.91,74.84,399.96,259.62,hPa,,
3SIMG_12SEP2026_1400_L2B_CTP_V01R00,3SIMG_L2B_CTP,weather,2026-09-12 14:00:00+00:00,17.91,75.18,449.92,262.51,hPa,,
3SIMG_12SEP2026_1400_L2B_CTP_V01R00,3SIMG_L2B_CTP,weather,2026-09-12 14:00:00+00:00,17.91,75.53,399.92,257.23,hPa,,
3SIMG_12SEP2026_1400_L2B_CTP_V01R00,3SIMG_L2B_CTP,weather,2026-09-12 14:00:00+00:00,17.91,75.88,349.9,249.83,hPa,,
3SIMG_12SEP2026_1400_L2B_CTP_V01R00,3SIMG_L2B_CTP,weather,2026-09-12 14:00:00+00:00,17.9,76.22,349.94,251.59,hPa,,
3SIMG_12SEP2026_1400_L2B_CTP_V01R00,3SIMG_L2B_CTP,weather,2026-09-12 14:00:00+00:00,17.9,76.57,374.9,253.3,hPa,,
3SIMG_12SEP2026_1400_L2B_CTP_V01R00,3SIMG_L2B_CTP,weather,2026-09-12 14:00:00+00:00,17.9,76.92,299.91,241.84,hPa,,
3SIMG_12SEP2026_1400_L2B_CTP_V01R00,3SIMG_L2B_CTP,weather,2026-09-12 14:00:00+00:00,17.9,77.25,299.87,239.81,hPa,,
3SIMG_12SEP2026_1400_L2B_CTP_V01R00,3SIMG_L2B_CTP,weather,2026-09-12 14:00:00+00:00,17.9,77.61,324.92,246.88,hPa,,
3SIMG_12SEP2026_1400_L2B_CTP_V01R00,3SIMG_L2B_CTP,weather,2026-09-12 14:00:00+00:00,17.89,77.95,349.96,253.09,hPa,,
3SIMG_12SEP2026_1400_L2B_CTP_V01R00,3SIMG_L2B_CTP,weather,2026-09-12 14:00:00+00:00,17.89,78.29,374.92,254.36,hPa,,
3SIMG_12SEP2026_1400_L2B_CTP_V01R00,3SIMG_L2B_CTP,weather,2026-09-12 14:00:00+00:00,17.89,78.64,374.91,253.94,hPa,,
3SIMG_12SEP2026_1400_L2B_CTP_V01R00,3SIMG_L2B_CTP,weather,2026-09-12 14:00:00+00:00,17.89,78.97,324.92,247.34,hPa,,
3SIMG_12SEP2026_1400_L2B_CTP_V01R00,3SIMG_L2B_CTP,weather,2026-09-12 14:00:00+00:00,17.89,79.33,324.91,246.88,hPa,,
3SIMG_12SEP2026_1400_L2B_CTP_V01R00,3SIMG_L2B_CTP,weather,2026-09-12 14:00:00+00:00,17.89,79.67,324.94,248.03,hPa,,
3SIMG_12SEP2026_1400_L2B_CTP_V01R00,3SIMG_L2B_CTP,weather,2026-09-12 14:00:00+00:00,17.89,80.02,349.92,251.15,hPa,,
3SIMG_12SEP2026_1400_L2B_CTP_V01R00,3SIMG_L2B_CTP,weather,2026-09-12 14:00:00+00:00,17.89,80.36,374.96,256.22,hPa,,
3SIMG_12SEP2026_1400_L2B_CTP_V01R00,3SIMG_L2B_CTP,weather,2026-09-12 14:00:00+00:00,17.89,80.7,374.91,253.73,hPa,,
3SIMG_12SEP2026_1400_L2B_CTP_V01R00,3SIMG_L2B_CTP,weather,2026-09-12 14:00:00+00:00,17.89,81.04,349.93,250.93,hPa,,
3SIMG_12SEP2026_1400_L2B_CTP_V01R00,3SIMG_L2B_CTP,weather,2026-09-12 14:00:00+00:00,17.89,81.39,324.9,245.24,hPa,,
3SIMG_12SEP2026_1400_L2B_CTP_V01R00,3SIMG_L2B_CTP,weather,2026-09-12 14:00:00+00:00,17.89,81.72,324.94,247.57,hPa,,
3SIMG_12SEP2026_1400_L2B_CTP_V01R00,3SIMG_L2B_CTP,weather,2026-09-12 14:00:00+00:00,17.89,82.08,374.96,256.22,hPa,,
3SIMG_12SEP2026_1400_L2B_CTP_V01R00,3SIMG_L2B_CTP,weather,2026-09-12 14:00:00+00:00,17.89,82.42,399.97,259.62,hPa,,
3SIMG_12SEP2026_1400_L2B_CTP_V01R00,3SIMG_L2B_CTP,weather,2026-09-12 14:00:00+00:00,17.89,82.76,424.94,260.98,hPa,,
3SIMG_12SEP2026_1400_L2B_CTP_V01R00,3SIMG_L2B_CTP,weather,2026-09-12 14:00:00+00:00,17.89,83.11,424.97,261.75,hPa,,
3SIMG_12SEP2026_1400_L2B_CTP_V01R00,3SIMG_L2B_CTP,weather,2026-09-12 14:00:00+00:00,17.89,83.45,474.94,265.3,hPa,,
3SIMG_12SEP2026_1400_L2B_CTP_V01R00,3SIMG_L2B_CTP,weather,2026-09-12 14:00:00+00:00,17.57,73.46,624.97,278.85,hPa,,
3SIMG_12SEP2026_1400_L2B_CTP_V01R00,3SIMG_L2B_CTP,weather,2026-09-12 14:00:00+00:00,17.57,73.81,599.94,276.13,hPa,,
3SIMG_12SEP2026_1400_L2B_CTP_V01R00,3SIMG_L2B_CTP,weather,2026-09-12 14:00:00+00:00,17.57,74.16,624.97,278.37,hPa,,
3SIMG_12SEP2026_1400_L2B_CTP_V01R00,3SIMG_L2B_CTP,weather,2026-09-12 14:00:00+00:00,17.56,74.51,649.97,280.1,hPa,,
3SIMG_12SEP2026_1400_L2B_CTP_V01R00,3SIMG_L2B_CTP,weather,2026-09-12 14:00:00+00:00,17.56,74.85,499.94,267.55,hPa,,
3SIMG_12SEP2026_1400_L2B_CTP_V01R00,3SIMG_L2B_CTP,weather,2026-09-12 14:00:00+00:00,17.56,75.2,474.95,266.02,hPa,,
3SIMG_12SEP2026_1400_L2B_CTP_V01R00,3SIMG_L2B_CTP,weather,2026-09-12 14:00:00+00:00,17.56,75.54,424.92,260.01,hPa,,
3SIMG_12SEP2026_1400_L2B_CTP_V01R00,3SIMG_L2B_CTP,weather,2026-09-12 14:00:00+00:00,17.55,75.89,374.95,255.4,hPa,,
3SIMG_12SEP2026_1400_L2B_CTP_V01R00,3SIMG_L2B_CTP,weather,2026-09-12 14:00:00+00:00,17.55,76.24,324.94,248.03,hPa,,
3SIMG_12SEP2026_1400_L2B_CTP_V01R00,3SIMG_L2B_CTP,weather,2026-09-12 14:00:00+00:00,17.55,76.58,299.92,242.08,hPa,,
3SIMG_12SEP2026_1400_L2B_CTP_V01R00,3SIMG_L2B_CTP,weather,2026-09-12 14:00:00+00:00,17.55,76.93,299.95,244.52,hPa,,
3SIMG_12SEP2026_1400_L2B_CTP_V01R00,3SIMG_L2B_CTP,weather,2026-09-12 14:00:00+00:00,17.55,77.27,399.93,258.04,hPa,,
3SIMG_12SEP2026_1400_L2B_CTP_V01R00,3SIMG_L2B_CTP,weather,2026-09-12 14:00:00+00:00,17.54,77.61,399.95,259.03,hPa,,
3SIMG_12SEP2026_1400_L2B_CTP_V01R00,3SIMG_L2B_CTP,weather,2026-09-12 14:00:00+00:00,17.54,77.96,374.94,255.4,hPa,,
3SIMG_12SEP2026_1400_L2B_CTP_V01R00,3SIMG_L2B_CTP,weather,2026-09-12 14:00:00+00:00,17.54,78.29,349.93,251.37,hPa,,
3SIMG_12SEP2026_1400_L2B_CTP_V01R00,3SIMG_L2B_CTP,weather,2026-09-12 14:00:00+00:00,17.54,78.65,324.95,248.48,hPa,,
3SIMG_12SEP2026_1400_L2B_CTP_V01R00,3SIMG_L2B_CTP,weather,2026-09-12 14:00:00+00:00,17.54,78.99,374.94,255.19,hPa,,
3SIMG_12SEP2026_1400_L2B_CTP_V01R00,3SIMG_L2B_CTP,weather,2026-09-12 14:00:00+00:00,17.54,79.33,374.94,255.19,hPa,,
3SIMG_12SEP2026_1400_L2B_CTP_V01R00,3SIMG_L2B_CTP,weather,2026-09-12 14:00:00+00:00,17.54,79.68,424.95,261.36,hPa,,
3SIMG_12SEP2026_1400_L2B_CTP_V01R00,3SIMG_L2B_CTP,weather,2026-09-12 14:00:00+00:00,17.54,80.02,424.95,261.36,hPa,,
3SIMG_12SEP2026_1400_L2B_CTP_V01R00,3SIMG_L2B_CTP,weather,2026-09-12 14:00:00+00:00,17.54,80.36,449.92,262.51,hPa,,
3SIMG_12SEP2026_1400_L2B_CTP_V01R00,3SIMG_L2B_CTP,weather,2026-09-12 14:00:00+00:00,17.52,80.71,374.95,255.4,hPa,,
3SIMG_12SEP2026_1400_L2B_CTP_V01R00,3SIMG_L2B_CTP,weather,2026-09-12 14:00:00+00:00,17.52,81.04,349.92,250.71,hPa,,
3SIMG_12SEP2026_1400_L2B_CTP_V01R00,3SIMG_L2B_CTP,weather,2026-09-12 14:00:00+00:00,17.52,81.39,299.93,243.07,hPa,,
3SIMG_12SEP2026_1400_L2B_CTP_V01R00,3SIMG_L2B_CTP,weather,2026-09-12 14:00:00+00:00,17.52,81.72,324.9,245.47,hPa,,
3SIMG_12SEP2026_1400_L2B_CTP_V01R00,3SIMG_L2B_CTP,weather,2026-09-12 14:00:00+00:00,17.52,82.08,349.96,252.45,hPa,,
3SIMG_12SEP2026_1400_L2B_CTP_V01R00,3SIMG_L2B_CTP,weather,2026-09-12 14:00:00+00:00,17.52,82.42,399.92,257.03,hPa,,
3SIMG_12SEP2026_1400_L2B_CTP_V01R00,3SIMG_L2B_CTP,weather,2026-09-12 14:00:00+00:00,17.52,82.76,424.96,261.56,hPa,,
3SIMG_12SEP2026_1400_L2B_CTP_V01R00,3SIMG_L2B_CTP,weather,2026-09-12 14:00:00+00:00,17.22,73.47,599.97,277.57,hPa,,
3SIMG_12SEP2026_1400_L2B_CTP_V01R00,3SIMG_L2B_CTP,weather,2026-09-12 14:00:00+00:00,17.22,73.83,599.96,276.86,hPa,,
3SIMG_12SEP2026_1400_L2B_CTP_V01R00,3SIMG_L2B_CTP,weather,2026-09-12 14:00:00+00:00,17.21,74.86,549.96,273.0,hPa,,
3SIMG_12SEP2026_1400_L2B_CTP_V01R00,3SIMG_L2B_CTP,weather,2026-09-12 14:00:00+00:00,17.21,75.21,524.96,270.96,hPa,,
3SIMG_12SEP2026_1400_L2B_CTP_V01R00,3SIMG_L2B_CTP,weather,2026-09-12 14:00:00+00:00,17.21,75.56,474.93,264.93,hPa,,
3SIMG_12SEP2026_1400_L2B_CTP_V01R00,3SIMG_L2B_CTP,weather,2026-09-12 14:00:00+00:00,17.19,75.91,474.93,264.93,hPa,,
3SIMG_12SEP2026_1400_L2B_CTP_V01R00,3SIMG_L2B_CTP,weather,2026-09-12 14:00:00+00:00,17.19,76.25,524.96,270.62,hPa,,
3SIMG_12SEP2026_1400_L2B_CTP_V01R00,3SIMG_L2B_CTP,weather,2026-09-12 14:00:00+00:00,17.19,76.59,374.95,255.4,hPa,,
3SIMG_12SEP2026_1400_L2B_CTP_V01R00,3SIMG_L2B_CTP,weather,2026-09-12 14:00:00+00:00,17.19,76.93,399.96,259.23,hPa,,
3SIMG_12SEP2026_1400_L2B_CTP_V01R00,3SIMG_L2B_CTP,weather,2026-09-12 14:00:00+00:00,17.19,77.28,424.95,261.36,hPa,,
3SIMG_12SEP2026_1400_L2B_CTP_V01R00,3SIMG_L2B_CTP,weather,2026-09-12 14:00:00+00:00,17.19,77.63,424.94,261.17,hPa,,
3SIMG_12SEP2026_1400_L2B_CTP_V01R00,3SIMG_L2B_CTP,weather,2026-09-12 14:00:00+00:00,17.19,77.97,374.92,254.36,hPa,,
3SIMG_12SEP2026_1400_L2B_CTP_V01R00,3SIMG_L2B_CTP,weather,2026-09-12 14:00:00+00:00,17.19,78.31,374.9,252.88,hPa,,
3SIMG_12SEP2026_1400_L2B_CTP_V01R00,3SIMG_L2B_CTP,weather,2026-09-12 14:00:00+00:00,17.19,78.66,324.92,246.65,hPa,,
3SIMG_12SEP2026_1400_L2B_CTP_V01R00,3SIMG_L2B_CTP,weather,2026-09-12 14:00:00+00:00,17.19,79.0,299.94,243.31,hPa,,
3SIMG_12SEP2026_1400_L2B_CTP_V01R00,3SIMG_L2B_CTP,weather,2026-09-12 14:00:00+00:00,17.19,79.34,399.95,258.83,hPa,,
3SIMG_12SEP2026_1400_L2B_CTP_V01R00,3SIMG_L2B_CTP,weather,2026-09-12 14:00:00+00:00,17.19,79.68,474.94,265.48,hPa,,
3SIMG_12SEP2026_1400_L2B_CTP_V01R00,3SIMG_L2B_CTP,weather,2026-09-12 14:00:00+00:00,17.18,80.02,475.0,267.35,hPa,,
3SIMG_12SEP2026_1400_L2B_CTP_V01R00,3SIMG_L2B_CTP,weather,2026-09-12 14:00:00+00:00,17.18,80.36,424.95,261.36,hPa,,
3SIMG_12SEP2026_1400_L2B_CTP_V01R00,3SIMG_L2B_CTP,weather,2026-09-12 14:00:00+00:00,17.18,80.71,374.96,256.01,hPa,,
3SIMG_12SEP2026_1400_L2B_CTP_V01R00,3SIMG_L2B_CTP,weather,2026-09-12 14:00:00+00:00,17.18,81.04,399.91,257.03,hPa,,
3SIMG_12SEP2026_1400_L2B_CTP_V01R00,3SIMG_L2B_CTP,weather,2026-09-12 14:00:00+00:00,17.18,81.39,374.9,253.09,hPa,,
3SIMG_12SEP2026_1400_L2B_CTP_V01R00,3SIMG_L2B_CTP,weather,2026-09-12 14:00:00+00:00,17.18,81.72,349.91,250.05,hPa,,
3SIMG_12SEP2026_1400_L2B_CTP_V01R00,3SIMG_L2B_CTP,weather,2026-09-12 14:00:00+00:00,17.18,82.08,374.93,254.57,hPa,,
3SIMG_12SEP2026_1400_L2B_CTP_V01R00,3SIMG_L2B_CTP,weather,2026-09-12 14:00:00+00:00,17.18,82.42,424.94,260.59,hPa,,
3SIMG_12SEP2026_1400_L2B_CTP_V01R00,3SIMG_L2B_CTP,weather,2026-09-12 14:00:00+00:00,16.86,73.5,699.97,283.31,hPa,,
3SIMG_12SEP2026_1400_L2B_CTP_V01R00,3SIMG_L2B_CTP,weather,2026-09-12 14:00:00+00:00,16.86,74.18,625.0,279.59,hPa,,
3SIMG_12SEP2026_1400_L2B_CTP_V01R00,3SIMG_L2B_CTP,weather,2026-09-12 14:00:00+00:00,16.85,74.88,624.98,278.37,hPa,,
3SIMG_12SEP2026_1400_L2B_CTP_V01R00,3SIMG_L2B_CTP,weather,2026-09-12 14:00:00+00:00,16.85,75.22,574.95,274.9,hPa,,
3SIMG_12SEP2026_1400_L2B_CTP_V01R00,3SIMG_L2B_CTP,weather,2026-09-12 14:00:00+00:00,16.85,75.57,574.95,274.49,hPa,,
3SIMG_12SEP2026_1400_L2B_CTP_V01R00,3SIMG_L2B_CTP,weather,2026-09-12 14:00:00+00:00,16.85,75.92,699.97,281.18,hPa,,
3SIMG_12SEP2026_1400_L2B_CTP_V01R00,3SIMG_L2B_CTP,weather,2026-09-12 14:00:00+00:00,16.85,76.25,649.98,278.53,hPa,,
3SIMG_12SEP2026_1400_L2B_CTP_V01R00,3SIMG_L2B_CTP,weather,2026-09-12 14:00:00+00:00,16.85,76.61,424.95,260.79,hPa,,
3SIMG_12SEP2026_1400_L2B_CTP_V01R00,3SIMG_L2B_CTP,weather,2026-09-12 14:00:00+00:00,16.85,76.95,224.92,225.46,hPa,,
3SIMG_12SEP2026_1400_L2B_CTP_V01R00,3SIMG_L2B_CTP,weather,2026-09-12 14:00:00+00:00,16.84,77.29,349.95,252.23,hPa,,
3SIMG_12SEP2026_1400_L2B_CTP_V01R00,3SIMG_L2B_CTP,weather,2026-09-12 14:00:00+00:00,16.84,77.64,349.91,250.49,hPa,,
3SIMG_12SEP2026_1400_L2B_CTP_V01R00,3SIMG_L2B_CTP,weather,2026-09-12 14:00:00+00:00,16.84,77.97,349.9,249.83,hPa,,
3SIMG_12SEP2026_1400_L2B_CTP_V01R00,3SIMG_L2B_CTP,weather,2026-09-12 14:00:00+00:00,16.84,78.32,249.92,231.61,hPa,,
3SIMG_12SEP2026_1400_L2B_CTP_V01R00,3SIMG_L2B_CTP,weather,2026-09-12 14:00:00+00:00,16.84,78.66,249.86,228.31,hPa,,
3SIMG_12SEP2026_1400_L2B_CTP_V01R00,3SIMG_L2B_CTP,weather,2026-09-12 14:00:00+00:00,16.84,79.0,274.94,238.52,hPa,,
3SIMG_12SEP2026_1400_L2B_CTP_V01R00,3SIMG_L2B_CTP,weather,2026-09-12 14:00:00+00:00,16.84,79.35,374.92,254.15,hPa,,
3SIMG_12SEP2026_1400_L2B_CTP_V01R00,3SIMG_L2B_CTP,weather,2026-09-12 14:00:00+00:00,16.84,79.68,374.94,254.98,hPa,,
3SIMG_12SEP2026_1400_L2B_CTP_V01R00,3SIMG_L2B_CTP,weather,2026-09-12 14:00:00+00:00,16.83,80.03,324.95,248.48,hPa,,
3SIMG_12SEP2026_1400_L2B_CTP_V01R00,3SIMG_L2B_CTP,weather,2026-09-12 14:00:00+00:00,16.83,80.36,324.91,246.18,hPa,,
3SIMG_12SEP2026_1400_L2B_CTP_V01R00,3SIMG_L2B_CTP,weather,2026-09-12 14:00:00+00:00,16.83,80.71,424.92,259.62,hPa,,
3SIMG_12SEP2026_1400_L2B_CTP_V01R00,3SIMG_L2B_CTP,weather,2026-09-12 14:00:00+00:00,16.83,81.04,374.94,255.19,hPa,,
3SIMG_12SEP2026_1400_L2B_CTP_V01R00,3SIMG_L2B_CTP,weather,2026-09-12 14:00:00+00:00,16.83,81.39,299.89,240.58,hPa,,
3SIMG_12SEP2026_1400_L2B_CTP_V01R00,3SIMG_L2B_CTP,weather,2026-09-12 14:00:00+00:00,16.83,81.72,399.94,257.84,hPa,,
3SIMG_12SEP2026_1400_L2B_CTP_V01R00,3SIMG_L2B_CTP,weather,2026-09-12 14:00:00+00:00,16.83,82.08,349.92,250.71,hPa,,
3SIMG_12SEP2026_1400_L2B_CTP_V01R00,3SIMG_L2B_CTP,weather,2026-09-12 14:00:00+00:00,16.52,73.52,624.96,279.16,hPa,,
3SIMG_12SEP2026_1400_L2B_CTP_V01R00,3SIMG_L2B_CTP,weather,2026-09-12 14:00:00+00:00,16.52,73.86,549.97,273.33,hPa,,
3SIMG_12SEP2026_1400_L2B_CTP_V01R00,3SIMG_L2B_CTP,weather,2026-09-12 14:00:00+00:00,16.52,74.21,574.97,275.31,hPa,,
3SIMG_12SEP2026_1400_L2B_CTP_V01R00,3SIMG_L2B_CTP,weather,2026-09-12 14:00:00+00:00,16.51,74.56,599.94,275.72,hPa,,
3SIMG_12SEP2026_1400_L2B_CTP_V01R00,3SIMG_L2B_CTP,weather,2026-09-12 14:00:00+00:00,16.51,74.9,549.97,273.0,hPa,,
3SIMG_12SEP2026_1400_L2B_CTP_V01R00,3SIMG_L2B_CTP,weather,2026-09-12 14:00:00+00:00,16.51,75.24,599.96,276.29,hPa,,
3SIMG_12SEP2026_1400_L2B_CTP_V01R00,3SIMG_L2B_CTP,weather,2026-09-12 14:00:00+00:00,16.51,75.59,599.95,275.8,hPa,,
3SIMG_12SEP2026_1400_L2B_CTP_V01R00,3SIMG_L2B_CTP,weather,2026-09-12 14:00:00+00:00,16.5,75.93,599.98,277.1,hPa,,
3SIMG_12SEP2026_1400_L2B_CTP_V01R00,3SIMG_L2B_CTP,weather,2026-09-12 14:00:00+00:00,16.5,76.28,549.95,272.57,hPa,,
3SIMG_12SEP2026_1400_L2B_CTP_V01R00,3SIMG_L2B_CTP,weather,2026-09-12 14:00:00+00:00,16.5,76.61,399.97,259.03,hPa,,
3SIMG_12SEP2026_1400_L2B_CTP_V01R00,3SIMG_L2B_CTP,weather,2026-09-12 14:00:00+00:00,16.5,76.96,299.94,243.31,hPa,,
3SIMG_12SEP2026_1400_L2B_CTP_V01R00,3SIMG_L2B_CTP,weather,2026-09-12 14:00:00+00:00,16.5,77.29,299.91,242.08,hPa,,
3SIMG_12SEP2026_1400_L2B_CTP_V01R00,3SIMG_L2B_CTP,weather,2026-09-12 14:00:00+00:00,16.49,77.64,349.9,250.27,hPa,,
3SIMG_12SEP2026_1400_L2B_CTP_V01R00,3SIMG_L2B_CTP,weather,2026-09-12 14:00:00+00:00,16.49,77.99,374.9,253.3,hPa,,
3SIMG_12SEP2026_1400_L2B_CTP_V01R00,3SIMG_L2B_CTP,weather,2026-09-12 14:00:00+00:00,16.49,78.33,299.92,241.84,hPa,,
3SIMG_12SEP2026_1400_L2B_CTP_V01R00,3SIMG_L2B_CTP,weather,2026-09-12 14:00:00+00:00,16.49,78.67,299.96,243.8,hPa,,
3SIMG_12SEP2026_1400_L2B_CTP_V01R00,3SIMG_L2B_CTP,weather,2026-09-12 14:00:00+00:00,16.49,79.0,349.91,249.61,hPa,,
3SIMG_12SEP2026_1400_L2B_CTP_V01R00,3SIMG_L2B_CTP,weather,2026-09-12 14:00:00+00:00,16.49,79.35,324.96,248.71,hPa,,
3SIMG_12SEP2026_1400_L2B_CTP_V01R00,3SIMG_L2B_CTP,weather,2026-09-12 14:00:00+00:00,16.49,79.68,299.92,241.84,hPa,,
3SIMG_12SEP2026_1400_L2B_CTP_V01R00,3SIMG_L2B_CTP,weather,2026-09-12 14:00:00+00:00,16.49,80.03,274.9,235.57,hPa,,
3SIMG_12SEP2026_1400_L2B_CTP_V01R00,3SIMG_L2B_CTP,weather,2026-09-12 14:00:00+00:00,16.49,80.36,324.88,244.52,hPa,,
3SIMG_12SEP2026_1400_L2B_CTP_V01R00,3SIMG_L2B_CTP,weather,2026-09-12 14:00:00+00:00,16.48,80.71,449.96,263.82,hPa,,
3SIMG_12SEP2026_1400_L2B_CTP_V01R00,3SIMG_L2B_CTP,weather,2026-09-12 14:00:00+00:00,16.48,81.04,424.96,261.36,hPa,,
3SIMG_12SEP2026_1400_L2B_CTP_V01R00,3SIMG_L2B_CTP,weather,2026-09-12 14:00:00+00:00,16.48,81.4,449.95,263.26,hPa,,
3SIMG_12SEP2026_1400_L2B_CTP_V01R00,3SIMG_L2B_CTP,weather,2026-09-12 14:00:00+00:00,16.48,81.74,399.94,257.84,hPa,,
3SIMG_12SEP2026_1400_L2B_CTP_V01R00,3SIMG_L2B_CTP,weather,2026-09-12 14:00:00+00:00,16.48,82.08,424.97,261.94,hPa,,
3SIMG_12SEP2026_1400_L2B_CTP_V01R00,3SIMG_L2B_CTP,weather,2026-09-12 14:00:00+00:00,16.17,73.54,650.0,282.36,hPa,,
3SIMG_12SEP2026_1400_L2B_CTP_V01R00,3SIMG_L2B_CTP,weather,2026-09-12 14:00:00+00:00,16.17,73.88,549.97,273.16,hPa,,
3SIMG_12SEP2026_1400_L2B_CTP_V01R00,3SIMG_L2B_CTP,weather,2026-09-12 14:00:00+00:00,16.17,74.22,449.95,263.26,hPa,,
3SIMG_12SEP2026_1400_L2B_CTP_V01R00,3SIMG_L2B_CTP,weather,2026-09-12 14:00:00+00:00,16.16,74.57,424.97,261.36,hPa,,
3SIMG_12SEP2026_1400_L2B_CTP_V01R00,3SIMG_L2B_CTP,weather,2026-09-12 14:00:00+00:00,16.16,74.91,374.91,253.3,hPa,,
3SIMG_12SEP2026_1400_L2B_CTP_V01R00,3SIMG_L2B_CTP,weather,2026-09-12 14:00:00+00:00,16.16,75.25,424.93,260.21,hPa,,
3SIMG_12SEP2026_1400_L2B_CTP_V01R00,3SIMG_L2B_CTP,weather,2026-09-12 14:00:00+00:00,16.16,75.6,449.95,263.07,hPa,,
3SIMG_12SEP2026_1400_L2B_CTP_V01R00,3SIMG_L2B_CTP,weather,2026-09-12 14:00:00+00:00,16.15,75.93,374.96,255.81,hPa,,
3SIMG_12SEP2026_1400_L2B_CTP_V01R00,3SIMG_L2B_CTP,weather,2026-09-12 14:00:00+00:00,16.15,76.29,324.91,245.71,hPa,,
3SIMG_12SEP2026_1400_L2B_CTP_V01R00,3SIMG_L2B_CTP,weather,2026-09-12 14:00:00+00:00,16.15,76.63,299.91,241.34,hPa,,
3SIMG_12SEP2026_1400_L2B_CTP_V01R00,3SIMG_L2B_CTP,weather,2026-09-12 14:00:00+00:00,16.15,76.97,274.87,233.91,hPa,,
3SIMG_12SEP2026_1400_L2B_CTP_V01R00,3SIMG_L2B_CTP,weather,2026-09-12 14:00:00+00:00,16.15,77.31,274.91,236.12,hPa,,
3SIMG_12SEP2026_1400_L2B_CTP_V01R00,3SIMG_L2B_CTP,weather,2026-09-12 14:00:00+00:00,16.15,77.65,399.91,256.83,hPa,,
3SIMG_12SEP2026_1400_L2B_CTP_V01R00,3SIMG_L2B_CTP,weather,2026-09-12 14:00:00+00:00,16.14,78.0,524.94,268.35,hPa,,
3SIMG_12SEP2026_1400_L2B_CTP_V01R00,3SIMG_L2B_CTP,weather,2026-09-12 14:00:00+00:00,16.14,78.34,524.97,270.1,hPa,,
3SIMG_12SEP2026_1400_L2B_CTP_V01R00,3SIMG_L2B_CTP,weather,2026-09-12 14:00:00+00:00,16.14,78.68,474.92,264.56,hPa,,
3SIMG_12SEP2026_1400_L2B_CTP_V01R00,3SIMG_L2B_CTP,weather,2026-09-12 14:00:00+00:00,16.14,79.02,374.9,252.88,hPa,,
3SIMG_12SEP2026_1400_L2B_CTP_V01R00,3SIMG_L2B_CTP,weather,2026-09-12 14:00:00+00:00,16.14,79.36,224.85,221.43,hPa,,
3SIMG_12SEP2026_1400_L2B_CTP_V01R00,3SIMG_L2B_CTP,weather,2026-09-12 14:00:00+00:00,16.14,79.7,199.84,213.96,hPa,,
3SIMG_12SEP2026_1400_L2B_CTP_V01R00,3SIMG_L2B_CTP,weather,2026-09-12 14:00:00+00:00,16.14,80.04,224.82,219.3,hPa,,
3SIMG_12SEP2026_1400_L2B_CTP_V01R00,3SIMG_L2B_CTP,weather,2026-09-12 14:00:00+00:00,16.14,80.38,274.88,234.47,hPa,,
3SIMG_12SEP2026_1400_L2B_CTP_V01R00,3SIMG_L2B_CTP,weather,2026-09-12 14:00:00+00:00,16.14,80.72,424.95,261.36,hPa,,
3SIMG_12SEP2026_1400_L2B_CTP_V01R00,3SIMG_L2B_CTP,weather,2026-09-12 14:00:00+00:00,16.14,81.06,449.95,263.26,hPa,,
3SIMG_12SEP2026_1400_L2B_CTP_V01R00,3SIMG_L2B_CTP,weather,2026-09-12 14:00:00+00:00,15.82,73.9,574.96,274.66,hPa,,
3SIMG_12SEP2026_1400_L2B_CTP_V01R00,3SIMG_L2B_CTP,weather,2026-09-12 14:00:00+00:00,15.82,74.24,499.94,267.46,hPa,,
3SIMG_12SEP2026_1400_L2B_CTP_V01R00,3SIMG_L2B_CTP,weather,2026-09-12 14:00:00+00:00,15.82,74.59,499.97,268.53,hPa,,
3SIMG_12SEP2026_1400_L2B_CTP_V01R00,3SIMG_L2B_CTP,weather,2026-09-12 14:00:00+00:00,15.81,74.93,474.96,265.84,hPa,,
3SIMG_12SEP2026_1400_L2B_CTP_V01R00,3SIMG_L2B_CTP,weather,2026-09-12 14:00:00+00:00,15.81,75.27,450.0,264.5,hPa,,
3SIMG_12SEP2026_1400_L2B_CTP_V01R00,3SIMG_L2B_CTP,weather,2026-09-12 14:00:00+00:00,15.81,75.61,449.92,262.13,hPa,,
3SIMG_12SEP2026_1400_L2B_CTP_V01R00,3SIMG_L2B_CTP,weather,2026-09-12 14:00:00+00:00,15.81,75.96,324.95,247.8,hPa,,
3SIMG_12SEP2026_1400_L2B_CTP_V01R00,3SIMG_L2B_CTP,weather,2026-09-12 14:00:00+00:00,15.81,76.29,299.95,243.8,hPa,,
3SIMG_12SEP2026_1400_L2B_CTP_V01R00,3SIMG_L2B_CTP,weather,2026-09-12 14:00:00+00:00,15.8,76.64,324.88,244.28,hPa,,
3SIMG_12SEP2026_1400_L2B_CTP_V01R00,3SIMG_L2B_CTP,weather,2026-09-12 14:00:00+00:00,15.8,76.97,349.93,250.93,hPa,,
3SIMG_12SEP2026_1400_L2B_CTP_V01R00,3SIMG_L2B_CTP,weather,2026-09-12 14:00:00+00:00,15.8,77.32,449.92,261.94,hPa,,
3SIMG_12SEP2026_1400_L2B_CTP_V01R00,3SIMG_L2B_CTP,weather,2026-09-12 14:00:00+00:00,15.8,77.66,449.97,263.82,hPa,,
3SIMG_12SEP2026_1400_L2B_CTP_V01R00,3SIMG_L2B_CTP,weather,2026-09-12 14:00:00+00:00,15.8,78.0,549.96,271.47,hPa,,
3SIMG_12SEP2026_1400_L2B_CTP_V01R00,3SIMG_L2B_CTP,weather,2026-09-12 14:00:00+00:00,15.8,78.34,549.95,271.47,hPa,,
3SIMG_12SEP2026_1400_L2B_CTP_V01R00,3SIMG_L2B_CTP,weather,2026-09-12 14:00:00+00:00,15.79,78.68,449.94,263.26,hPa,,
3SIMG_12SEP2026_1400_L2B_CTP_V01R00,3SIMG_L2B_CTP,weather,2026-09-12 14:00:00+00:00,15.79,79.02,274.89,235.3,hPa,,
3SIMG_12SEP2026_1400_L2B_CTP_V01R00,3SIMG_L2B_CTP,weather,2026-09-12 14:00:00+00:00,15.79,79.36,174.9,210.63,hPa,,
3SIMG_12SEP2026_1400_L2B_CTP_V01R00,3SIMG_L2B_CTP,weather,2026-09-12 14:00:00+00:00,15.79,79.7,199.79,211.49,hPa,,
3SIMG_12SEP2026_1400_L2B_CTP_V01R00,3SIMG_L2B_CTP,weather,2026-09-12 14:00:00+00:00,15.79,80.04,224.82,219.3,hPa,,
3SIMG_12SEP2026_1400_L2B_CTP_V01R00,3SIMG_L2B_CTP,weather,2026-09-12 14:00:00+00:00,15.79,80.38,299.89,240.33,hPa,,
3SIMG_12SEP2026_1400_L2B_CTP_V01R00,3SIMG_L2B_CTP,weather,2026-09-12 14:00:00+00:00,15.47,73.91,674.97,282.41,hPa,,
3SIMG_12SEP2026_1400_L2B_CTP_V01R00,3SIMG_L2B_CTP,weather,2026-09-12 14:00:00+00:00,15.47,74.26,649.94,279.0,hPa,,
3SIMG_12SEP2026_1400_L2B_CTP_V01R00,3SIMG_L2B_CTP,weather,2026-09-12 14:00:00+00:00,15.47,74.6,624.97,278.37,hPa,,
3SIMG_12SEP2026_1400_L2B_CTP_V01R00,3SIMG_L2B_CTP,weather,2026-09-12 14:00:00+00:00,15.47,74.93,624.96,277.9,hPa,,
3SIMG_12SEP2026_1400_L2B_CTP_V01R00,3SIMG_L2B_CTP,weather,2026-09-12 14:00:00+00:00,15.46,75.29,624.96,278.21,hPa,,
3SIMG_12SEP2026_1400_L2B_CTP_V01R00,3SIMG_L2B_CTP,weather,2026-09-12 14:00:00+00:00,15.46,75.63,574.96,274.82,hPa,,
3SIMG_12SEP2026_1400_L2B_CTP_V01R00,3SIMG_L2B_CTP,weather,2026-09-12 14:00:00+00:00,15.46,75.97,524.93,268.88,hPa,,
3SIMG_12SEP2026_1400_L2B_CTP_V01R00,3SIMG_L2B_CTP,weather,2026-09-12 14:00:00+00:00,15.46,76.31,449.95,263.26,hPa,,
3SIMG_12SEP2026_1400_L2B_CTP_V01R00,3SIMG_L2B_CTP,weather,2026-09-12 14:00:00+00:00,15.46,76.65,449.95,263.26,hPa,,
3SIMG_12SEP2026_1400_L2B_CTP_V01R00,3SIMG_L2B_CTP,weather,2026-09-12 14:00:00+00:00,15.46,76.99,499.96,268.0,hPa,,
3SIMG_12SEP2026_1400_L2B_CTP_V01R00,3SIMG_L2B_CTP,weather,2026-09-12 14:00:00+00:00,15.45,77.33,574.96,274.33,hPa,,
3SIMG_12SEP2026_1400_L2B_CTP_V01R00,3SIMG_L2B_CTP,weather,2026-09-12 14:00:00+00:00,15.45,77.67,549.96,272.66,hPa,,
3SIMG_12SEP2026_1400_L2B_CTP_V01R00,3SIMG_L2B_CTP,weather,2026-09-12 14:00:00+00:00,15.45,78.0,549.95,271.3,hPa,,
3SIMG_12SEP2026_1400_L2B_CTP_V01R00,3SIMG_L2B_CTP,weather,2026-09-12 14:00:00+00:00,15.45,78.35,499.95,267.64,hPa,,
3SIMG_12SEP2026_1400_L2B_CTP_V01R00,3SIMG_L2B_CTP,weather,2026-09-12 14:00:00+00:00,15.45,78.68,374.93,254.15,hPa,,
3SIMG_12SEP2026_1400_L2B_CTP_V01R00,3SIMG_L2B_CTP,weather,2026-09-12 14:00:00+00:00,15.45,79.03,374.93,254.36,hPa,,
3SIMG_12SEP2026_1400_L2B_CTP_V01R00,3SIMG_L2B_CTP,weather,2026-09-12 14:00:00+00:00,15.45,79.36,374.9,252.02,hPa,,
3SIMG_12SEP2026_1400_L2B_CTP_V01R00,3SIMG_L2B_CTP,weather,2026-09-12 14:00:00+00:00,15.45,79.71,274.9,235.57,hPa,,
3SIMG_12SEP2026_1400_L2B_CTP_V01R00,3SIMG_L2B_CTP,weather,2026-09-12 14:00:00+00:00,15.44,80.04,324.89,244.52,hPa,,
3SIMG_12SEP2026_1400_L2B_CTP_V01R00,3SIMG_L2B_CTP,weather,2026-09-12 14:00:00+00:00,15.13,74.27,624.97,278.61,hPa,,
3SIMG_12SEP2026_1400_L2B_CTP_V01R00,3SIMG_L2B_CTP,weather,2026-09-12 14:00:00+00:00,15.12,74.61,624.96,278.21,hPa,,
3SIMG_12SEP2026_1400_L2B_CTP_V01R00,3SIMG_L2B_CTP,weather,2026-09-12 14:00:00+00:00,15.12,74.96,649.94,279.0,hPa,,
3SIMG_12SEP2026_1400_L2B_CTP_V01R00,3SIMG_L2B_CTP,weather,2026-09-12 14:00:00+00:00,15.12,75.29,649.97,280.1,hPa,,
3SIMG_12SEP2026_1400_L2B_CTP_V01R00,3SIMG_L2B_CTP,weather,2026-09-12 14:00:00+00:00,15.12,75.64,624.96,277.9,hPa,,
3SIMG_12SEP2026_1400_L2B_CTP_V01R00,3SIMG_L2B_CTP,weather,2026-09-12 14:00:00+00:00,15.12,75.97,624.96,277.34,hPa,,
3SIMG_12SEP2026_1400_L2B_CTP_V01R00,3SIMG_L2B_CTP,weather,2026-09-12 14:00:00+00:00,15.11,76.32,674.96,280.41,hPa,,
3SIMG_12SEP2026_1400_L2B_CTP_V01R00,3SIMG_L2B_CTP,weather,2026-09-12 14:00:00+00:00,15.11,76.66,649.98,279.55,hPa,,
3SIMG_12SEP2026_1400_L2B_CTP_V01R00,3SIMG_L2B_CTP,weather,2026-09-12 14:00:00+00:00,15.11,77.0,549.97,272.83,hPa,,
3SIMG_12SEP2026_1400_L2B_CTP_V01R00,3SIMG_L2B_CTP,weather,2026-09-12 14:00:00+00:00,15.11,77.34,549.96,272.15,hPa,,
3SIMG_12SEP2026_1400_L2B_CTP_V01R00,3SIMG_L2B_CTP,weather,2026-09-12 14:00:00+00:00,15.11,77.68,449.93,262.32,hPa,,
3SIMG_12SEP2026_1400_L2B_CTP_V01R00,3SIMG_L2B_CTP,weather,2026-09-12 14:00:00+00:00,15.11,78.02,474.96,266.02,hPa,,
3SIMG_12SEP2026_1400_L2B_CTP_V01R00,3SIMG_L2B_CTP,weather,2026-09-12 14:00:00+00:00,15.1,78.36,474.95,265.66,hPa,,
3SIMG_12SEP2026_1400_L2B_CTP_V01R00,3SIMG_L2B_CTP,weather,2026-09-12 14:00:00+00:00,15.1,78.7,424.95,260.98,hPa,,
3SIMG_12SEP2026_1400_L2B_CTP_V01R00,3SIMG_L2B_CTP,weather,2026-09-12 14:00:00+00:00,15.1,79.03,399.93,256.63,hPa,,
3SIMG_12SEP2026_1400_L2B_CTP_V01R00,3SIMG_L2B_CTP,weather,2026-09-12 14:00:00+00:00,15.1,79.36,450.0,263.76,hPa,,
3SIMG_12SEP2026_1400_L2B_CTP_V01R00,3SIMG_L2B_CTP,weather,2026-09-12 14:00:00+00:00,15.1,79.71,374.96,255.6,hPa,,
3SIMG_12SEP2026_1400_L2B_CTP_V01R00,3SIMG_L2B_CTP,weather,2026-09-12 14:00:00+00:00,15.1,80.04,374.95,255.4,hPa,,
3SIMG_12SEP2026_1400_L2B_CTP_V01R00,3SIMG_L2B_CTP,weather,2026-09-12 14:00:00+00:00,14.78,74.29,649.97,280.18,hPa,,
3SIMG_12SEP2026_1400_L2B_CTP_V01R00,3SIMG_L2B_CTP,weather,2026-09-12 14:00:00+00:00,14.78,74.63,624.96,277.9,hPa,,
3SIMG_12SEP2026_1400_L2B_CTP_V01R00,3SIMG_L2B_CTP,weather,2026-09-12 14:00:00+00:00,14.78,74.97,600.0,277.85,hPa,,
3SIMG_12SEP2026_1400_L2B_CTP_V01R00,3SIMG_L2B_CTP,weather,2026-09-12 14:00:00+00:00,14.77,75.31,549.97,273.0,hPa,,
3SIMG_12SEP2026_1400_L2B_CTP_V01R00,3SIMG_L2B_CTP,weather,2026-09-12 14:00:00+00:00,14.77,75.65,574.98,275.15,hPa,,
3SIMG_12SEP2026_1400_L2B_CTP_V01R00,3SIMG_L2B_CTP,weather,2026-09-12 14:00:00+00:00,14.77,75.99,649.95,278.53,hPa,,
3SIMG_12SEP2026_1400_L2B_CTP_V01R00,3SIMG_L2B_CTP,weather,2026-09-12 14:00:00+00:00,14.77,76.33,699.95,281.95,hPa,,
3SIMG_12SEP2026_1400_L2B_CTP_V01R00,3SIMG_L2B_CTP,weather,2026-09-12 14:00:00+00:00,14.77,76.67,699.96,282.79,hPa,,
3SIMG_12SEP2026_1400_L2B_CTP_V01R00,3SIMG_L2B_CTP,weather,2026-09-12 14:00:00+00:00,14.77,77.0,674.96,280.41,hPa,,
3SIMG_12SEP2026_1400_L2B_CTP_V01R00,3SIMG_L2B_CTP,weather,2026-09-12 14:00:00+00:00,14.76,77.35,599.98,275.96,hPa,,
3SIMG_12SEP2026_1400_L2B_CTP_V01R00,3SIMG_L2B_CTP,weather,2026-09-12 14:00:00+00:00,14.76,77.68,624.95,276.61,hPa,,
3SIMG_12SEP2026_1400_L2B_CTP_V01R00,3SIMG_L2B_CTP,weather,2026-09-12 14:00:00+00:00,14.76,78.03,574.97,273.83,hPa,,
3SIMG_12SEP2026_1400_L2B_CTP_V01R00,3SIMG_L2B_CTP,weather,2026-09-12 14:00:00+00:00,14.76,78.36,599.96,275.31,hPa,,
3SIMG_12SEP2026_1400_L2B_CTP_V01R00,3SIMG_L2B_CTP,weather,2026-09-12 14:00:00+00:00,14.76,78.7,424.96,261.36,hPa,,
3SIMG_12SEP2026_1400_L2B_CTP_V01R00,3SIMG_L2B_CTP,weather,2026-09-12 14:00:00+00:00,14.76,79.04,399.91,256.01,hPa,,
3SIMG_12SEP2026_1400_L2B_CTP_V01R00,3SIMG_L2B_CTP,weather,2026-09-12 14:00:00+00:00,14.76,79.38,549.94,271.64,hPa,,
3SIMG_12SEP2026_1400_L2B_CTP_V01R00,3SIMG_L2B_CTP,weather,2026-09-12 14:00:00+00:00,14.76,79.72,625.0,279.09,hPa,,
3SIMG_12SEP2026_1400_L2B_CTP_V01R00,3SIMG_L2B_CTP,weather,2026-09-12 14:00:00+00:00,14.76,80.04,549.97,273.16,hPa,,
3SIMG_12SEP2026_1400_L2B_CTP_V01R00,3SIMG_L2B_CTP,weather,2026-09-12 14:00:00+00:00,14.43,74.64,649.97,279.94,hPa,,
3SIMG_12SEP2026_1400_L2B_CTP_V01R00,3SIMG_L2B_CTP,weather,2026-09-12 14:00:00+00:00,14.43,74.97,624.97,278.13,hPa,,
3SIMG_12SEP2026_1400_L2B_CTP_V01R00,3SIMG_L2B_CTP,weather,2026-09-12 14:00:00+00:00,14.43,75.32,574.97,274.66,hPa,,
3SIMG_12SEP2026_1400_L2B_CTP_V01R00,3SIMG_L2B_CTP,weather,2026-09-12 14:00:00+00:00,14.43,75.66,549.97,272.83,hPa,,
3SIMG_12SEP2026_1400_L2B_CTP_V01R00,3SIMG_L2B_CTP,weather,2026-09-12 14:00:00+00:00,14.43,76.0,549.95,271.98,hPa,,
3SIMG_12SEP2026_1400_L2B_CTP_V01R00,3SIMG_L2B_CTP,weather,2026-09-12 14:00:00+00:00,14.42,76.34,599.94,275.07,hPa,,
3SIMG_12SEP2026_1400_L2B_CTP_V01R00,3SIMG_L2B_CTP,weather,2026-09-12 14:00:00+00:00,14.42,76.68,649.97,280.02,hPa,,
3SIMG_12SEP2026_1400_L2B_CTP_V01R00,3SIMG_L2B_CTP,weather,2026-09-12 14:00:00+00:00,14.42,77.02,674.96,281.57,hPa,,
3SIMG_12SEP2026_1400_L2B_CTP_V01R00,3SIMG_L2B_CTP,weather,2026-09-12 14:00:00+00:00,14.42,77.36,724.97,283.31,hPa,,
3SIMG_12SEP2026_1400_L2B_CTP_V01R00,3SIMG_L2B_CTP,weather,2026-09-12 14:00:00+00:00,14.42,78.03,699.97,281.34,hPa,,
3SIMG_12SEP2026_1400_L2B_CTP_V01R00,3SIMG_L2B_CTP,weather,2026-09-12 14:00:00+00:00,14.42,78.36,699.97,280.87,hPa,,
3SIMG_12SEP2026_1400_L2B_CTP_V01R00,3SIMG_L2B_CTP,weather,2026-09-12 14:00:00+00:00,14.41,78.71,549.93,270.79,hPa,,
3SIMG_12SEP2026_1400_L2B_CTP_V01R00,3SIMG_L2B_CTP,weather,2026-09-12 14:00:00+00:00,14.41,79.04,424.94,260.59,hPa,,
3SIMG_12SEP2026_1400_L2B_CTP_V01R00,3SIMG_L2B_CTP,weather,2026-09-12 14:00:00+00:00,14.41,79.38,399.95,256.83,hPa,,
3SIMG_12SEP2026_1400_L2B_CTP_V01R00,3SIMG_L2B_CTP,weather,2026-09-12 14:00:00+00:00,14.41,79.72,449.94,262.7,hPa,,
3SIMG_12SEP2026_1400_L2B_CTP_V01R00,3SIMG_L2B_CTP,weather,2026-09-12 14:00:00+00:00,14.41,80.06,399.93,256.63,hPa,,
3SIMG_12SEP2026_1400_L2B_CTP_V01R00,3SIMG_L2B_CTP,weather,2026-09-12 14:00:00+00:00,14.09,74.66,649.97,280.26,hPa,,
3SIMG_12SEP2026_1400_L2B_CTP_V01R00,3SIMG_L2B_CTP,weather,2026-09-12 14:00:00+00:00,14.09,75.0,524.94,269.58,hPa,,
3SIMG_12SEP2026_1400_L2B_CTP_V01R00,3SIMG_L2B_CTP,weather,2026-09-12 14:00:00+00:00,14.09,75.34,624.94,276.94,hPa,,
3SIMG_12SEP2026_1400_L2B_CTP_V01R00,3SIMG_L2B_CTP,weather,2026-09-12 14:00:00+00:00,14.09,75.67,649.96,279.94,hPa,,
3SIMG_12SEP2026_1400_L2B_CTP_V01R00,3SIMG_L2B_CTP,weather,2026-09-12 14:00:00+00:00,14.08,76.0,550.0,273.75,hPa,,
3SIMG_12SEP2026_1400_L2B_CTP_V01R00,3SIMG_L2B_CTP,weather,2026-09-12 14:00:00+00:00,14.08,76.35,374.92,253.52,hPa,,
3SIMG_12SEP2026_1400_L2B_CTP_V01R00,3SIMG_L2B_CTP,weather,2026-09-12 14:00:00+00:00,14.08,76.68,374.9,252.66,hPa,,
3SIMG_12SEP2026_1400_L2B_CTP_V01R00,3SIMG_L2B_CTP,weather,2026-09-12 14:00:00+00:00,14.08,77.03,524.95,269.58,hPa,,
3SIMG_12SEP2026_1400_L2B_CTP_V01R00,3SIMG_L2B_CTP,weather,2026-09-12 14:00:00+00:00,14.08,77.36,574.95,274.0,hPa,,
3SIMG_12SEP2026_1400_L2B_CTP_V01R00,3SIMG_L2B_CTP,weather,2026-09-12 14:00:00+00:00,14.08,77.7,524.94,269.23,hPa,,
3SIMG_12SEP2026_1400_L2B_CTP_V01R00,3SIMG_L2B_CTP,weather,2026-09-12 14:00:00+00:00,14.07,78.04,549.93,270.96,hPa,,
3SIMG_12SEP2026_1400_L2B_CTP_V01R00,3SIMG_L2B_CTP,weather,2026-09-12 14:00:00+00:00,14.07,78.38,549.97,272.32,hPa,,
3SIMG_12SEP2026_1400_L2B_CTP_V01R00,3SIMG_L2B_CTP,weather,2026-09-12 14:00:00+00:00,14.07,78.71,499.93,266.75,hPa,,
3SIMG_12SEP2026_1400_L2B_CTP_V01R00,3SIMG_L2B_CTP,weather,2026-09-12 14:00:00+00:00,14.07,79.04,449.92,262.13,hPa,,
3SIMG_12SEP2026_1400_L2B_CTP_V01R00,3SIMG_L2B_CTP,weather,2026-09-12 14:00:00+00:00,14.07,79.39,449.95,262.88,hPa,,
3SIMG_12SEP2026_1400_L2B_CTP_V01R00,3SIMG_L2B_CTP,weather,2026-09-12 14:00:00+00:00,14.07,79.72,374.92,253.3,hPa,,
3SIMG_12SEP2026_1400_L2B_CTP_V01R00,3SIMG_L2B_CTP,weather,2026-09-12 14:00:00+00:00,14.07,80.06,274.96,237.99,hPa,,
3SIMG_12SEP2026_1400_L2B_CTP_V01R00,3SIMG_L2B_CTP,weather,2026-09-12 14:00:00+00:00,13.75,74.67,625.0,279.53,hPa,,
3SIMG_12SEP2026_1400_L2B_CTP_V01R00,3SIMG_L2B_CTP,weather,2026-09-12 14:00:00+00:00,13.75,75.01,524.95,270.01,hPa,,
3SIMG_12SEP2026_1400_L2B_CTP_V01R00,3SIMG_L2B_CTP,weather,2026-09-12 14:00:00+00:00,13.74,75.35,649.97,279.87,hPa,,
3SIMG_12SEP2026_1400_L2B_CTP_V01R00,3SIMG_L2B_CTP,weather,2026-09-12 14:00:00+00:00,13.74,75.68,649.97,279.94,hPa,,
3SIMG_12SEP2026_1400_L2B_CTP_V01R00,3SIMG_L2B_CTP,weather,2026-09-12 14:00:00+00:00,13.74,76.02,599.94,275.15,hPa,,
3SIMG_12SEP2026_1400_L2B_CTP_V01R00,3SIMG_L2B_CTP,weather,2026-09-12 14:00:00+00:00,13.74,76.36,524.98,271.64,hPa,,
3SIMG_12SEP2026_1400_L2B_CTP_V01R00,3SIMG_L2B_CTP,weather,2026-09-12 14:00:00+00:00,13.74,76.7,474.97,266.02,hPa,,
3SIMG_12SEP2026_1400_L2B_CTP_V01R00,3SIMG_L2B_CTP,weather,2026-09-12 14:00:00+00:00,13.74,77.04,499.93,266.57,hPa,,
3SIMG_12SEP2026_1400_L2B_CTP_V01R00,3SIMG_L2B_CTP,weather,2026-09-12 14:00:00+00:00,13.73,77.36,499.97,269.05,hPa,,
3SIMG_12SEP2026_1400_L2B_CTP_V01R00,3SIMG_L2B_CTP,weather,2026-09-12 14:00:00+00:00,13.73,77.71,674.96,277.58,hPa,,
3SIMG_12SEP2026_1400_L2B_CTP_V01R00,3SIMG_L2B_CTP,weather,2026-09-12 14:00:00+00:00,13.73,78.04,699.96,280.57,hPa,,
3SIMG_12SEP2026_1400_L2B_CTP_V01R00,3SIMG_L2B_CTP,weather,2026-09-12 14:00:00+00:00,13.73,78.72,449.95,262.51,hPa,,
3SIMG_12SEP2026_1400_L2B_CTP_V01R00,3SIMG_L2B_CTP,weather,2026-09-12 14:00:00+00:00,13.73,79.06,374.93,253.3,hPa,,
3SIMG_12SEP2026_1400_L2B_CTP_V01R00,3SIMG_L2B_CTP,weather,2026-09-12 14:00:00+00:00,13.73,79.39,374.91,252.02,hPa,,
3SIMG_12SEP2026_1400_L2B_CTP_V01R00,3SIMG_L2B_CTP,weather,2026-09-12 14:00:00+00:00,13.73,79.72,324.88,242.83,hPa,,
3SIMG_12SEP2026_1400_L2B_CTP_V01R00,3SIMG_L2B_CTP,weather,2026-09-12 14:00:00+00:00,13.73,80.06,499.93,266.93,hPa,,
3SIMG_12SEP2026_1400_L2B_CTP_V01R00,3SIMG_L2B_CTP,weather,2026-09-12 14:00:00+00:00,13.4,75.36,649.96,279.32,hPa,,
3SIMG_12SEP2026_1400_L2B_CTP_V01R00,3SIMG_L2B_CTP,weather,2026-09-12 14:00:00+00:00,13.4,75.7,624.95,277.42,hPa,,
3SIMG_12SEP2026_1400_L2B_CTP_V01R00,3SIMG_L2B_CTP,weather,2026-09-12 14:00:00+00:00,13.4,76.03,674.95,280.49,hPa,,
3SIMG_12SEP2026_1400_L2B_CTP_V01R00,3SIMG_L2B_CTP,weather,2026-09-12 14:00:00+00:00,13.4,76.36,649.94,277.74,hPa,,
3SIMG_12SEP2026_1400_L2B_CTP_V01R00,3SIMG_L2B_CTP,weather,2026-09-12 14:00:00+00:00,13.4,76.71,549.94,272.32,hPa,,
3SIMG_12SEP2026_1400_L2B_CTP_V01R00,3SIMG_L2B_CTP,weather,2026-09-12 14:00:00+00:00,13.39,77.04,499.95,267.64,hPa,,
3SIMG_12SEP2026_1400_L2B_CTP_V01R00,3SIMG_L2B_CTP,weather,2026-09-12 14:00:00+00:00,13.39,77.38,399.95,258.44,hPa,,
3SIMG_12SEP2026_1400_L2B_CTP_V01R00,3SIMG_L2B_CTP,weather,2026-09-12 14:00:00+00:00,13.39,77.72,374.95,254.98,hPa,,
3SIMG_12SEP2026_1400_L2B_CTP_V01R00,3SIMG_L2B_CTP,weather,2026-09-12 14:00:00+00:00,13.39,78.04,374.96,255.4,hPa,,
3SIMG_12SEP2026_1400_L2B_CTP_V01R00,3SIMG_L2B_CTP,weather,2026-09-12 14:00:00+00:00,13.39,78.39,399.95,258.04,hPa,,
3SIMG_12SEP2026_1400_L2B_CTP_V01R00,3SIMG_L2B_CTP,weather,2026-09-12 14:00:00+00:00,13.39,78.72,299.91,240.83,hPa,,
3SIMG_12SEP2026_1400_L2B_CTP_V01R00,3SIMG_L2B_CTP,weather,2026-09-12 14:00:00+00:00,13.39,79.06,524.94,268.88,hPa,,
3SIMG_12SEP2026_1400_L2B_CTP_V01R00,3SIMG_L2B_CTP,weather,2026-09-12 14:00:00+00:00,13.39,79.4,574.94,272.83,hPa,,
3SIMG_12SEP2026_1400_L2B_CTP_V01R00,3SIMG_L2B_CTP,weather,2026-09-12 14:00:00+00:00,13.39,79.72,474.95,265.48,hPa,,
3SIMG_12SEP2026_1400_L2B_CTP_V01R00,3SIMG_L2B_CTP,weather,2026-09-12 14:00:00+00:00,13.39,80.07,499.93,266.75,hPa,,
3SIMG_12SEP2026_1400_L2B_CTP_V01R00,3SIMG_L2B_CTP,weather,2026-09-12 14:00:00+00:00,13.45,94.27,774.96,286.21,hPa,,
3SIMG_12SEP2026_1400_L2B_CTP_V01R00,3SIMG_L2B_CTP,weather,2026-09-12 14:00:00+00:00,13.06,75.03,549.97,272.83,hPa,,
3SIMG_12SEP2026_1400_L2B_CTP_V01R00,3SIMG_L2B_CTP,weather,2026-09-12 14:00:00+00:00,13.06,75.36,574.95,274.33,hPa,,
3SIMG_12SEP2026_1400_L2B_CTP_V01R00,3SIMG_L2B_CTP,weather,2026-09-12 14:00:00+00:00,13.06,75.71,574.95,274.0,hPa,,
3SIMG_12SEP2026_1400_L2B_CTP_V01R00,3SIMG_L2B_CTP,weather,2026-09-12 14:00:00+00:00,13.06,76.04,624.95,277.1,hPa,,
3SIMG_12SEP2026_1400_L2B_CTP_V01R00,3SIMG_L2B_CTP,weather,2026-09-12 14:00:00+00:00,13.06,76.38,499.95,267.46,hPa,,
3SIMG_12SEP2026_1400_L2B_CTP_V01R00,3SIMG_L2B_CTP,weather,2026-09-12 14:00:00+00:00,13.06,76.72,374.94,254.78,hPa,,
3SIMG_12SEP2026_1400_L2B_CTP_V01R00,3SIMG_L2B_CTP,weather,2026-09-12 14:00:00+00:00,13.05,77.04,324.95,246.88,hPa,,
3SIMG_12SEP2026_1400_L2B_CTP_V01R00,3SIMG_L2B_CTP,weather,2026-09-12 14:00:00+00:00,13.05,77.39,299.94,241.84,hPa,,
3SIMG_12SEP2026_1400_L2B_CTP_V01R00,3SIMG_L2B_CTP,weather,2026-09-12 14:00:00+00:00,13.05,77.72,199.87,215.15,hPa,,
3SIMG_12SEP2026_1400_L2B_CTP_V01R00,3SIMG_L2B_CTP,weather,2026-09-12 14:00:00+00:00,13.05,78.06,199.81,211.49,hPa,,
3SIMG_12SEP2026_1400_L2B_CTP_V01R00,3SIMG_L2B_CTP,weather,2026-09-12 14:00:00+00:00,13.05,78.4,174.79,204.19,hPa,,
3SIMG_12SEP2026_1400_L2B_CTP_V01R00,3SIMG_L2B_CTP,weather,2026-09-12 14:00:00+00:00,13.05,78.72,174.76,202.68,hPa,,
3SIMG_12SEP2026_1400_L2B_CTP_V01R00,3SIMG_L2B_CTP,weather,2026-09-12 14:00:00+00:00,13.05,79.07,524.95,269.58,hPa,,
3SIMG_12SEP2026_1400_L2B_CTP_V01R00,3SIMG_L2B_CTP,weather,2026-09-12 14:00:00+00:00,13.05,79.4,549.97,272.66,hPa,,
3SIMG_12SEP2026_1400_L2B_CTP_V01R00,3SIMG_L2B_CTP,weather,2026-09-12 14:00:00+00:00,13.05,79.72,574.95,273.5,hPa,,
3SIMG_12SEP2026_1400_L2B_CTP_V01R00,3SIMG_L2B_CTP,weather,2026-09-12 14:00:00+00:00,13.05,80.07,374.96,254.78,hPa,,
3SIMG_12SEP2026_1400_L2B_CTP_V01R00,3SIMG_L2B_CTP,weather,2026-09-12 14:00:00+00:00,13.09,92.87,774.97,286.58,hPa,,
3SIMG_12SEP2026_1400_L2B_CTP_V01R00,3SIMG_L2B_CTP,weather,2026-09-12 14:00:00+00:00,12.72,75.04,424.92,259.23,hPa,,
3SIMG_12SEP2026_1400_L2B_CTP_V01R00,3SIMG_L2B_CTP,weather,2026-09-12 14:00:00+00:00,12.72,75.38,499.94,267.11,hPa,,
3SIMG_12SEP2026_1400_L2B_CTP_V01R00,3SIMG_L2B_CTP,weather,2026-09-12 14:00:00+00:00,12.72,75.72,524.95,270.1,hPa,,
3SIMG_12SEP2026_1400_L2B_CTP_V01R00,3SIMG_L2B_CTP,weather,2026-09-12 14:00:00+00:00,12.72,76.04,474.97,265.84,hPa,,
3SIMG_12SEP2026_1400_L2B_CTP_V01R00,3SIMG_L2B_CTP,weather,2026-09-12 14:00:00+00:00,12.72,76.39,399.97,258.63,hPa,,
3SIMG_12SEP2026_1400_L2B_CTP_V01R00,3SIMG_L2B_CTP,weather,2026-09-12 14:00:00+00:00,12.72,76.72,349.96,251.59,hPa,,
3SIMG_12SEP2026_1400_L2B_CTP_V01R00,3SIMG_L2B_CTP,weather,2026-09-12 14:00:00+00:00,12.71,77.06,324.9,243.8,hPa,,
3SIMG_12SEP2026_1400_L2B_CTP_V01R00,3SIMG_L2B_CTP,weather,2026-09-12 14:00:00+00:00,12.71,77.4,249.87,227.69,hPa,,
3SIMG_12SEP2026_1400_L2B_CTP_V01R00,3SIMG_L2B_CTP,weather,2026-09-12 14:00:00+00:00,12.71,77.72,199.86,214.76,hPa,,
3SIMG_12SEP2026_1400_L2B_CTP_V01R00,3SIMG_L2B_CTP,weather,2026-09-12 14:00:00+00:00,12.71,78.07,174.88,208.88,hPa,,
3SIMG_12SEP2026_1400_L2B_CTP_V01R00,3SIMG_L2B_CTP,weather,2026-09-12 14:00:00+00:00,12.71,78.4,174.8,204.68,hPa,,
3SIMG_12SEP2026_1400_L2B_CTP_V01R00,3SIMG_L2B_CTP,weather,2026-09-12 14:00:00+00:00,12.71,78.74,249.94,231.9,hPa,,
3SIMG_12SEP2026_1400_L2B_CTP_V01R00,3SIMG_L2B_CTP,weather,2026-09-12 14:00:00+00:00,12.71,79.07,624.96,276.78,hPa,,
3SIMG_12SEP2026_1400_L2B_CTP_V01R00,3SIMG_L2B_CTP,weather,2026-09-12 14:00:00+00:00,12.71,79.4,574.95,272.83,hPa,,
3SIMG_12SEP2026_1400_L2B_CTP_V01R00,3SIMG_L2B_CTP,weather,2026-09-12 14:00:00+00:00,12.71,79.74,499.93,266.75,hPa,,
3SIMG_12SEP2026_1400_L2B_CTP_V01R00,3SIMG_L2B_CTP,weather,2026-09-12 14:00:00+00:00,12.71,80.07,349.94,249.83,hPa,,
3SIMG_12SEP2026_1400_L2B_CTP_V01R00,3SIMG_L2B_CTP,weather,2026-09-12 14:00:00+00:00,12.75,92.85,699.96,281.95,hPa,,
3SIMG_12SEP2026_1400_L2B_CTP_V01R00,3SIMG_L2B_CTP,weather,2026-09-12 14:00:00+00:00,12.38,75.39,624.95,277.1,hPa,,
3SIMG_12SEP2026_1400_L2B_CTP_V01R00,3SIMG_L2B_CTP,weather,2026-09-12 14:00:00+00:00,12.38,75.72,599.96,276.05,hPa,,
3SIMG_12SEP2026_1400_L2B_CTP_V01R00,3SIMG_L2B_CTP,weather,2026-09-12 14:00:00+00:00,12.38,76.06,499.95,267.46,hPa,,
3SIMG_12SEP2026_1400_L2B_CTP_V01R00,3SIMG_L2B_CTP,weather,2026-09-12 14:00:00+00:00,12.38,76.4,524.95,269.93,hPa,,
3SIMG_12SEP2026_1400_L2B_CTP_V01R00,3SIMG_L2B_CTP,weather,2026-09-12 14:00:00+00:00,12.38,76.72,449.95,263.07,hPa,,
3SIMG_12SEP2026_1400_L2B_CTP_V01R00,3SIMG_L2B_CTP,weather,2026-09-12 14:00:00+00:00,12.38,77.07,449.94,262.51,hPa,,
3SIMG_12SEP2026_1400_L2B_CTP_V01R00,3SIMG_L2B_CTP,weather,2026-09-12 14:00:00+00:00,12.37,77.4,224.91,224.48,hPa,,
3SIMG_12SEP2026_1400_L2B_CTP_V01R00,3SIMG_L2B_CTP,weather,2026-09-12 14:00:00+00:00,12.37,77.74,224.86,221.43,hPa,,
3SIMG_12SEP2026_1400_L2B_CTP_V01R00,3SIMG_L2B_CTP,weather,2026-09-12 14:00:00+00:00,12.37,78.07,274.94,236.66,hPa,,
3SIMG_12SEP2026_1400_L2B_CTP_V01R00,3SIMG_L2B_CTP,weather,2026-09-12 14:00:00+00:00,12.37,78.41,324.89,243.31,hPa,,
3SIMG_12SEP2026_1400_L2B_CTP_V01R00,3SIMG_L2B_CTP,weather,2026-09-12 14:00:00+00:00,12.37,78.74,574.95,273.58,hPa,,
3SIMG_12SEP2026_1400_L2B_CTP_V01R00,3SIMG_L2B_CTP,weather,2026-09-12 14:00:00+00:00,12.37,79.07,724.97,283.77,hPa,,
3SIMG_12SEP2026_1400_L2B_CTP_V01R00,3SIMG_L2B_CTP,weather,2026-09-12 14:00:00+00:00,12.37,79.41,599.96,275.15,hPa,,
3SIMG_12SEP2026_1400_L2B_CTP_V01R00,3SIMG_L2B_CTP,weather,2026-09-12 14:00:00+00:00,12.37,79.74,374.91,252.45,hPa,,
3SIMG_12SEP2026_1400_L2B_CTP_V01R00,3SIMG_L2B_CTP,weather,2026-09-12 14:00:00+00:00,12.37,80.08,374.91,252.02,hPa,,
3SIMG_12SEP2026_1400_L2B_CTP_V01R00,3SIMG_L2B_CTP,weather,2026-09-12 14:00:00+00:00,12.04,75.4,574.97,274.74,hPa,,
3SIMG_12SEP2026_1400_L2B_CTP_V01R00,3SIMG_L2B_CTP,weather,2026-09-12 14:00:00+00:00,12.04,75.74,524.96,270.1,hPa,,
3SIMG_12SEP2026_1400_L2B_CTP_V01R00,3SIMG_L2B_CTP,weather,2026-09-12 14:00:00+00:00,12.04,76.07,549.97,272.66,hPa,,
3SIMG_12SEP2026_1400_L2B_CTP_V01R00,3SIMG_L2B_CTP,weather,2026-09-12 14:00:00+00:00,12.04,76.41,599.95,274.58,hPa,,
3SIMG_12SEP2026_1400_L2B_CTP_V01R00,3SIMG_L2B_CTP,weather,2026-09-12 14:00:00+00:00,12.04,76.74,374.93,253.73,hPa,,
3SIMG_12SEP2026_1400_L2B_CTP_V01R00,3SIMG_L2B_CTP,weather,2026-09-12 14:00:00+00:00,12.04,77.08,324.94,245.95,hPa,,
3SIMG_12SEP2026_1400_L2B_CTP_V01R00,3SIMG_L2B_CTP,weather,2026-09-12 14:00:00+00:00,12.04,77.41,374.92,253.3,hPa,,
3SIMG_12SEP2026_1400_L2B_CTP_V01R00,3SIMG_L2B_CTP,weather,2026-09-12 14:00:00+00:00,12.03,77.74,499.96,266.93,hPa,,
3SIMG_12SEP2026_1400_L2B_CTP_V01R00,3SIMG_L2B_CTP,weather,2026-09-12 14:00:00+00:00,12.03,78.08,549.93,270.96,hPa,,
3SIMG_12SEP2026_1400_L2B_CTP_V01R00,3SIMG_L2B_CTP,weather,2026-09-12 14:00:00+00:00,12.03,78.41,524.94,269.05,hPa,,
3SIMG_12SEP2026_1400_L2B_CTP_V01R00,3SIMG_L2B_CTP,weather,2026-09-12 14:00:00+00:00,12.03,78.75,524.98,270.27,hPa,,
3SIMG_12SEP2026_1400_L2B_CTP_V01R00,3SIMG_L2B_CTP,weather,2026-09-12 14:00:00+00:00,12.03,79.08,574.96,273.33,hPa,,
3SIMG_12SEP2026_1400_L2B_CTP_V01R00,3SIMG_L2B_CTP,weather,2026-09-12 14:00:00+00:00,12.03,79.41,374.94,253.73,hPa,,
3SIMG_12SEP2026_1400_L2B_CTP_V01R00,3SIMG_L2B_CTP,weather,2026-09-12 14:00:00+00:00,12.03,79.75,424.93,259.62,hPa,,
3SIMG_12SEP2026_1400_L2B_CTP_V01R00,3SIMG_L2B_CTP,weather,2026-09-12 14:00:00+00:00,11.7,75.74,624.98,278.37,hPa,,
3SIMG_12SEP2026_1400_L2B_CTP_V01R00,3SIMG_L2B_CTP,weather,2026-09-12 14:00:00+00:00,11.7,76.08,524.97,270.96,hPa,,
3SIMG_12SEP2026_1400_L2B_CTP_V01R00,3SIMG_L2B_CTP,weather,2026-09-12 14:00:00+00:00,11.7,76.41,399.95,257.64,hPa,,
3SIMG_12SEP2026_1400_L2B_CTP_V01R00,3SIMG_L2B_CTP,weather,2026-09-12 14:00:00+00:00,11.7,76.75,324.9,244.04,hPa,,
3SIMG_12SEP2026_1400_L2B_CTP_V01R00,3SIMG_L2B_CTP,weather,2026-09-12 14:00:00+00:00,11.7,77.08,299.91,240.07,hPa,,
3SIMG_12SEP2026_1400_L2B_CTP_V01R00,3SIMG_L2B_CTP,weather,2026-09-12 14:00:00+00:00,11.7,77.42,374.9,251.8,hPa,,
3SIMG_12SEP2026_1400_L2B_CTP_V01R00,3SIMG_L2B_CTP,weather,2026-09-12 14:00:00+00:00,11.7,77.75,299.89,238.78,hPa,,
3SIMG_12SEP2026_1400_L2B_CTP_V01R00,3SIMG_L2B_CTP,weather,2026-09-12 14:00:00+00:00,11.7,78.08,324.88,242.58,hPa,,
3SIMG_12SEP2026_1400_L2B_CTP_V01R00,3SIMG_L2B_CTP,weather,2026-09-12 14:00:00+00:00,11.7,78.42,449.94,262.7,hPa,,
3SIMG_12SEP2026_1400_L2B_CTP_V01R00,3SIMG_L2B_CTP,weather,2026-09-12 14:00:00+00:00,11.69,78.75,574.96,274.33,hPa,,
3SIMG_12SEP2026_1400_L2B_CTP_V01R00,3SIMG_L2B_CTP,weather,2026-09-12 14:00:00+00:00,11.69,79.08,574.95,274.0,hPa,,
3SIMG_12SEP2026_1400_L2B_CTP_V01R00,3SIMG_L2B_CTP,weather,2026-09-12 14:00:00+00:00,11.69,79.42,474.93,264.38,hPa,,
3SIMG_12SEP2026_1400_L2B_CTP_V01R00,3SIMG_L2B_CTP,weather,2026-09-12 14:00:00+00:00,11.69,79.75,574.95,273.5,hPa,,
3SIMG_12SEP2026_1400_L2B_CTP_V01R00,3SIMG_L2B_CTP,weather,2026-09-12 14:00:00+00:00,11.37,75.75,524.95,269.75,hPa,,
3SIMG_12SEP2026_1400_L2B_CTP_V01R00,3SIMG_L2B_CTP,weather,2026-09-12 14:00:00+00:00,11.37,76.09,374.93,253.3,hPa,,
3SIMG_12SEP2026_1400_L2B_CTP_V01R00,3SIMG_L2B_CTP,weather,2026-09-12 14:00:00+00:00,11.36,76.42,299.9,239.3,hPa,,
3SIMG_12SEP2026_1400_L2B_CTP_V01R00,3SIMG_L2B_CTP,weather,2026-09-12 14:00:00+00:00,11.36,76.75,249.87,227.38,hPa,,
3SIMG_12SEP2026_1400_L2B_CTP_V01R00,3SIMG_L2B_CTP,weather,2026-09-12 14:00:00+00:00,11.36,77.09,249.94,231.03,hPa,,
3SIMG_12SEP2026_1400_L2B_CTP_V01R00,3SIMG_L2B_CTP,weather,2026-09-12 14:00:00+00:00,11.36,77.42,274.87,232.48,hPa,,
3SIMG_12SEP2026_1400_L2B_CTP_V01R00,3SIMG_L2B_CTP,weather,2026-09-12 14:00:00+00:00,11.36,77.75,274.92,235.57,hPa,,
3SIMG_12SEP2026_1400_L2B_CTP_V01R00,3SIMG_L2B_CTP,weather,2026-09-12 14:00:00+00:00,11.36,78.09,199.92,217.83,hPa,,
3SIMG_12SEP2026_1400_L2B_CTP_V01R00,3SIMG_L2B_CTP,weather,2026-09-12 14:00:00+00:00,11.36,78.42,199.93,218.57,hPa,,
3SIMG_12SEP2026_1400_L2B_CTP_V01R00,3SIMG_L2B_CTP,weather,2026-09-12 14:00:00+00:00,11.36,78.75,424.94,259.62,hPa,,
3SIMG_12SEP2026_1400_L2B_CTP_V01R00,3SIMG_L2B_CTP,weather,2026-09-12 14:00:00+00:00,11.36,79.09,574.94,273.66,hPa,,
3SIMG_12SEP2026_1400_L2B_CTP_V01R00,3SIMG_L2B_CTP,weather,2026-09-12 14:00:00+00:00,11.36,79.42,574.95,273.5,hPa,,
3SIMG_12SEP2026_1400_L2B_CTP_V01R00,3SIMG_L2B_CTP,weather,2026-09-12 14:00:00+00:00,11.36,79.75,724.95,282.71,hPa,,
3SIMG_12SEP2026_1400_L2B_CTP_V01R00,3SIMG_L2B_CTP,weather,2026-09-12 14:00:00+00:00,11.03,76.1,449.92,261.56,hPa,,
3SIMG_12SEP2026_1400_L2B_CTP_V01R00,3SIMG_L2B_CTP,weather,2026-09-12 14:00:00+00:00,11.03,76.43,349.9,248.25,hPa,,
3SIMG_12SEP2026_1400_L2B_CTP_V01R00,3SIMG_L2B_CTP,weather,2026-09-12 14:00:00+00:00,11.03,76.75,299.95,241.84,hPa,,
3SIMG_12SEP2026_1400_L2B_CTP_V01R00,3SIMG_L2B_CTP,weather,2026-09-12 14:00:00+00:00,11.03,77.1,299.92,240.33,hPa,,
3SIMG_12SEP2026_1400_L2B_CTP_V01R00,3SIMG_L2B_CTP,weather,2026-09-12 14:00:00+00:00,11.02,77.43,249.95,231.9,hPa,,
3SIMG_12SEP2026_1400_L2B_CTP_V01R00,3SIMG_L2B_CTP,weather,2026-09-12 14:00:00+00:00,11.02,77.75,174.87,208.43,hPa,,
3SIMG_12SEP2026_1400_L2B_CTP_V01R00,3SIMG_L2B_CTP,weather,2026-09-12 14:00:00+00:00,11.02,78.09,149.84,201.12,hPa,,
3SIMG_12SEP2026_1400_L2B_CTP_V01R00,3SIMG_L2B_CTP,weather,2026-09-12 14:00:00+00:00,11.02,78.43,149.84,201.12,hPa,,
3SIMG_12SEP2026_1400_L2B_CTP_V01R00,3SIMG_L2B_CTP,weather,2026-09-12 14:00:00+00:00,11.02,78.75,499.96,268.0,hPa,,
3SIMG_12SEP2026_1400_L2B_CTP_V01R00,3SIMG_L2B_CTP,weather,2026-09-12 14:00:00+00:00,11.02,79.09,700.0,282.92,hPa,,
3SIMG_12SEP2026_1400_L2B_CTP_V01R00,3SIMG_L2B_CTP,weather,2026-09-12 14:00:00+00:00,11.02,79.42,724.95,282.86,hPa,,
3SIMG_12SEP2026_1400_L2B_CTP_V01R00,3SIMG_L2B_CTP,weather,2026-09-12 14:00:00+00:00,11.02,79.75,649.96,278.85,hPa,,
3SIMG_12SEP2026_1400_L2B_CTP_V01R00,3SIMG_L2B_CTP,weather,2026-09-12 14:00:00+00:00,10.69,76.1,674.96,280.64,hPa,,
3SIMG_12SEP2026_1400_L2B_CTP_V01R00,3SIMG_L2B_CTP,weather,2026-09-12 14:00:00+00:00,10.69,76.43,549.97,272.32,hPa,,
3SIMG_12SEP2026_1400_L2B_CTP_V01R00,3SIMG_L2B_CTP,weather,2026-09-12 14:00:00+00:00,10.69,76.77,374.96,254.36,hPa,,
3SIMG_12SEP2026_1400_L2B_CTP_V01R00,3SIMG_L2B_CTP,weather,2026-09-12 14:00:00+00:00,10.69,77.1,249.85,226.75,hPa,,
3SIMG_12SEP2026_1400_L2B_CTP_V01R00,3SIMG_L2B_CTP,weather,2026-09-12 14:00:00+00:00,10.69,77.43,199.87,215.54,hPa,,
3SIMG_12SEP2026_1400_L2B_CTP_V01R00,3SIMG_L2B_CTP,weather,2026-09-12 14:00:00+00:00,10.69,77.77,199.87,215.15,hPa,,
3SIMG_12SEP2026_1400_L2B_CTP_V01R00,3SIMG_L2B_CTP,weather,2026-09-12 14:00:00+00:00,10.69,78.1,199.79,211.06,hPa,,
3SIMG_12SEP2026_1400_L2B_CTP_V01R00,3SIMG_L2B_CTP,weather,2026-09-12 14:00:00+00:00,10.69,78.43,549.95,271.3,hPa,,
3SIMG_12SEP2026_1400_L2B_CTP_V01R00,3SIMG_L2B_CTP,weather,2026-09-12 14:00:00+00:00,10.69,78.75,674.97,280.57,hPa,,
3SIMG_12SEP2026_1400_L2B_CTP_V01R00,3SIMG_L2B_CTP,weather,2026-09-12 14:00:00+00:00,10.68,79.09,749.98,285.55,hPa,,
3SIMG_12SEP2026_1400_L2B_CTP_V01R00,3SIMG_L2B_CTP,weather,2026-09-12 14:00:00+00:00,10.68,79.43,749.96,285.4,hPa,,
3SIMG_12SEP2026_1400_L2B_CTP_V01R00,3SIMG_L2B_CTP,weather,2026-09-12 14:00:00+00:00,10.68,79.75,649.98,279.94,hPa,,
3SIMG_12SEP2026_1400_L2B_CTP_V01R00,3SIMG_L2B_CTP,weather,2026-09-12 14:00:00+00:00,10.36,76.11,699.97,282.56,hPa,,
3SIMG_12SEP2026_1400_L2B_CTP_V01R00,3SIMG_L2B_CTP,weather,2026-09-12 14:00:00+00:00,10.36,76.43,649.96,278.13,hPa,,
3SIMG_12SEP2026_1400_L2B_CTP_V01R00,3SIMG_L2B_CTP,weather,2026-09-12 14:00:00+00:00,10.36,76.78,349.95,250.49,hPa,,
3SIMG_12SEP2026_1400_L2B_CTP_V01R00,3SIMG_L2B_CTP,weather,2026-09-12 14:00:00+00:00,10.35,77.11,224.91,224.15,hPa,,
3SIMG_12SEP2026_1400_L2B_CTP_V01R00,3SIMG_L2B_CTP,weather,2026-09-12 14:00:00+00:00,10.35,77.43,199.89,216.32,hPa,,
3SIMG_12SEP2026_1400_L2B_CTP_V01R00,3SIMG_L2B_CTP,weather,2026-09-12 14:00:00+00:00,10.35,77.77,224.84,220.02,hPa,,
3SIMG_12SEP2026_1400_L2B_CTP_V01R00,3SIMG_L2B_CTP,weather,2026-09-12 14:00:00+00:00,10.35,78.1,424.94,259.82,hPa,,
3SIMG_12SEP2026_1400_L2B_CTP_V01R00,3SIMG_L2B_CTP,weather,2026-09-12 14:00:00+00:00,10.35,78.43,599.98,275.97,hPa,,
3SIMG_12SEP2026_1400_L2B_CTP_V01R00,3SIMG_L2B_CTP,weather,2026-09-12 14:00:00+00:00,10.35,78.77,724.96,283.16,hPa,,
3SIMG_12SEP2026_1400_L2B_CTP_V01R00,3SIMG_L2B_CTP,weather,2026-09-12 14:00:00+00:00,10.35,79.1,725.0,285.1,hPa,,
3SIMG_12SEP2026_1400_L2B_CTP_V01R00,3SIMG_L2B_CTP,weather,2026-09-12 14:00:00+00:00,10.35,79.43,775.05,291.77,hPa,,
3SIMG_12SEP2026_1400_L2B_CTP_V01R00,3SIMG_L2B_CTP,weather,2026-09-12 14:00:00+00:00,10.35,79.75,749.95,285.11,hPa,,
3SIMG_12SEP2026_1400_L2B_CTP_V01R00,3SIMG_L2B_CTP,weather,2026-09-12 14:00:00+00:00,10.02,76.45,474.95,264.75,hPa,,
3SIMG_12SEP2026_1400_L2B_CTP_V01R00,3SIMG_L2B_CTP,weather,2026-09-12 14:00:00+00:00,10.02,76.78,199.88,215.54,hPa,,
3SIMG_12SEP2026_1400_L2B_CTP_V01R00,3SIMG_L2B_CTP,weather,2026-09-12 14:00:00+00:00,10.02,77.11,199.85,213.56,hPa,,
3SIMG_12SEP2026_1400_L2B_CTP_V01R00,3SIMG_L2B_CTP,weather,2026-09-12 14:00:00+00:00,10.02,77.45,199.89,217.08,hPa,,
3SIMG_12SEP2026_1400_L2B_CTP_V01R00,3SIMG_L2B_CTP,weather,2026-09-12 14:00:00+00:00,10.02,77.78,349.91,248.25,hPa,,
3SIMG_12SEP2026_1400_L2B_CTP_V01R00,3SIMG_L2B_CTP,weather,2026-09-12 14:00:00+00:00,10.02,78.11,649.95,278.69,hPa,,
3SIMG_12SEP2026_1400_L2B_CTP_V01R00,3SIMG_L2B_CTP,weather,2026-09-12 14:00:00+00:00,10.02,78.43,724.98,283.77,hPa,,
3SIMG_12SEP2026_1400_L2B_CTP_V01R00,3SIMG_L2B_CTP,weather,2026-09-12 14:00:00+00:00,9.69,76.46,374.92,252.02,hPa,,
3SIMG_12SEP2026_1400_L2B_CTP_V01R00,3SIMG_L2B_CTP,weather,2026-09-12 14:00:00+00:00,9.69,76.79,174.91,210.63,hPa,,
3SIMG_12SEP2026_1400_L2B_CTP_V01R00,3SIMG_L2B_CTP,weather,2026-09-12 14:00:00+00:00,9.69,77.11,199.82,212.33,hPa,,
3SIMG_12SEP2026_1400_L2B_CTP_V01R00,3SIMG_L2B_CTP,weather,2026-09-12 14:00:00+00:00,9.67,77.45,199.92,217.46,hPa,,
3SIMG_12SEP2026_1400_L2B_CTP_V01R00,3SIMG_L2B_CTP,weather,2026-09-12 14:00:00+00:00,9.67,77.78,374.92,252.45,hPa,,
3SIMG_12SEP2026_1400_L2B_CTP_V01R00,3SIMG_L2B_CTP,weather,2026-09-12 14:00:00+00:00,9.67,78.11,649.98,279.94,hPa,,
3SIMG_12SEP2026_1400_L2B_CTP_V01R00,3SIMG_L2B_CTP,weather,2026-09-12 14:00:00+00:00,9.67,78.43,749.96,284.36,hPa,,
3SIMG_12SEP2026_1400_L2B_CTP_V01R00,3SIMG_L2B_CTP,weather,2026-09-12 14:00:00+00:00,9.34,76.46,675.0,281.56,hPa,,
3SIMG_12SEP2026_1400_L2B_CTP_V01R00,3SIMG_L2B_CTP,weather,2026-09-12 14:00:00+00:00,9.34,76.79,299.89,238.26,hPa,,
3SIMG_12SEP2026_1400_L2B_CTP_V01R00,3SIMG_L2B_CTP,weather,2026-09-12 14:00:00+00:00,9.34,77.13,224.9,223.32,hPa,,
3SIMG_12SEP2026_1400_L2B_CTP_V01R00,3SIMG_L2B_CTP,weather,2026-09-12 14:00:00+00:00,9.34,77.46,524.93,268.17,hPa,,
3SIMG_12SEP2026_1400_L2B_CTP_V01R00,3SIMG_L2B_CTP,weather,2026-09-12 14:00:00+00:00,9.34,77.79,624.96,277.02,hPa,,
3SIMG_12SEP2026_1400_L2B_CTP_V01R00,3SIMG_L2B_CTP,weather,2026-09-12 14:00:00+00:00,9.34,78.11,674.95,280.56,hPa,,
3SIMG_12SEP2026_1400_L2B_CTP_V01R00,3SIMG_L2B_CTP,weather,2026-09-12 14:00:00+00:00,9.34,78.78,774.98,287.59,hPa,,
3SIMG_12SEP2026_1400_L2B_CTP_V01R00,3SIMG_L2B_CTP,weather,2026-09-12 14:00:00+00:00,9.02,76.79,674.97,281.18,hPa,,
3SIMG_12SEP2026_1400_L2B_CTP_V01R00,3SIMG_L2B_CTP,weather,2026-09-12 14:00:00+00:00,9.02,77.13,674.97,280.87,hPa,,
3SIMG_12SEP2026_1400_L2B_CTP_V01R00,3SIMG_L2B_CTP,weather,2026-09-12 14:00:00+00:00,9.02,77.79,674.97,281.18,hPa,,
3SIMG_12SEP2026_1400_L2B_CTP_V01R00,3SIMG_L2B_CTP,weather,2026-09-12 14:00:00+00:00,9.02,78.11,574.96,273.66,hPa,,
3SIMG_12SEP2026_1400_L2B_CTP_V01R00,3SIMG_L2B_CTP,weather,2026-09-12 14:00:00+00:00,8.69,76.81,775.0,287.74,hPa,,
3SIMG_12SEP2026_1400_L2B_CTP_V01R00,3SIMG_L2B_CTP,weather,2026-09-12 14:00:00+00:00,8.69,77.14,599.96,275.48,hPa,,
3SIMG_12SEP2026_1400_L2B_CTP_V01R00,3SIMG_L2B_CTP,weather,2026-09-12 14:00:00+00:00,8.69,77.47,724.98,284.29,hPa,,
3SIMG_12SEP2026_1400_L2B_CTP_V01R00,3SIMG_L2B_CTP,weather,2026-09-12 14:00:00+00:00,8.67,77.79,699.98,283.16,hPa,,
3SIMG_12SEP2026_1400_L2B_CTP_V01R00,3SIMG_L2B_CTP,weather,2026-09-12 14:00:00+00:00,8.67,78.13,649.98,279.71,hPa,,
3SIMG_12SEP2026_1400_L2B_CTP_V01R00,3SIMG_L2B_CTP,weather,2026-09-12 14:00:00+00:00,8.34,77.14,700.0,283.02,hPa,,
3SIMG_12SEP2026_1400_L2B_CTP_V01R00,3SIMG_L2B_CTP,weather,2026-09-12 14:00:00+00:00,8.34,77.47,699.95,281.11,hPa,,
3SIMG_12SEP2026_1400_L2B_CTP_V01R00,3SIMG_L2B_CTP,weather,2026-09-12 14:00:00+00:00,8.34,77.79,774.98,288.03,hPa,,
